Date;Time;CO(GT);PT08.S1(CO);NMHC(GT);C6H6(GT);PT08.S2(NMHC);NOx(GT);PT08.S3(NOx);NO2(GT);PT08.S4(NO2);PT08.S5(O3);T;RH;AH
10/03/2004;00.00.00;2.8;856;229;11.4;383;117;1838;36;551;228;17.4;51.5;0.92
10/03/2004;01.00.00;2.0;647;102;4.8;383;183;1847;130;1050;228;24.1;70.2;1.247
10/03/2004;02.00.00;3.1;880;193;8.7;383;67;2123;200;1524;228;2.2;67.3;0.973
10/03/2004;03.00.00;4.3;1312;103;15.0;397;451;1568;142;1093;518;27.4;55.9;0.884
10/03/2004;04.00.00;1.8;647;369;4.4;383;188;1687;230;2013;228;3.6;38.7;1.13
10/03/2004;05.00.00;1.8;647;155;2.4;383;316;1856;68;741;405;8.2;58.1;1.085
10/03/2004;06.00.00;4.4;1232;264;10.8;383;277;1665;125;854;322;27.1;51.6;0.576
10/03/2004;07.00.00;3.2;991;173;10.2;386;353;1651;136;1095;368;17.4;28.5;1.375
10/03/2004;08.00.00;1.5;647;159;5.8;383;501;1656;87;851;654;14.4;45.5;0.427
10/03/2004;09.00.00;2.9;788;36;8.9;383;349;1775;53;551;578;25.5;58.4;0.476
10/03/2004;10.00.00;1.5;647;274;5.7;383;512;1399;217;1791;652;17.0;74.7;0.59
10/03/2004;11.00.00;1.5;647;341;1.6;383;353;1689;166;1321;487;10.1;36.0;0.991
10/03/2004;12.00.00;2.5;726;130;4.9;383;266;1855;139;1159;331;28.0;63.6;1.627
10/03/2004;13.00.00;0.1;647;71;4.8;383;295;1926;115;1038;468;20.1;38.9;1.515
10/03/2004;14.00.00;0.1;647;294;2.8;383;2;1899;119;999;228;7.8;48.0;0.634
10/03/2004;15.00.00;1.4;647;61;5.9;383;176;1944;143;1047;228;11.8;42.2;0.957
10/03/2004;16.00.00;0.7;647;333;1.0;383;224;1767;182;1407;316;10.0;81.9;0.505
10/03/2004;17.00.00;2.6;660;132;7.8;383;313;1832;79;694;410;8.5;60.0;0.722
10/03/2004;18.00.00;0.9;647;113;2.8;383;242;1723;118;939;258;16.9;62.7;1.772
10/03/2004;19.00.00;0.2;647;241;3.2;383;297;1743;95;718;455;17.4;37.1;0.919
10/03/2004;20.00.00;4.2;1274;119;14.3;383;43;1996;62;551;228;21.4;58.0;1.472
10/03/2004;21.00.00;1.8;647;150;6.9;383;4;2073;83;588;228;22.5;28.7;1.325
10/03/2004;22.00.00;2.2;647;251;6.8;383;64;1993;123;929;228;24.8;9.2;0.728
10/03/2004;23.00.00;0.2;647;7;2.1;383;486;1576;98;825;455;26.2;41.4;0.657
11/03/2004;00.00.00;1.4;647;374;5.0;383;52;1918;114;873;228;21.9;72.1;0.983
11/03/2004;01.00.00;2.3;647;222;7.5;383;125;2042;147;1196;228;20.9;42.0;0.945
11/03/2004;02.00.00;0.5;647;95;0.2;383;262;1812;168;1360;267;25.7;60.3;1.356
11/03/2004;03.00.00;2.7;691;121;8.3;383;2;1959;240;1984;228;21.3;88.7;0.889
11/03/2004;04.00.00;1.3;647;312;2.0;383;112;1953;150;1134;295;10.4;47.5;1.353
11/03/2004;05.00.00;1.7;647;275;5.5;383;349;1770;83;796;228;6.9;79.1;0.733
11/03/2004;06.00.00;1.3;647;349;4.4;383;178;1748;165;1186;228;9.8;13.2;1.011
11/03/2004;07.00.00;4.7;1410;153;10.4;383;503;1636;97;755;646;20.5;39.0;0.603
11/03/2004;08.00.00;2.1;661;246;6.4;383;2;1877;79;601;228;15.6;57.4;0.319
11/03/2004;09.00.00;0.7;647;258;0.1;383;193;1793;142;1079;228;19.8;46.7;0.634
11/03/2004;10.00.00;3.3;1045;284;11.6;383;179;1777;180;1270;228;15.9;58.5;1.202
11/03/2004;11.00.00;0.4;647;325;2.7;383;244;1793;83;768;343;10.6;32.2;1.546
11/03/2004;12.00.00;2.4;681;149;7.0;383;58;1918;128;1091;228;-1.9;84.0;0.943
11/03/2004;13.00.00;0.1;647;207;1.4;383;157;1858;134;1119;252;8.2;75.2;1.184
11/03/2004;14.00.00;0.3;647;160;2.1;383;366;1555;67;551;436;32.0;60.6;0.869
11/03/2004;15.00.00;2.4;730;213;7.3;383;204;1830;44;551;228;25.7;31.9;0.812
11/03/2004;16.00.00;3.2;853;284;13.3;383;82;1846;45;551;228;12.0;49.3;1.444
11/03/2004;17.00.00;2.4;647;60;6.2;383;564;1731;174;1375;671;13.7;67.0;1.52
11/03/2004;18.00.00;2.0;647;323;9.3;383;253;1765;90;789;252;14.0;39.2;1.565
11/03/2004;19.00.00;1.7;647;109;5.1;383;339;1707;82;622;487;26.7;74.9;1.336
11/03/2004;20.00.00;0.1;647;188;0.1;383;362;1765;128;957;511;25.3;56.0;0.873
11/03/2004;21.00.00;1.1;647;336;3.0;383;235;1917;175;1415;262;25.7;46.4;0.764
11/03/2004;22.00.00;1.5;647;249;2.6;383;125;1805;57;551;228;9.9;65.5;0.335
11/03/2004;23.00.00;3.6;1066;250;13.2;453;276;1824;22;551;302;32.3;35.3;1.774
12/03/2004;00.00.00;2.6;881;105;5.2;383;138;1966;183;1581;228;15.7;43.8;0.405
12/03/2004;01.00.00;0.1;647;118;3.1;383;302;1772;137;1068;277;24.7;39.6;1.015
12/03/2004;02.00.00;2.6;694;307;6.5;383;220;1836;61;566;270;20.3;21.6;0.36
12/03/2004;03.00.00;1.6;647;162;6.8;383;403;1636;91;747;460;4.3;13.6;1.428
12/03/2004;04.00.00;1.2;647;170;3.9;383;71;1917;64;601;228;13.9;33.8;1.153
12/03/2004;05.00.00;3.0;838;309;10.2;383;355;1706;143;1248;398;17.7;36.6;1.528
12/03/2004;06.00.00;3.6;933;118;10.3;383;339;1693;162;1236;600;11.4;60.2;1.085
12/03/2004;07.00.00;3.5;1011;243;11.8;383;209;1903;145;1319;395;6.2;42.8;1.28
12/03/2004;08.00.00;1.0;647;222;3.4;383;357;1644;120;982;371;14.3;59.8;1.141
12/03/2004;09.00.00;1.7;647;217;2.6;383;310;1820;131;957;366;28.5;21.4;1.508
12/03/2004;10.00.00;2.6;660;168;6.4;383;348;1827;77;551;293;22.4;54.7;1.141
12/03/2004;11.00.00;3.5;1123;162;10.2;383;338;1758;91;851;372;13.6;24.2;1.396
12/03/2004;12.00.00;1.5;647;115;3.2;383;253;1653;113;1011;334;19.8;40.7;1.808
12/03/2004;13.00.00;1.9;647;263;8.6;383;154;1925;99;885;228;7.1;65.3;0.678
12/03/2004;14.00.00;0.6;647;154;1.9;383;153;1826;113;860;228;17.8;43.3;0.707
12/03/2004;15.00.00;0.5;647;310;0.1;383;213;1787;35;551;249;2.4;31.0;1.498
12/03/2004;16.00.00;3.3;942;196;9.5;387;375;1728;155;1116;490;8.5;70.2;1.099
12/03/2004;17.00.00;4.0;1157;117;11.9;383;342;1814;61;551;401;24.3;64.2;1.109
12/03/2004;18.00.00;2.0;647;195;6.0;383;399;1547;11;551;587;13.1;73.7;1.264
12/03/2004;19.00.00;3.6;1064;178;9.2;383;415;1672;78;749;491;14.3;27.8;1.096
12/03/2004;20.00.00;2.7;745;313;6.9;383;212;1989;102;799;228;17.1;18.6;0.365
12/03/2004;21.00.00;1.2;647;182;5.5;383;546;1475;209;1652;527;30.2;74.7;1.103
12/03/2004;22.00.00;2.7;694;191;8.9;383;230;1799;89;739;246;-1.9;27.0;0.563
12/03/2004;23.00.00;4.3;1046;352;13.5;383;170;1814;123;1052;228;10.4;48.9;1.217
13/03/2004;00.00.00;2.1;750;266;6.7;383;296;1818;128;1151;228;36.9;47.0;1.187
13/03/2004;01.00.00;4.3;1284;375;13.8;383;320;1643;40;551;349;27.1;37.8;1.129
13/03/2004;02.00.00;0.1;647;337;0.1;383;132;1768;107;849;228;22.0;28.1;0.951
13/03/2004;03.00.00;3.3;901;133;11.6;383;221;1889;100;813;228;19.9;42.8;1.839
13/03/2004;04.00.00;2.3;647;312;8.2;383;177;1877;117;914;239;15.8;64.8;1.899
13/03/2004;05.00.00;1.7;647;362;2.4;383;267;1690;133;1016;436;6.8;39.3;0.284
13/03/2004;06.00.00;2.3;647;363;7.0;383;367;1700;153;1210;471;14.4;28.1;0.81
13/03/2004;07.00.00;0.1;647;311;0.1;383;205;1733;71;551;228;16.8;50.5;1.688
13/03/2004;08.00.00;1.8;647;309;7.2;383;333;1806;136;1041;398;26.9;14.7;1.405
13/03/2004;09.00.00;2.6;808;189;10.0;383;33;1995;78;551;228;20.6;54.1;0.893
13/03/2004;10.00.00;4.2;1173;138;12.3;383;382;1637;69;555;498;18.3;59.4;1.486
13/03/2004;11.00.00;1.4;647;184;4.3;383;176;1812;197;1545;228;12.5;41.2;0.69
13/03/2004;12.00.00;1.0;647;59;0.1;383;173;1824;25;551;228;14.0;62.8;0.717
13/03/2004;13.00.00;1.4;647;345;6.6;383;307;1668;88;706;375;3.8;47.7;1.006
13/03/2004;14.00.00;3.4;967;191;12.4;383;315;1854;123;791;352;19.6;44.4;1.199
13/03/2004;15.00.00;2.6;845;340;10.7;383;228;1909;84;648;228;7.8;31.4;1.179
13/03/2004;16.00.00;1.4;647;101;7.5;383;110;1879;120;977;228;15.0;65.2;1.109
13/03/2004;17.00.00;2.9;739;320;6.7;383;172;1836;48;551;277;26.0;40.9;1.064
13/03/2004;18.00.00;2.3;647;170;9.1;383;260;1701;24;551;394;19.9;44.6;0.931
13/03/2004;19.00.00;3.5;951;95;14.2;383;320;1730;71;669;400;20.4;60.5;0.843
13/03/2004;20.00.00;1.2;647;372;0.7;383;120;1943;120;847;228;27.6;34.6;1.001
13/03/2004;21.00.00;1.7;647;323;5.1;383;148;1976;104;921;314;23.2;36.1;1.133
13/03/2004;22.00.00;1.6;647;238;4.4;383;286;1699;143;1172;307;16.7;49.2;0.681
13/03/2004;23.00.00;0.1;647;221;2.0;383;233;1678;44;551;228;1.8;21.7;0.454
14/03/2004;00.00.00;2.6;736;259;3.4;383;268;1704;85;691;380;14.4;55.4;1.036
14/03/2004;01.00.00;2.5;766;236;11.7;383;2;2042;109;1126;228;17.1;48.4;1.071
14/03/2004;02.00.00;2.2;647;142;6.7;383;200;1835;66;551;228;17.8;20.6;0.861
14/03/2004;03.00.00;1.8;647;178;7.7;383;376;1778;119;963;569;4.9;12.3;0.786
14/03/2004;04.00.00;0.2;647;404;0.4;383;151;1881;99;864;228;19.3;39.6;1.068
14/03/2004;05.00.00;1.6;647;471;6.0;383;320;1872;136;1073;402;23.7;42.1;0.981
14/03/2004;06.00.00;1.7;647;366;0.7;383;61;1824;126;951;228;14.8;70.2;0.974
14/03/2004;07.00.00;1.0;647;263;2.5;383;6;1795;24;551;228;21.4;84.8;1.786
14/03/2004;08.00.00;1.9;647;185;7.9;383;309;1860;183;1354;287;12.4;34.6;0.268
14/03/2004;09.00.00;2.7;752;142;9.3;383;237;1746;8;551;367;19.7;34.5;0.488
14/03/2004;10.00.00;4.8;1362;148;12.1;383;194;1855;38;551;228;32.8;73.3;0.933
14/03/2004;11.00.00;2.4;713;165;7.8;383;375;1710;109;808;375;14.5;55.4;1.284
14/03/2004;12.00.00;2.5;647;422;6.4;383;198;1867;127;912;341;8.6;88.7;0.721
14/03/2004;13.00.00;2.0;687;389;4.7;383;149;1842;99;785;360;23.7;45.4;0.525
14/03/2004;14.00.00;0.1;647;288;0.1;383;132;1817;86;725;228;15.6;65.7;0.93
14/03/2004;15.00.00;2.1;647;126;8.0;383;100;1837;109;956;243;11.5;88.7;0.928
14/03/2004;16.00.00;2.2;647;302;9.4;383;317;1794;138;1044;484;11.8;28.1;0.313
14/03/2004;17.00.00;5.6;1600;195;22.2;588;198;1903;57;551;270;19.7;32.6;1.169
14/03/2004;18.00.00;1.9;652;13;3.1;383;420;1643;59;598;466;18.1;56.1;0.939
14/03/2004;19.00.00;2.6;647;245;9.8;383;2;1950;71;551;228;28.0;48.2;1.204
14/03/2004;20.00.00;2.1;647;138;8.4;383;387;1735;176;1384;449;21.1;51.7;1.179
14/03/2004;21.00.00;0.5;647;141;0.5;383;301;1640;130;1144;398;25.5;36.0;0.18
14/03/2004;22.00.00;3.7;1052;194;10.2;383;232;1970;140;992;228;17.9;48.5;0.986
14/03/2004;23.00.00;3.2;918;170;8.1;383;48;1997;189;1418;228;21.7;42.8;0.956
15/03/2004;00.00.00;3.3;1039;214;9.4;383;2;1985;150;1317;228;17.4;58.2;0.814
15/03/2004;01.00.00;0.9;647;210;3.2;383;360;1777;120;915;443;32.2;64.9;1.112
15/03/2004;02.00.00;4.1;1235;39;15.9;407;283;1824;187;1459;314;21.5;23.4;0.865
15/03/2004;03.00.00;0.2;647;362;2.8;383;280;1794;66;551;295;6.2;70.5;0.718
15/03/2004;04.00.00;3.0;797;124;6.3;383;230;1664;100;776;276;16.3;49.5;0.902
15/03/2004;05.00.00;5.2;1347;127;15.1;428;376;1732;168;1311;389;19.6;65.1;0.67
15/03/2004;06.00.00;0.8;647;186;5.0;383;156;1991;7;551;228;17.7;46.0;1.038
15/03/2004;07.00.00;1.4;647;207;2.9;383;194;1799;74;698;228;24.5;67.5;0.777
15/03/2004;08.00.00;2.3;744;356;7.2;383;218;1901;150;1142;244;13.9;63.9;0.876
15/03/2004;09.00.00;1.4;647;243;1.2;383;213;1897;118;897;316;18.0;56.0;0.404
15/03/2004;10.00.00;0.1;647;271;2.6;383;450;1663;137;1103;524;25.1;49.8;0.546
15/03/2004;11.00.00;2.2;647;244;3.4;383;54;1970;21;551;228;6.7;57.8;1.145
15/03/2004;12.00.00;0.7;647;239;0.1;383;2;2043;72;557;228;10.2;81.8;1.504
15/03/2004;13.00.00;2.8;804;247;11.1;383;23;2014;144;1081;228;33.3;67.8;1.001
15/03/2004;14.00.00;0.9;647;34;6.6;383;350;1870;69;551;282;15.0;60.2;1.668
15/03/2004;15.00.00;4.3;1174;194;13.2;383;230;1892;152;1159;228;24.7;39.6;1.226
15/03/2004;16.00.00;1.1;647;328;3.3;383;2;2054;126;944;228;26.6;38.4;0.9
15/03/2004;17.00.00;1.7;647;592;7.3;383;261;1875;56;551;228;7.6;36.4;1.611
15/03/2004;18.00.00;3.3;824;103;11.1;390;196;1899;129;1042;228;11.1;28.0;0.68
15/03/2004;19.00.00;0.4;647;258;0.6;383;331;1568;148;1170;447;18.1;63.4;1.145
15/03/2004;20.00.00;2.5;749;163;6.9;383;367;1696;130;1156;469;12.6;51.3;1.081
15/03/2004;21.00.00;4.0;1119;412;9.6;383;631;1445;138;1127;842;21.2;55.0;0.18
15/03/2004;22.00.00;0.1;647;89;0.8;383;65;1974;30;551;228;22.2;21.5;0.889
15/03/2004;23.00.00;2.4;652;277;7.5;383;2;1953;221;1756;228;19.6;36.1;1.695
16/03/2004;00.00.00;2.5;809;84;7.2;383;336;1778;248;1916;357;17.6;46.9;0.806
16/03/2004;01.00.00;3.2;922;187;8.4;383;396;1648;181;1502;619;22.6;28.9;0.793
16/03/2004;02.00.00;0.4;647;214;0.1;383;50;2095;118;858;228;27.5;29.2;1.215
16/03/2004;03.00.00;0.3;647;319;2.2;383;50;2091;93;841;228;28.4;32.7;0.18
16/03/2004;04.00.00;2.9;885;115;11.0;383;298;1645;94;696;588;20.2;57.6;1.312
16/03/2004;05.00.00;2.6;708;281;7.6;383;508;1619;150;1264;643;11.0;9.2;0.84
16/03/2004;06.00.00;2.5;758;219;7.1;383;111;1873;164;1344;276;16.6;46.1;0.579
16/03/2004;07.00.00;2.6;705;243;6.7;383;259;1812;81;576;284;23.4;74.8;1.361
16/03/2004;08.00.00;1.2;647;309;5.7;383;2;2045;111;992;228;26.8;67.1;1.172
16/03/2004;09.00.00;2.5;647;96;8.0;383;215;1725;173;1540;253;26.5;68.1;1.595
16/03/2004;10.00.00;2.6;647;295;8.9;383;228;1739;108;804;319;16.6;43.1;1.15
16/03/2004;11.00.00;1.1;647;163;4.4;383;470;1555;118;894;605;19.8;82.1;1.063
16/03/2004;12.00.00;4.8;1313;322;14.6;419;137;1845;179;1438;228;22.2;39.3;1.093
16/03/2004;13.00.00;2.8;804;249;6.7;383;351;1677;171;1440;302;29.7;56.7;0.944
16/03/2004;14.00.00;0.5;647;198;0.1;383;127;1961;151;1311;228;12.0;58.0;0.617
16/03/2004;15.00.00;3.1;1007;161;12.1;383;259;1809;61;551;404;21.7;30.4;1.268
16/03/2004;16.00.00;0.8;647;296;1.1;383;563;1479;62;551;691;13.9;15.6;0.95
16/03/2004;17.00.00;3.3;894;337;9.6;383;520;1558;77;593;702;27.3;64.0;1.346
16/03/2004;18.00.00;3.8;1023;167;9.8;383;545;1373;87;670;615;17.7;33.3;0.732
16/03/2004;19.00.00;1.0;647;110;0.8;383;306;1916;123;944;340;19.9;47.4;0.663
16/03/2004;20.00.00;3.5;1138;283;9.7;383;213;1830;108;759;228;11.3;55.8;1.04
16/03/2004;21.00.00;2.7;840;80;12.1;383;289;1847;105;911;228;14.6;48.6;1.021
16/03/2004;22.00.00;3.3;1097;93;11.9;383;317;1809;100;813;353;33.9;60.5;1.084
16/03/2004;23.00.00;4.8;1271;117;14.3;383;305;1752;70;689;341;22.9;56.9;0.947
17/03/2004;00.00.00;1.8;647;178;7.9;383;137;1699;90;792;228;19.5;58.2;1.456
17/03/2004;01.00.00;1.1;647;91;3.2;383;131;1850;229;1806;228;29.0;55.3;0.286
17/03/2004;02.00.00;0.9;647;33;5.6;383;154;1904;146;1081;294;30.1;24.3;0.775
17/03/2004;03.00.00;1.0;647;110;7.6;383;409;1677;113;1061;445;17.7;49.5;1.036
17/03/2004;04.00.00;2.0;647;279;8.6;383;426;1742;40;551;578;11.9;57.2;1.036
17/03/2004;05.00.00;2.6;800;97;8.6;383;733;1413;65;551;903;16.8;88.0;0.894
17/03/2004;06.00.00;2.5;809;185;9.5;383;311;1898;110;861;375;15.1;55.9;0.612
17/03/2004;07.00.00;3.3;804;402;10.6;383;125;1814;178;1374;228;18.8;46.0;0.18
17/03/2004;08.00.00;2.2;647;213;3.3;383;172;1903;123;923;228;20.2;60.4;1.318
17/03/2004;09.00.00;4.2;1237;250;12.1;383;221;1740;123;889;228;38.2;37.5;1.068
17/03/2004;10.00.00;1.8;647;128;3.8;383;476;1691;166;1272;542;9.7;73.1;1.365
17/03/2004;11.00.00;6.0;1604;423;17.7;432;358;1653;66;551;446;7.5;47.6;0.194
17/03/2004;12.00.00;3.0;928;166;13.3;383;39;1827;180;1468;228;13.3;45.0;0.604
17/03/2004;13.00.00;0.9;647;196;5.3;383;237;1691;94;714;271;-1.9;24.5;0.922
17/03/2004;14.00.00;0.7;647;343;3.0;383;20;1945;168;1306;228;2.9;41.1;0.394
17/03/2004;15.00.00;2.8;817;200;10.7;383;336;1855;193;1461;402;7.4;47.6;0.851
17/03/2004;16.00.00;1.8;647;222;2.1;383;137;1949;69;569;228;27.1;78.4;1.352
17/03/2004;17.00.00;3.1;944;191;11.5;383;152;1913;113;907;228;7.2;42.2;0.669
17/03/2004;18.00.00;2.8;741;191;10.9;383;2;1993;150;1237;228;4.4;47.7;1.494
17/03/2004;19.00.00;2.0;686;253;2.1;383;361;1620;99;750;304;11.2;60.8;0.678
17/03/2004;20.00.00;1.0;647;270;4.6;383;430;1580;100;731;633;21.2;34.9;1.309
17/03/2004;21.00.00;0.1;647;156;0.1;383;139;1843;93;749;377;13.9;40.8;0.676
17/03/2004;22.00.00;1.5;647;145;0.9;383;221;1771;23;551;387;15.3;71.0;1.545
17/03/2004;23.00.00;3.3;887;160;13.4;383;172;1809;163;1239;228;13.4;23.3;1.138
18/03/2004;00.00.00;2.4;647;84;5.8;383;212;1753;64;551;228;7.4;37.3;1.177
18/03/2004;01.00.00;0.4;647;66;0.1;383;120;1904;3;551;265;10.6;55.2;0.61
18/03/2004;02.00.00;2.4;675;246;9.6;383;77;1877;163;1212;228;11.5;55.7;0.729
18/03/2004;03.00.00;2.7;797;307;8.0;383;455;1726;136;1046;620;23.1;88.7;1.164
18/03/2004;04.00.00;0.9;647;300;2.6;383;2;2088;49;551;228;9.0;51.8;1.235
18/03/2004;05.00.00;2.4;647;7;7.2;383;323;1789;165;1385;428;26.2;38.9;0.61
18/03/2004;06.00.00;2.2;785;194;7.8;383;289;1807;144;1161;378;23.5;41.8;1.511
18/03/2004;07.00.00;0.5;647;113;1.3;383;499;1476;113;1005;709;5.5;68.2;1.068
18/03/2004;08.00.00;2.7;800;231;8.7;383;209;2015;96;871;317;21.1;37.4;1.208
18/03/2004;09.00.00;2.9;775;178;8.4;383;189;1826;107;858;240;18.4;45.7;1.138
18/03/2004;10.00.00;3.7;999;274;12.4;383;122;1965;122;822;298;28.9;64.6;0.464
18/03/2004;11.00.00;3.6;989;216;12.2;383;300;1826;75;633;338;11.5;43.8;1.614
18/03/2004;12.00.00;0.2;647;37;4.5;383;137;1806;166;1424;287;23.2;59.1;1.59
18/03/2004;13.00.00;0.8;647;126;1.9;383;73;1891;139;1167;228;24.4;23.1;0.876
18/03/2004;14.00.00;2.9;915;218;8.8;383;133;1925;106;880;228;4.0;32.0;1.789
18/03/2004;15.00.00;2.9;841;226;9.7;383;101;1795;196;1553;359;28.5;39.6;1.065
18/03/2004;16.00.00;2.9;812;84;11.1;383;92;1919;98;693;228;12.1;24.6;1.079
18/03/2004;17.00.00;7.5;2033;72;22.0;546;259;1601;187;1548;228;21.8;29.8;0.922
18/03/2004;18.00.00;2.9;867;223;9.6;383;216;1827;127;1000;353;16.2;38.0;0.934
18/03/2004;19.00.00;3.7;1219;84;7.0;383;330;1845;149;1219;469;16.5;85.0;1.77
18/03/2004;20.00.00;3.5;945;59;10.6;383;268;1784;95;716;332;11.6;55.7;1.34
18/03/2004;21.00.00;3.1;827;175;11.9;383;61;1833;23;551;228;13.3;63.0;1.057
18/03/2004;22.00.00;1.7;647;171;4.0;383;2;1954;136;1107;228;21.6;60.5;0.81
18/03/2004;23.00.00;3.2;860;134;10.6;383;84;1981;55;551;257;29.3;10.3;0.815
19/03/2004;00.00.00;1.1;647;151;2.4;383;362;1723;83;577;546;8.3;51.2;0.918
19/03/2004;01.00.00;1.8;647;219;4.1;383;359;1748;116;821;566;13.7;40.1;0.593
19/03/2004;02.00.00;1.5;647;149;6.6;383;396;1668;82;707;350;20.1;22.1;1.087
19/03/2004;03.00.00;2.3;647;224;5.2;383;374;1639;111;845;534;19.7;56.7;1.597
19/03/2004;04.00.00;5.4;1569;181;17.8;461;412;1680;122;944;494;22.0;17.8;1.499
19/03/2004;05.00.00;0.1;647;233;0.9;383;308;1758;42;551;560;27.3;48.7;0.232
19/03/2004;06.00.00;3.1;843;301;8.3;383;521;1664;126;921;647;4.3;43.9;1.045
19/03/2004;07.00.00;0.1;647;297;0.6;383;290;1729;83;642;278;13.4;33.9;0.18
19/03/2004;08.00.00;1.5;647;340;2.9;383;551;1562;61;551;708;26.4;65.4;1.34
19/03/2004;09.00.00;3.7;906;297;12.8;383;150;1868;16;551;228;16.6;45.7;0.976
19/03/2004;10.00.00;2.2;648;240;4.5;383;146;2064;38;551;260;8.8;52.8;1.83
19/03/2004;11.00.00;0.6;647;176;1.4;383;216;1766;114;815;228;7.9;60.5;1.175
19/03/2004;12.00.00;1.1;647;181;3.2;383;240;1777;115;885;274;17.9;62.9;0.623
19/03/2004;13.00.00;3.1;901;134;12.2;383;196;1765;137;1132;256;14.7;50.9;0.442
19/03/2004;14.00.00;1.1;647;218;3.9;383;328;1841;195;1561;369;35.3;33.7;1.026
19/03/2004;15.00.00;2.5;647;284;9.8;383;230;1925;178;1293;406;16.7;47.3;1.116
19/03/2004;16.00.00;2.2;683;149;8.2;383;153;1860;160;1063;228;11.9;61.9;0.831
19/03/2004;17.00.00;1.2;647;214;5.1;383;185;1946;169;1404;263;28.0;38.6;0.921
19/03/2004;18.00.00;5.2;1417;153;15.8;469;432;1680;121;1028;563;17.4;56.9;0.7
19/03/2004;19.00.00;3.0;950;237;11.8;383;294;1820;120;1001;356;24.2;38.0;1.077
19/03/2004;20.00.00;0.1;647;165;0.1;383;2;1918;186;1476;228;33.1;62.9;0.819
19/03/2004;21.00.00;2.4;683;147;4.3;383;477;1631;123;967;390;29.8;47.6;0.784
19/03/2004;22.00.00;1.2;647;153;3.5;383;312;1899;124;986;463;21.0;31.0;0.531
19/03/2004;23.00.00;3.3;858;265;11.6;383;343;1843;168;1398;329;23.8;88.7;1.683
20/03/2004;00.00.00;1.0;647;208;0.1;383;388;1753;99;787;626;28.8;51.4;0.65
20/03/2004;01.00.00;2.0;647;177;4.6;383;396;1759;106;882;425;10.3;9.2;1.29
20/03/2004;02.00.00;2.9;774;242;6.7;383;105;2110;47;551;228;7.6;33.3;0.903
20/03/2004;03.00.00;3.4;765;178;12.3;383;82;1997;90;649;228;34.1;72.2;1.13
20/03/2004;04.00.00;0.5;647;325;4.8;383;612;1456;97;762;861;8.0;63.1;0.979
20/03/2004;05.00.00;1.7;647;125;5.0;383;139;1985;99;730;228;36.1;69.7;0.8
20/03/2004;06.00.00;1.5;647;200;5.8;383;303;1750;151;1183;403;12.4;43.2;0.92
20/03/2004;07.00.00;1.2;647;84;5.0;383;495;1642;64;551;502;10.8;62.5;0.595
20/03/2004;08.00.00;4.6;1416;185;17.9;432;178;1866;184;1405;274;24.3;44.4;1.691
20/03/2004;09.00.00;2.7;647;58;7.4;383;190;1790;14;551;303;5.2;55.0;0.882
20/03/2004;10.00.00;0.4;647;288;0.8;383;387;1714;141;1029;479;38.6;27.1;1.25
20/03/2004;11.00.00;3.4;847;290;10.3;383;278;1854;152;1253;422;33.4;44.4;1.286
20/03/2004;12.00.00;5.1;1473;292;16.5;460;321;1801;146;1116;418;30.3;9.2;1.201
20/03/2004;13.00.00;3.6;1016;220;16.5;383;233;1851;165;1307;377;5.8;47.1;1.203
20/03/2004;14.00.00;0.1;647;134;0.4;383;165;1851;102;826;228;28.4;34.2;0.514
20/03/2004;15.00.00;1.5;647;141;3.0;383;195;1711;173;1457;322;27.5;52.3;0.32
20/03/2004;16.00.00;3.9;948;363;10.2;383;428;1653;79;616;535;19.3;30.1;0.263
20/03/2004;17.00.00;1.2;647;354;6.2;383;200;1883;83;690;405;24.7;47.4;0.597
20/03/2004;18.00.00;2.8;808;229;7.1;383;311;1578;212;1607;347;22.9;88.7;1.188
20/03/2004;19.00.00;3.2;986;169;11.7;383;97;1916;121;959;228;8.3;45.8;2.056
20/03/2004;20.00.00;0.9;647;348;1.4;383;558;1545;158;1191;616;14.5;38.7;1.75
20/03/2004;21.00.00;2.1;660;152;4.1;383;294;1690;136;1083;322;15.6;50.9;1.566
20/03/2004;22.00.00;0.1;647;239;1.5;383;297;1822;147;1191;316;5.9;9.2;0.56
20/03/2004;23.00.00;0.7;647;346;1.0;383;387;1765;16;551;630;24.0;42.3;1.416
21/03/2004;00.00.00;1.8;647;138;6.6;383;172;2007;131;1014;374;27.0;47.9;1.052
21/03/2004;01.00.00;0.4;647;296;2.3;383;428;1654;113;931;504;21.6;52.3;0.452
21/03/2004;02.00.00;4.4;1313;267;15.3;383;14;2092;159;1245;228;33.0;67.0;1.683
21/03/2004;03.00.00;0.1;647;214;0.1;383;151;1812;74;565;228;20.8;55.7;0.78
21/03/2004;04.00.00;1.5;647;123;6.3;383;123;1871;170;1277;228;18.2;29.5;1.711
21/03/2004;05.00.00;2.3;668;149;5.6;383;2;2052;55;551;228;13.6;17.0;1.255
21/03/2004;06.00.00;4.2;1359;245;8.4;383;165;1815;91;727;228;20.2;66.1;0.791
21/03/2004;07.00.00;0.1;647;82;1.9;383;238;1796;37;551;228;-1.9;38.6;0.446
21/03/2004;08.00.00;3.8;1221;230;12.4;383;79;2003;61;551;228;32.1;53.9;1.119
21/03/2004;09.00.00;2.2;766;269;5.7;383;57;1953;113;1093;228;21.1;74.5;1.49
21/03/2004;10.00.00;0.8;647;311;0.1;383;252;1724;178;1188;305;27.1;53.7;1.046
21/03/2004;11.00.00;2.8;759;85;4.9;383;233;1765;114;856;306;27.2;22.7;1.41
21/03/2004;12.00.00;2.4;647;343;7.9;383;205;1813;51;551;300;23.9;54.6;0.997
21/03/2004;13.00.00;1.3;647;379;7.5;383;52;2005;11;551;228;9.8;44.8;0.811
21/03/2004;14.00.00;2.2;647;256;6.9;383;185;1825;145;1137;247;-1.9;25.2;0.887
21/03/2004;15.00.00;1.6;647;119;4.4;383;144;1688;81;666;241;35.5;65.4;1.186
21/03/2004;16.00.00;2.3;766;186;7.3;383;259;1855;87;667;435;18.1;54.9;0.82
21/03/2004;17.00.00;3.1;812;213;14.2;383;160;1923;164;1464;260;15.3;81.4;0.787
21/03/2004;18.00.00;4.4;1204;243;15.5;383;240;1722;106;883;372;15.9;49.6;0.407
21/03/2004;19.00.00;0.4;647;220;0.1;383;45;1872;98;737;228;14.3;36.9;1.07
21/03/2004;20.00.00;5.1;1468;244;16.5;441;32;2082;120;1022;228;17.9;55.0;0.819
21/03/2004;21.00.00;0.1;647;209;1.0;383;331;1715;184;1453;431;17.4;44.1;0.466
21/03/2004;22.00.00;1.9;647;243;4.1;383;363;1769;125;1147;622;18.9;71.0;0.83
21/03/2004;23.00.00;3.0;815;174;11.0;383;185;1795;9;551;228;16.1;50.7;1.024
22/03/2004;00.00.00;2.5;688;185;6.5;383;250;1852;73;613;371;25.1;37.9;1.146
22/03/2004;01.00.00;1.3;647;163;1.1;383;177;1784;99;775;257;23.8;52.4;1.247
22/03/2004;02.00.00;1.9;647;400;6.1;383;413;1702;154;1184;555;13.7;54.4;1.06
22/03/2004;03.00.00;1.5;647;357;4.5;383;214;1856;53;551;228;19.6;52.8;0.669
22/03/2004;04.00.00;1.3;647;270;4.2;383;169;1699;120;1077;228;8.7;44.2;1.159
22/03/2004;05.00.00;3.3;1024;343;9.2;383;393;1694;109;849;622;23.0;50.6;0.684
22/03/2004;06.00.00;2.6;796;293;7.2;383;127;1840;161;1330;228;31.5;39.4;0.758
22/03/2004;07.00.00;1.2;647;235;6.0;383;269;1871;65;561;381;25.1;53.2;0.721
22/03/2004;08.00.00;3.4;1076;74;11.8;383;85;1950;121;1039;228;17.3;33.3;0.81
22/03/2004;09.00.00;2.6;756;193;6.3;383;347;1702;186;1430;551;10.3;35.7;1.346
22/03/2004;10.00.00;3.3;1025;186;6.6;383;370;1824;156;1284;512;23.5;82.4;1.199
22/03/2004;11.00.00;3.0;897;110;7.9;383;48;1808;141;1313;228;13.2;40.1;1.259
22/03/2004;12.00.00;1.0;647;76;3.5;383;24;2134;98;792;228;18.2;55.8;1.466
22/03/2004;13.00.00;1.4;647;264;3.1;383;290;1917;120;998;336;24.1;21.4;0.557
22/03/2004;14.00.00;3.2;905;248;8.8;383;542;1534;107;890;622;11.6;43.1;1.009
22/03/2004;15.00.00;3.0;837;107;8.4;383;381;1766;154;1277;387;18.8;64.1;0.943
22/03/2004;16.00.00;2.1;647;147;6.6;383;213;1868;138;1013;244;9.7;55.6;1.129
22/03/2004;17.00.00;2.3;647;328;9.0;383;115;1708;82;826;228;15.4;21.1;1.123
22/03/2004;18.00.00;3.9;1121;134;12.6;383;59;1943;196;1582;228;14.4;38.0;0.388
22/03/2004;19.00.00;1.3;647;234;4.4;383;355;1614;170;1410;393;27.8;64.9;1.495
22/03/2004;20.00.00;2.9;918;199;8.9;383;387;1581;71;578;408;19.7;29.5;0.787
22/03/2004;21.00.00;1.9;647;266;5.0;383;149;1857;96;847;228;12.7;57.5;1.076
22/03/2004;22.00.00;1.8;647;136;7.7;383;208;1813;105;803;283;14.7;53.3;1.169
22/03/2004;23.00.00;3.7;958;226;13.3;383;253;1894;152;1112;458;26.2;21.1;0.991
23/03/2004;00.00.00;3.3;947;234;14.7;427;523;1521;74;583;603;5.5;61.1;0.547
23/03/2004;01.00.00;3.3;935;239;11.7;383;255;1763;80;685;417;11.6;62.1;1.054
23/03/2004;02.00.00;4.0;1144;225;11.7;383;95;2032;155;1213;228;9.7;47.5;0.987
23/03/2004;03.00.00;2.2;647;250;5.2;383;69;1930;139;1064;228;19.4;53.6;0.982
23/03/2004;04.00.00;3.1;741;426;11.8;383;106;1873;19;551;283;19.1;36.6;0.908
23/03/2004;05.00.00;1.7;647;461;3.9;383;439;1717;144;1082;389;16.9;44.6;1.27
23/03/2004;06.00.00;2.6;847;157;10.0;383;324;1782;42;551;400;17.4;52.5;1.647
23/03/2004;07.00.00;2.0;647;7;4.8;383;193;1853;82;635;228;7.3;66.6;1.709
23/03/2004;08.00.00;2.3;767;274;8.0;383;2;2072;95;803;228;10.6;56.8;1.303
23/03/2004;09.00.00;3.0;858;235;7.4;383;115;1807;90;630;228;22.7;42.2;1.27
23/03/2004;10.00.00;1.0;647;318;4.8;383;298;1714;81;762;422;6.4;43.6;0.384
23/03/2004;11.00.00;5.1;1390;245;13.8;383;299;1919;63;551;229;15.9;51.1;1.055
23/03/2004;12.00.00;0.7;647;223;2.9;383;298;1518;137;1149;409;25.7;45.0;1.187
23/03/2004;13.00.00;0.5;647;325;1.0;383;39;1914;35;551;228;19.8;48.7;0.18
23/03/2004;14.00.00;3.8;993;338;12.3;383;273;1686;87;639;364;12.6;9.2;1.765
23/03/2004;15.00.00;3.3;849;86;9.6;383;96;1928;150;1223;228;23.8;34.2;0.967
23/03/2004;16.00.00;3.0;926;140;8.8;383;246;1851;132;970;228;12.3;78.5;0.655
23/03/2004;17.00.00;3.0;697;207;10.0;383;128;1985;46;551;281;18.5;56.5;0.586
23/03/2004;18.00.00;2.1;647;227;4.8;383;409;1639;20;551;627;11.8;57.8;1.099
23/03/2004;19.00.00;0.9;647;196;0.8;383;297;1688;60;551;265;6.2;56.7;1.167
23/03/2004;20.00.00;2.3;655;259;6.5;383;224;1704;8;551;281;17.1;55.1;1.535
23/03/2004;21.00.00;1.2;647;312;3.1;383;457;1638;117;873;610;27.7;51.5;0.65
23/03/2004;22.00.00;3.5;960;381;9.2;383;189;2018;90;775;228;27.2;69.1;0.979
23/03/2004;23.00.00;1.9;746;272;8.1;383;29;1929;94;667;228;23.9;57.7;0.931
24/03/2004;00.00.00;1.0;647;137;2.5;383;407;1668;137;1147;546;23.8;19.6;0.825
24/03/2004;01.00.00;1.7;647;203;5.0;383;284;1783;154;1412;385;24.1;37.2;0.701
24/03/2004;02.00.00;2.7;700;210;6.1;383;197;1808;124;952;228;16.4;38.9;1.783
24/03/2004;03.00.00;1.4;647;266;8.5;383;147;1995;102;765;228;8.1;88.7;1.351
24/03/2004;04.00.00;1.0;647;254;8.1;383;324;1837;79;725;367;19.4;51.0;1.04
24/03/2004;05.00.00;2.5;793;412;6.4;383;370;1769;96;774;416;25.5;72.2;1.169
24/03/2004;06.00.00;2.5;647;174;10.4;383;128;1973;122;890;228;24.9;45.3;1.388
24/03/2004;07.00.00;1.4;647;254;4.4;383;332;1679;157;1286;340;19.9;54.8;0.72
24/03/2004;08.00.00;1.5;647;441;8.0;383;284;1680;46;551;361;20.7;50.0;0.628
24/03/2004;09.00.00;2.5;739;162;8.6;383;119;1850;58;551;228;6.8;40.2;0.891
24/03/2004;10.00.00;0.1;647;231;0.6;383;246;1825;112;847;228;30.5;33.5;1.377
24/03/2004;11.00.00;0.2;647;128;0.1;383;162;1844;11;551;228;17.1;49.0;1.891
24/03/2004;12.00.00;1.1;647;225;1.9;383;435;1696;126;934;523;1.1;35.7;0.918
24/03/2004;13.00.00;1.9;647;143;6.0;383;146;1891;163;1200;228;16.9;51.5;0.555
24/03/2004;14.00.00;2.6;803;317;8.7;383;476;1511;226;1747;712;18.6;41.7;1.11
24/03/2004;15.00.00;4.2;1072;231;11.1;383;266;1886;116;1004;259;22.3;63.1;0.954
24/03/2004;16.00.00;3.4;852;129;9.3;383;2;1957;154;1213;228;17.4;35.2;1.485
24/03/2004;17.00.00;1.9;647;297;7.3;383;2;2061;114;867;228;13.4;47.3;1.044
24/03/2004;18.00.00;2.1;648;235;4.0;383;214;1760;190;1520;332;13.8;44.1;1.201
24/03/2004;19.00.00;0.7;647;308;2.7;383;450;1569;92;780;675;18.0;42.8;0.837
24/03/2004;20.00.00;2.1;647;108;9.3;383;434;1578;128;1153;443;16.5;62.6;1.085
24/03/2004;21.00.00;1.7;647;253;6.4;383;271;1668;141;1163;392;33.9;19.4;0.497
24/03/2004;22.00.00;2.6;723;291;9.0;383;133;1780;131;1210;228;15.4;17.0;0.877
24/03/2004;23.00.00;1.0;647;177;0.1;383;182;1884;75;666;228;11.8;43.5;0.706
25/03/2004;00.00.00;2.9;720;98;7.6;383;277;1703;47;551;354;26.7;81.9;1.094
25/03/2004;01.00.00;4.3;1250;214;17.9;445;412;1697;162;1367;389;18.0;55.0;0.901
25/03/2004;02.00.00;2.0;647;334;5.2;383;333;1741;125;1051;379;25.3;73.8;0.501
25/03/2004;03.00.00;2.7;733;324;11.2;383;394;1755;116;1025;392;17.3;67.2;1.182
25/03/2004;04.00.00;3.1;891;177;8.8;383;344;1642;155;1305;386;23.7;25.1;1.154
25/03/2004;05.00.00;1.6;647;96;4.5;383;389;1773;153;1237;473;28.1;48.7;1.384
25/03/2004;06.00.00;2.5;691;177;8.9;383;2;1925;130;1003;228;29.4;34.1;0.91
25/03/2004;07.00.00;2.2;647;173;7.1;383;109;1693;143;1158;228;24.1;31.4;0.792
25/03/2004;08.00.00;2.3;647;260;8.1;383;76;1953;87;583;228;1.4;20.2;0.683
25/03/2004;09.00.00;1.1;647;208;1.8;383;62;1880;138;1095;228;5.9;33.2;1.155
25/03/2004;10.00.00;2.2;647;146;4.7;383;246;1922;37;551;228;20.4;57.2;1.161
25/03/2004;11.00.00;2.8;760;322;7.3;383;24;2004;113;948;228;6.3;59.9;0.797
25/03/2004;12.00.00;4.2;1201;231;12.3;383;101;1911;148;1257;228;9.3;55.0;0.93
25/03/2004;13.00.00;3.5;875;259;10.7;383;230;1831;78;653;429;25.2;34.1;1.125
25/03/2004;14.00.00;5.2;1538;54;18.6;383;2;1958;119;945;228;12.7;41.4;0.989
25/03/2004;15.00.00;1.1;647;7;3.6;383;171;1997;127;996;228;13.5;31.6;1.022
25/03/2004;16.00.00;3.4;844;81;11.8;383;343;1681;70;658;388;14.8;71.9;1.565
25/03/2004;17.00.00;2.4;782;172;8.0;383;58;1990;167;1416;228;27.7;59.8;0.492
25/03/2004;18.00.00;5.2;1448;272;14.5;383;367;1640;128;942;412;28.1;22.4;0.867
25/03/2004;19.00.00;1.0;647;7;3.3;383;122;1902;32;551;228;36.7;53.8;1.601
25/03/2004;20.00.00;1.0;647;369;3.4;383;287;1670;117;964;312;24.8;30.7;1.108
25/03/2004;21.00.00;1.3;647;234;5.7;383;76;1956;182;1445;228;30.6;55.5;0.664
25/03/2004;22.00.00;0.1;647;347;0.1;383;315;1752;112;793;495;12.4;61.8;1.122
25/03/2004;23.00.00;1.4;647;133;0.4;383;199;1884;81;551;247;6.7;9.2;1.126
26/03/2004;00.00.00;1.1;647;265;3.8;383;317;1783;86;708;469;22.8;87.0;1.385
26/03/2004;01.00.00;2.4;647;226;8.3;383;162;1872;105;707;228;16.5;67.8;1.326
26/03/2004;02.00.00;2.6;751;295;8.1;383;331;1898;54;551;425;31.3;35.8;0.73
26/03/2004;03.00.00;4.8;1383;195;15.3;396;375;1698;180;1497;457;14.9;48.3;1.048
26/03/2004;04.00.00;3.5;1026;262;12.9;383;264;1791;157;1292;228;13.1;61.6;1.231
26/03/2004;05.00.00;1.3;647;322;3.4;383;172;1855;164;1269;228;15.6;14.7;0.686
26/03/2004;06.00.00;0.9;647;156;2.3;383;210;1848;40;551;320;17.7;56.0;1.022
26/03/2004;07.00.00;2.8;740;241;9.2;383;52;1935;119;995;228;18.3;57.1;0.334
26/03/2004;08.00.00;0.3;647;38;0.1;383;277;1748;164;1278;316;19.2;64.1;1.065
26/03/2004;09.00.00;4.7;1281;284;14.8;425;341;1787;67;662;373;28.8;33.1;1.081
26/03/2004;10.00.00;3.8;1075;403;12.0;383;485;1607;109;915;604;8.8;54.1;0.827
26/03/2004;11.00.00;1.5;647;99;8.1;383;446;1727;60;551;607;25.1;65.4;1.345
26/03/2004;12.00.00;0.1;647;209;0.1;383;96;1771;153;1059;228;23.6;32.9;1.411
26/03/2004;13.00.00;4.0;1096;301;13.3;399;278;1899;102;839;411;20.6;59.9;0.616
26/03/2004;14.00.00;2.0;647;220;8.2;383;225;1891;108;828;365;21.6;32.7;1.438
26/03/2004;15.00.00;3.9;1149;233;10.8;383;432;1650;58;551;489;14.4;39.8;1.024
26/03/2004;16.00.00;0.1;647;180;3.1;383;137;1883;187;1479;228;6.9;19.5;0.686
26/03/2004;17.00.00;1.3;647;177;7.7;383;380;1746;115;747;510;21.1;9.2;1.508
26/03/2004;18.00.00;2.2;647;209;6.8;383;94;1841;150;1184;228;14.2;63.2;1.04
26/03/2004;19.00.00;2.2;647;221;6.0;383;229;1819;131;963;298;22.6;67.3;0.591
26/03/2004;20.00.00;1.5;647;105;8.1;383;110;1923;69;551;228;15.4;56.0;0.733
26/03/2004;21.00.00;3.0;862;211;11.3;383;2;1834;34;551;228;24.8;31.2;1.042
26/03/2004;22.00.00;0.7;647;367;2.3;383;107;1941;103;835;228;26.5;62.3;1.175
26/03/2004;23.00.00;2.0;647;178;9.1;383;206;1726;166;1352;228;25.4;53.0;1.417
27/03/2004;00.00.00;2.3;647;100;10.1;383;464;1715;18;551;423;28.0;57.7;1.16
27/03/2004;01.00.00;2.9;878;203;8.5;383;79;2043;206;1460;228;17.9;56.0;0.524
27/03/2004;02.00.00;3.1;886;150;10.6;383;153;1998;153;1337;274;26.0;37.9;0.772
27/03/2004;03.00.00;0.6;647;90;3.0;383;25;1953;122;846;228;15.0;50.7;1.895
27/03/2004;04.00.00;0.1;647;231;0.4;383;422;1634;107;858;480;13.6;42.8;1.772
27/03/2004;05.00.00;3.9;789;150;9.8;383;175;1701;154;1167;228;18.7;51.3;1.101
27/03/2004;06.00.00;2.6;754;158;6.5;383;194;1899;54;551;228;28.5;61.9;1.302
27/03/2004;07.00.00;1.1;647;232;0.8;383;192;1725;134;927;228;16.4;38.7;1.177
27/03/2004;08.00.00;4.3;1193;72;14.8;383;2;1882;127;1146;228;25.2;61.5;1.541
27/03/2004;09.00.00;2.3;647;52;5.0;383;21;1958;199;1564;228;10.0;49.9;1.275
27/03/2004;10.00.00;3.8;1191;281;12.5;383;100;1831;95;803;228;3.0;46.6;1.083
27/03/2004;11.00.00;2.2;660;34;10.8;383;340;1650;115;857;470;14.1;46.7;1.537
27/03/2004;12.00.00;5.0;1423;125;19.0;524;2;2002;109;1011;228;17.6;61.7;1.17
27/03/2004;13.00.00;4.6;1357;47;11.1;383;328;1807;88;595;409;26.0;46.0;0.845
27/03/2004;14.00.00;1.8;647;171;3.2;383;298;1804;183;1261;388;16.2;47.1;1.311
27/03/2004;15.00.00;3.5;946;258;9.7;383;2;2013;66;638;228;30.9;76.4;1.296
27/03/2004;16.00.00;3.1;940;228;7.4;383;197;1933;40;551;228;22.0;63.2;0.822
27/03/2004;17.00.00;4.1;1049;445;9.7;383;424;1670;124;992;528;16.1;69.2;1.513
27/03/2004;18.00.00;0.8;647;321;2.5;383;82;1892;78;750;228;19.9;76.9;1.246
27/03/2004;19.00.00;3.1;747;129;11.4;383;161;1809;125;969;228;9.6;53.3;0.989
27/03/2004;20.00.00;3.6;1033;104;13.5;383;668;1509;143;1168;894;16.2;88.7;1.169
27/03/2004;21.00.00;0.1;647;475;0.1;383;295;1675;120;1025;390;16.6;57.3;1.475
27/03/2004;22.00.00;0.5;647;318;1.0;383;206;1862;114;915;298;19.5;26.6;1.05
27/03/2004;23.00.00;0.1;647;273;1.0;383;173;1827;14;551;228;15.7;40.1;0.888
28/03/2004;00.00.00;1.8;647;225;5.5;383;303;1690;139;1175;228;21.7;21.7;0.661
28/03/2004;01.00.00;3.2;949;243;11.7;383;350;1650;122;907;394;5.1;68.8;0.18
28/03/2004;02.00.00;4.3;1217;77;14.5;413;2;2075;202;1682;228;26.8;52.7;0.754
28/03/2004;03.00.00;2.3;647;232;6.5;383;2;1929;167;1337;228;17.8;40.6;0.792
28/03/2004;04.00.00;4.4;1163;224;10.5;383;93;1903;41;551;228;24.1;52.1;1.742
28/03/2004;05.00.00;0.2;647;132;3.7;383;222;1784;163;1337;284;26.3;45.9;0.359
28/03/2004;06.00.00;0.1;647;166;0.1;383;257;1878;50;551;385;19.5;34.2;0.906
28/03/2004;07.00.00;2.1;647;361;7.3;383;2;2121;153;1147;228;24.9;86.3;0.413
28/03/2004;08.00.00;2.7;782;206;4.8;383;214;1900;182;1566;241;20.9;51.6;0.8
28/03/2004;09.00.00;2.1;647;414;6.7;383;235;1781;202;1720;404;20.5;50.5;2.033
28/03/2004;10.00.00;0.1;647;52;0.5;383;115;1934;93;701;228;14.1;47.3;0.271
28/03/2004;11.00.00;2.0;647;168;6.8;383;164;1795;146;1315;228;27.7;29.1;0.89
28/03/2004;12.00.00;0.3;647;71;7.1;383;134;1908;161;1277;228;18.9;19.5;0.334
28/03/2004;13.00.00;3.1;1048;103;8.6;383;317;1605;135;1130;359;29.2;70.5;1.131
28/03/2004;14.00.00;2.7;664;139;10.2;383;247;1821;32;551;304;9.1;41.1;1.393
28/03/2004;15.00.00;0.8;647;247;3.7;383;71;1938;120;1028;228;13.3;11.2;0.337
28/03/2004;16.00.00;1.4;647;243;3.2;383;392;1721;140;1086;487;9.2;24.0;1.362
28/03/2004;17.00.00;0.7;647;153;3.7;383;36;1969;112;916;228;26.7;59.1;1.539
28/03/2004;18.00.00;2.1;655;7;6.3;383;2;2065;71;551;228;22.8;60.8;1.397
28/03/2004;19.00.00;3.5;810;358;12.9;383;208;1772;103;789;288;5.7;41.2;1.124
28/03/2004;20.00.00;0.8;647;190;6.4;383;207;1894;156;1204;228;11.2;68.2;0.45
28/03/2004;21.00.00;2.9;754;111;9.4;383;257;1832;131;903;291;8.9;25.2;1.679
28/03/2004;22.00.00;1.4;647;244;3.9;383;65;2034;135;1144;228;26.2;76.2;0.9
28/03/2004;23.00.00;1.0;647;237;5.4;383;382;1786;101;777;449;27.7;20.7;0.789
29/03/2004;00.00.00;2.0;649;187;9.2;383;508;1517;133;922;502;14.3;58.1;1.331
29/03/2004;01.00.00;0.7;647;232;0.5;383;242;1847;11;551;228;1.4;53.2;0.919
29/03/2004;02.00.00;1.4;647;108;3.5;383;294;1671;110;974;338;2.2;63.0;0.68
29/03/2004;03.00.00;0.5;647;290;2.9;383;2;2091;94;746;228;28.5;19.0;0.856
29/03/2004;04.00.00;4.9;1372;123;15.4;383;179;1788;114;793;228;27.9;44.3;0.946
29/03/2004;05.00.00;2.2;647;160;5.1;383;139;1857;56;551;228;30.5;66.8;1.548
29/03/2004;06.00.00;1.2;647;279;4.8;383;114;1925;130;948;228;17.0;30.5;1.087
29/03/2004;07.00.00;2.4;709;332;9.2;383;145;1942;205;1575;228;1.5;73.4;1.456
29/03/2004;08.00.00;2.0;647;368;5.7;383;160;1901;116;1071;234;21.9;15.1;0.81
29/03/2004;09.00.00;1.8;647;318;6.0;383;23;2042;115;905;228;14.1;20.0;0.638
29/03/2004;10.00.00;3.0;806;187;8.5;383;171;1863;233;1765;231;32.2;34.3;1.415
29/03/2004;11.00.00;3.2;884;71;8.1;383;86;1950;67;551;228;23.5;59.9;0.897
29/03/2004;12.00.00;1.4;647;351;3.5;383;366;1565;136;1179;404;19.6;73.0;0.953
29/03/2004;13.00.00;1.3;647;348;4.4;383;296;1844;188;1555;446;14.8;37.5;1.413
29/03/2004;14.00.00;1.8;647;154;2.7;383;296;1739;94;757;392;28.7;52.8;0.655
29/03/2004;15.00.00;0.1;647;305;0.1;383;395;1649;153;1218;405;12.3;70.3;1.146
29/03/2004;16.00.00;0.1;647;186;0.5;383;119;2059;121;968;228;6.9;59.4;0.945
29/03/2004;17.00.00;4.1;1056;360;15.4;383;287;1553;61;551;228;18.6;85.3;1.152
29/03/2004;18.00.00;4.5;1181;169;13.6;383;409;1679;105;825;453;26.7;38.1;1.287
29/03/2004;19.00.00;1.8;647;405;3.3;383;108;1733;111;899;228;31.1;70.8;1.811
29/03/2004;20.00.00;3.0;799;292;9.0;383;2;2025;82;635;228;5.4;36.1;0.297
29/03/2004;21.00.00;2.6;897;388;7.1;383;140;1831;35;551;411;28.2;55.0;0.775
29/03/2004;22.00.00;6.5;1893;173;21.8;545;392;1451;93;724;447;17.5;50.4;1.05
29/03/2004;23.00.00;3.7;1122;256;11.2;383;100;2006;41;551;237;24.5;55.0;0.932
30/03/2004;00.00.00;2.0;647;125;0.9;383;174;1756;139;1053;318;6.6;30.1;0.779
30/03/2004;01.00.00;0.8;647;298;10.0;383;126;1974;139;1148;228;14.9;39.8;0.259
30/03/2004;02.00.00;0.1;647;303;0.6;383;216;1748;51;551;367;23.2;33.0;0.746
30/03/2004;03.00.00;2.4;647;445;8.0;383;85;1894;116;962;228;18.0;38.2;1.124
30/03/2004;04.00.00;1.1;647;263;0.4;383;19;1802;48;551;228;17.0;47.4;1.35
30/03/2004;05.00.00;0.2;647;286;0.1;383;178;1891;95;772;397;15.3;32.1;0.956
30/03/2004;06.00.00;1.2;647;173;3.8;383;204;1790;80;659;286;18.0;36.5;1.144
30/03/2004;07.00.00;0.6;647;269;2.7;383;416;1637;136;1104;448;18.2;58.9;1.001
30/03/2004;08.00.00;4.5;1244;181;15.8;495;256;1787;35;551;343;9.0;54.5;1.157
30/03/2004;09.00.00;3.4;969;229;11.3;383;66;1814;160;1188;228;13.5;78.0;0.501
30/03/2004;10.00.00;2.1;647;234;4.5;383;134;1948;171;1392;245;22.8;51.4;1.216
30/03/2004;11.00.00;4.2;1115;184;8.5;383;355;1670;106;816;374;16.9;78.9;0.774
30/03/2004;12.00.00;2.3;687;223;7.0;383;181;2038;48;551;228;22.0;23.3;0.796
30/03/2004;13.00.00;0.9;647;182;2.0;383;78;1898;12;551;228;16.7;17.2;0.968
30/03/2004;14.00.00;4.3;1186;181;11.2;383;258;1761;165;1394;269;13.4;42.8;0.925
30/03/2004;15.00.00;2.9;868;320;11.0;383;125;1791;208;1553;228;26.2;41.3;0.754
30/03/2004;16.00.00;0.7;647;234;0.1;383;319;1615;115;944;290;23.1;35.9;1.444
30/03/2004;17.00.00;1.9;647;250;7.3;383;301;1828;57;551;389;17.1;41.8;1.105
30/03/2004;18.00.00;0.9;647;79;0.1;383;70;2028;60;551;228;24.2;61.6;0.776
30/03/2004;19.00.00;0.2;647;258;1.0;383;519;1539;169;1424;617;23.0;41.6;0.819
30/03/2004;20.00.00;3.4;934;268;12.9;383;227;1827;121;874;357;13.4;60.8;1.011
30/03/2004;21.00.00;4.8;1394;180;14.8;383;2;2097;66;551;228;19.3;70.1;0.846
30/03/2004;22.00.00;0.2;647;416;4.0;383;304;1779;223;1699;467;21.0;61.8;0.657
30/03/2004;23.00.00;2.9;871;7;13.2;396;2;2037;163;1366;228;21.9;45.4;1.026
31/03/2004;00.00.00;1.2;647;292;4.4;383;405;1682;139;1209;509;32.1;41.7;0.986
31/03/2004;01.00.00;1.5;647;285;5.8;383;254;1744;86;709;332;23.2;71.2;0.941
31/03/2004;02.00.00;1.3;647;269;6.3;383;223;1851;172;1582;368;23.3;77.3;1.548
31/03/2004;03.00.00;0.9;647;234;4.1;383;233;1962;155;1278;253;9.3;54.3;0.99
31/03/2004;04.00.00;2.2;647;270;8.0;383;322;1700;107;913;268;39.2;62.7;0.633
31/03/2004;05.00.00;1.0;647;300;2.1;383;159;1941;165;1402;259;7.7;59.5;1.179
31/03/2004;06.00.00;2.5;717;149;4.7;383;231;1829;163;1251;385;13.6;37.9;0.506
31/03/2004;07.00.00;2.1;647;246;3.9;383;251;1751;126;1041;326;13.9;51.0;1.532
31/03/2004;08.00.00;1.8;647;200;10.6;383;2;2070;57;551;228;15.5;55.1;0.91
31/03/2004;09.00.00;0.9;647;114;3.5;383;323;1803;63;551;561;11.0;72.3;0.713
31/03/2004;10.00.00;1.3;647;286;3.8;383;349;1766;36;551;429;5.0;46.4;0.875
31/03/2004;11.00.00;3.2;872;164;12.8;383;302;1898;176;1344;309;27.4;29.0;1.154
31/03/2004;12.00.00;2.9;909;75;7.6;383;291;1913;42;551;437;13.9;46.5;0.18
31/03/2004;13.00.00;0.8;647;166;3.7;383;477;1622;114;1047;705;1.0;45.9;0.951
31/03/2004;14.00.00;2.3;647;142;7.5;383;226;1810;36;551;228;15.7;36.2;1.17
31/03/2004;15.00.00;3.2;1048;315;11.2;383;231;1700;193;1602;320;21.6;66.2;1.515
31/03/2004;16.00.00;0.1;647;232;0.1;383;133;2016;57;551;263;5.2;67.6;0.428
31/03/2004;17.00.00;2.9;726;349;7.4;383;2;1992;128;1022;228;22.9;9.2;0.203
31/03/2004;18.00.00;1.2;647;154;2.3;383;303;1708;37;551;375;20.5;70.7;0.902
31/03/2004;19.00.00;2.9;829;301;7.9;383;149;1805;154;1239;228;11.0;54.1;1.159
31/03/2004;20.00.00;1.1;647;487;3.5;383;2;1923;165;1362;228;20.3;50.8;0.747
31/03/2004;21.00.00;0.1;647;251;0.1;383;221;1963;113;826;228;31.0;57.5;0.987
31/03/2004;22.00.00;0.1;647;299;0.1;383;217;1898;109;918;240;18.4;19.4;1.097
31/03/2004;23.00.00;2.2;664;283;7.4;383;197;1722;151;1125;409;14.0;40.9;1.309
01/04/2004;00.00.00;2.5;647;82;7.8;383;253;1681;83;838;254;11.4;60.6;1.337
01/04/2004;01.00.00;0.9;647;273;3.2;383;2;2008;165;1313;228;32.5;58.2;0.579
01/04/2004;02.00.00;3.0;825;247;9.7;383;384;1610;127;1032;460;16.3;43.2;0.72
01/04/2004;03.00.00;0.1;647;193;5.4;383;299;1740;37;551;445;16.1;49.9;0.409
01/04/2004;04.00.00;2.1;647;134;6.8;383;423;1785;201;1551;504;25.0;51.3;1.513
01/04/2004;05.00.00;0.5;647;283;0.7;383;148;1967;121;973;228;22.6;55.8;0.693
01/04/2004;06.00.00;1.2;647;125;4.2;383;298;1624;96;661;398;7.0;86.0;0.874
01/04/2004;07.00.00;2.2;647;420;9.1;383;2;1917;120;889;228;19.6;23.5;0.773
01/04/2004;08.00.00;0.9;647;228;2.9;383;105;1935;78;551;228;14.1;34.7;1.405
01/04/2004;09.00.00;1.6;647;101;6.5;383;23;2071;105;909;228;27.4;49.1;0.624
01/04/2004;10.00.00;3.6;934;169;12.2;383;272;1716;150;1252;360;8.8;56.9;1.605
01/04/2004;11.00.00;1.3;647;191;3.7;383;64;1978;146;1133;228;24.4;49.8;0.412
01/04/2004;12.00.00;3.3;907;447;10.8;383;166;1830;142;1101;332;2.3;32.6;0.3
01/04/2004;13.00.00;0.6;647;133;5.0;383;232;1954;84;750;250;23.2;57.2;0.717
01/04/2004;14.00.00;2.9;885;206;9.7;383;170;1913;71;573;228;24.2;54.6;1.819
01/04/2004;15.00.00;4.2;1241;166;11.4;383;31;1959;131;983;228;10.8;53.1;0.238
01/04/2004;16.00.00;0.1;647;265;0.1;383;484;1492;149;1285;544;24.9;39.3;1.158
01/04/2004;17.00.00;1.0;647;168;0.1;383;250;1714;77;611;445;17.0;57.1;0.978
01/04/2004;18.00.00;3.0;824;109;9.7;383;486;1409;102;870;615;0.5;69.2;1.009
01/04/2004;19.00.00;1.9;647;199;8.6;383;75;1961;131;1060;228;20.4;63.3;1.713
01/04/2004;20.00.00;2.7;647;189;5.9;383;175;1912;108;1033;280;11.6;29.7;0.766
01/04/2004;21.00.00;1.3;647;161;4.5;383;246;1860;168;1331;295;25.4;32.7;1.174
01/04/2004;22.00.00;2.3;821;166;9.2;383;467;1576;50;551;586;28.5;61.7;1.005
01/04/2004;23.00.00;1.9;647;330;8.4;383;485;1714;43;551;391;14.7;38.7;0.79
02/04/2004;00.00.00;3.8;1172;187;14.7;383;166;1993;165;1346;228;9.3;27.9;0.744
02/04/2004;01.00.00;2.5;719;110;4.3;383;121;1849;142;1177;228;17.8;39.1;1.125
02/04/2004;02.00.00;2.6;811;174;9.4;383;232;1908;117;1003;228;23.9;37.4;0.853
02/04/2004;03.00.00;1.6;647;223;2.0;383;416;1677;96;729;452;13.1;44.4;0.86
02/04/2004;04.00.00;1.5;647;91;2.7;383;253;1754;135;1209;378;21.7;45.8;0.601
02/04/2004;05.00.00;1.5;647;372;6.6;383;281;1873;122;1053;379;25.2;18.8;0.744
02/04/2004;06.00.00;2.7;779;300;9.0;383;415;1571;127;1029;591;27.0;52.9;1.198
02/04/2004;07.00.00;1.6;647;353;6.4;383;390;1568;109;822;469;21.1;57.1;0.782
02/04/2004;08.00.00;2.6;672;255;6.3;383;396;1651;138;1263;421;4.2;51.4;1.205
02/04/2004;09.00.00;5.1;1400;19;19.1;478;341;1708;157;1314;522;15.6;58.6;1.321
02/04/2004;10.00.00;3.4;951;363;12.2;383;452;1506;156;1211;547;16.3;58.0;1.235
02/04/2004;11.00.00;1.7;647;135;7.2;383;60;1991;134;1191;228;18.7;27.9;1.464
02/04/2004;12.00.00;3.8;1091;143;10.1;383;590;1465;112;920;838;-1.9;48.6;1.395
02/04/2004;13.00.00;1.6;647;232;7.4;383;408;1568;134;1195;495;11.6;54.4;1.354
02/04/2004;14.00.00;0.1;647;348;0.1;383;221;1874;170;1295;344;16.5;54.2;0.895
02/04/2004;15.00.00;0.7;647;318;1.1;383;415;1633;105;828;522;21.5;73.0;0.18
02/04/2004;16.00.00;0.1;647;304;1.6;383;192;1930;99;909;309;36.1;55.9;0.483
02/04/2004;17.00.00;1.7;647;188;6.5;383;318;1781;136;1040;433;23.3;50.2;0.927
02/04/2004;18.00.00;2.2;647;186;5.3;383;336;1714;148;1167;379;10.0;63.7;1.181
02/04/2004;19.00.00;4.5;1314;250;18.5;509;377;1785;108;646;424;11.4;64.5;1.392
02/04/2004;20.00.00;2.6;773;205;12.0;383;175;1893;134;1109;267;12.6;50.1;0.738
02/04/2004;21.00.00;1.8;647;302;7.1;383;381;1693;72;673;466;14.9;71.4;1.277
02/04/2004;22.00.00;3.3;859;296;11.5;383;178;1898;112;826;228;19.8;52.1;1.014
02/04/2004;23.00.00;0.1;647;274;1.0;383;357;1757;187;1536;394;10.5;40.3;1.073
03/04/2004;00.00.00;2.5;647;7;4.8;383;243;1717;142;1094;270;16.2;64.8;1.238
03/04/2004;01.00.00;3.2;908;230;10.6;383;2;2187;81;551;228;16.4;37.0;1.362
03/04/2004;02.00.00;0.1;647;207;0.5;383;133;1898;88;680;228;20.7;73.7;0.731
03/04/2004;03.00.00;3.8;1075;233;10.9;383;375;1706;53;551;399;14.7;40.9;0.861
03/04/2004;04.00.00;2.6;803;146;7.8;383;199;1699;190;1537;248;11.9;32.1;1.727
03/04/2004;05.00.00;1.6;647;92;0.3;383;431;1664;65;551;512;12.4;36.0;0.293
03/04/2004;06.00.00;3.0;697;261;7.5;383;60;1965;2;551;228;21.1;62.2;1.569
03/04/2004;07.00.00;5.3;1446;184;18.9;440;352;1626;45;551;425;12.2;38.0;0.785
03/04/2004;08.00.00;2.4;817;272;11.2;383;238;1725;115;914;322;23.6;35.9;1.125
03/04/2004;09.00.00;2.5;861;154;6.1;383;208;1761;78;647;228;20.9;42.9;1.405
03/04/2004;10.00.00;1.5;647;352;5.2;383;65;1923;119;949;228;9.3;9.2;1.748
03/04/2004;11.00.00;1.0;647;313;5.3;383;278;1794;129;992;336;27.9;70.3;0.953
03/04/2004;12.00.00;3.3;784;246;9.6;383;91;1908;83;668;228;18.6;24.4;1.763
03/04/2004;13.00.00;1.0;647;197;4.4;383;148;1905;68;592;228;12.7;68.4;0.513
03/04/2004;14.00.00;2.3;647;298;7.1;383;224;1874;156;1325;228;32.6;68.9;0.471
03/04/2004;15.00.00;1.5;647;255;7.1;383;190;1891;127;849;242;17.9;59.1;1.023
03/04/2004;16.00.00;2.8;893;240;6.5;383;403;1706;2;551;396;20.9;49.5;0.407
03/04/2004;17.00.00;2.6;802;317;6.2;383;2;2021;39;551;228;18.1;47.6;0.746
03/04/2004;18.00.00;3.6;1026;353;12.1;383;218;1848;26;551;228;29.5;76.7;0.749
03/04/2004;19.00.00;1.4;647;99;4.8;383;190;1835;105;917;228;32.2;87.8;1.202
03/04/2004;20.00.00;1.8;647;118;5.6;383;244;1751;122;1055;347;20.1;15.9;1.071
03/04/2004;21.00.00;0.8;647;143;3.6;383;162;1862;104;791;228;18.6;61.4;0.91
03/04/2004;22.00.00;1.5;647;75;3.0;383;402;1730;82;551;592;25.5;44.1;1.276
03/04/2004;23.00.00;2.7;781;212;5.8;383;206;1886;162;1398;228;14.1;86.3;0.905
04/04/2004;00.00.00;3.2;815;275;9.3;383;266;1827;128;1120;425;20.0;53.6;1.698
04/04/2004;01.00.00;0.9;647;215;2.0;383;382;1655;69;551;500;12.8;36.9;1.026
04/04/2004;02.00.00;3.4;976;167;10.2;383;253;1779;72;688;228;33.1;34.4;1.583
04/04/2004;03.00.00;4.0;1047;325;15.5;420;51;1941;76;639;228;26.7;48.0;1.108
04/04/2004;04.00.00;2.7;701;231;10.3;383;180;1806;96;781;228;32.3;12.6;1.215
04/04/2004;05.00.00;4.8;1392;250;16.4;404;227;1889;114;851;403;14.1;29.4;0.18
04/04/2004;06.00.00;1.1;647;327;3.9;383;2;1851;132;1143;228;25.3;24.4;0.776
04/04/2004;07.00.00;0.4;647;206;0.4;383;137;2052;73;551;228;21.4;9.2;1.087
04/04/2004;08.00.00;0.1;647;413;0.1;383;235;1977;47;551;383;20.4;59.9;0.777
04/04/2004;09.00.00;4.2;1149;175;11.2;383;553;1560;131;884;708;31.2;61.4;1.17
04/04/2004;10.00.00;3.1;857;407;8.4;383;302;1790;152;1162;396;10.7;64.5;0.351
04/04/2004;11.00.00;2.1;647;125;6.5;383;270;1851;195;1481;325;13.2;30.9;0.741
04/04/2004;12.00.00;2.5;653;267;5.8;383;504;1535;132;893;491;13.7;57.0;0.412
04/04/2004;13.00.00;0.6;647;156;2.2;383;335;1776;77;748;529;6.5;48.6;0.985
04/04/2004;14.00.00;5.6;1616;324;17.4;503;357;1819;142;1128;409;2.1;31.3;1.318
04/04/2004;15.00.00;2.3;720;172;6.7;383;183;1708;105;732;335;16.6;42.2;1.602
04/04/2004;16.00.00;2.3;693;245;9.7;383;52;1842;48;551;228;24.0;26.3;1.566
04/04/2004;17.00.00;3.2;1007;156;5.2;383;286;1831;110;838;328;16.2;19.1;1.335
04/04/2004;18.00.00;2.8;747;307;8.3;383;524;1558;126;964;491;11.5;34.5;1.13
04/04/2004;19.00.00;2.5;823;155;3.2;383;477;1587;181;1518;516;27.7;38.4;0.436
04/04/2004;20.00.00;1.0;647;377;3.8;383;346;1696;116;909;521;8.9;63.2;1.785
04/04/2004;21.00.00;2.8;705;123;10.5;383;140;1797;73;598;228;3.2;37.1;1.291
04/04/2004;22.00.00;4.8;1198;90;12.6;383;8;1960;22;551;228;5.8;66.2;1.099
04/04/2004;23.00.00;4.0;1093;308;10.5;383;120;1798;54;551;228;30.5;68.4;1.069
05/04/2004;00.00.00;4.4;1186;161;10.6;383;279;1881;66;641;335;16.4;51.9;1.519
05/04/2004;01.00.00;1.4;647;217;4.7;383;173;1871;192;1533;228;28.2;41.3;0.518
05/04/2004;02.00.00;0.8;647;187;1.8;383;399;1689;103;754;415;27.8;31.9;0.839
05/04/2004;03.00.00;2.0;647;93;5.8;383;18;2038;108;860;228;2.5;34.1;0.18
05/04/2004;04.00.00;2.2;647;210;6.4;383;226;2042;165;1078;282;18.5;60.6;0.522
05/04/2004;05.00.00;3.7;1001;338;9.8;383;128;1812;141;1160;228;24.2;63.1;1.752
05/04/2004;06.00.00;0.1;647;313;2.6;383;397;1534;100;694;478;9.4;43.3;1.063
05/04/2004;07.00.00;4.3;1123;240;14.3;383;329;1734;168;1326;401;7.7;51.8;0.664
05/04/2004;08.00.00;1.9;647;323;3.8;383;118;1758;80;679;228;22.0;23.3;1.015
05/04/2004;09.00.00;1.6;647;117;3.6;383;376;1671;126;967;320;8.4;39.6;1.408
05/04/2004;10.00.00;0.7;647;187;0.6;383;2;2068;52;551;228;20.3;55.5;1.066
05/04/2004;11.00.00;0.1;647;255;3.1;383;2;2120;125;1024;228;24.0;37.9;1.337
05/04/2004;12.00.00;3.3;804;205;12.0;383;110;1786;161;1250;228;25.1;28.1;0.514
05/04/2004;13.00.00;2.3;726;194;7.0;383;2;1922;154;1312;228;24.5;33.7;1.45
05/04/2004;14.00.00;0.3;647;103;4.5;383;228;1846;156;1312;378;28.3;24.3;1.726
05/04/2004;15.00.00;0.3;647;20;4.0;383;233;1873;251;2058;348;9.9;31.1;0.445
05/04/2004;16.00.00;1.7;647;295;4.9;383;183;1917;100;750;243;31.5;62.7;1.265
05/04/2004;17.00.00;4.5;1295;241;13.5;383;328;1855;69;602;295;13.9;73.1;1.358
05/04/2004;18.00.00;1.8;647;303;5.0;383;135;1950;134;1019;228;9.4;77.8;1.167
05/04/2004;19.00.00;0.1;647;176;0.1;383;47;1952;70;558;228;26.6;45.6;1.058
05/04/2004;20.00.00;1.8;647;150;9.2;383;124;1985;58;551;228;23.0;46.9;0.492
05/04/2004;21.00.00;1.8;647;218;3.6;383;59;1958;100;899;275;4.4;61.9;0.886
05/04/2004;22.00.00;0.1;647;299;2.1;383;152;1900;208;1802;248;25.0;27.5;1.054
05/04/2004;23.00.00;2.1;676;196;8.0;383;337;1690;146;1186;319;20.3;35.3;2.01
06/04/2004;00.00.00;1.8;647;294;5.2;383;2;2010;131;923;228;18.3;37.3;0.524
06/04/2004;01.00.00;3.1;954;122;13.6;383;194;1714;32;551;228;14.2;72.2;1.486
06/04/2004;02.00.00;4.7;1264;202;12.0;383;392;1768;83;670;466;28.5;40.6;1.228
06/04/2004;03.00.00;3.7;975;211;11.8;383;409;1591;181;1455;461;30.7;69.5;0.261
06/04/2004;04.00.00;1.8;647;334;4.7;383;141;1815;100;1003;228;23.2;37.1;1.291
06/04/2004;05.00.00;0.6;647;237;3.8;383;584;1346;218;1727;597;8.0;31.0;0.885
06/04/2004;06.00.00;5.8;1678;383;19.1;506;85;1866;134;1029;228;8.2;77.9;1.5
06/04/2004;07.00.00;2.2;647;89;3.7;383;211;1754;105;859;268;11.4;52.2;0.974
06/04/2004;08.00.00;2.2;647;230;9.4;383;66;1963;97;772;228;25.7;37.1;1.412
06/04/2004;09.00.00;2.1;658;235;7.7;383;312;1646;109;819;321;15.4;19.9;0.583
06/04/2004;10.00.00;2.4;682;276;5.7;383;674;1424;43;551;821;23.0;39.1;1.093
06/04/2004;11.00.00;1.9;647;140;5.5;383;528;1523;159;1336;634;13.2;80.2;1.118
06/04/2004;12.00.00;1.3;647;378;1.7;383;375;1558;134;1004;383;29.2;42.8;0.737
06/04/2004;13.00.00;1.4;647;219;4.1;383;153;1896;100;725;233;8.8;9.2;0.908
06/04/2004;14.00.00;2.1;732;114;7.0;383;220;1806;107;796;302;16.2;42.0;0.855
06/04/2004;15.00.00;1.4;647;216;3.8;383;416;1669;151;1098;685;16.1;62.6;1.407
06/04/2004;16.00.00;1.2;647;188;2.8;383;360;1777;210;1735;518;23.5;44.3;0.919
06/04/2004;17.00.00;2.3;752;482;4.1;383;258;1793;186;1533;228;20.9;58.5;1.016
06/04/2004;18.00.00;1.8;647;317;6.4;383;267;1759;121;990;395;29.9;55.9;1.444
06/04/2004;19.00.00;4.3;1252;222;9.8;383;407;1747;73;644;374;28.4;44.6;1.213
06/04/2004;20.00.00;0.1;647;207;0.4;383;445;1617;39;551;652;12.4;36.2;1.068
06/04/2004;21.00.00;3.7;1049;308;8.2;383;16;1946;118;998;228;18.3;39.8;0.623
06/04/2004;22.00.00;3.9;1070;312;12.6;383;280;1828;75;749;362;17.9;40.9;0.979
06/04/2004;23.00.00;0.1;647;7;0.3;383;334;1670;120;1042;506;13.7;22.0;1.211
07/04/2004;00.00.00;1.7;647;279;6.2;383;164;1961;126;1029;235;5.7;57.1;1.692
07/04/2004;01.00.00;1.6;647;220;6.9;383;441;1659;147;1104;595;17.8;37.3;0.18
07/04/2004;02.00.00;0.2;647;93;2.7;383;201;1964;56;551;228;25.0;68.0;0.844
07/04/2004;03.00.00;1.1;647;301;0.2;383;445;1638;70;551;460;19.5;70.9;0.781
07/04/2004;04.00.00;0.6;647;431;1.8;383;189;1924;97;859;229;20.7;41.9;0.692
07/04/2004;05.00.00;4.6;1130;270;18.8;486;285;1640;125;959;395;29.5;48.4;0.311
07/04/2004;06.00.00;3.5;929;322;11.3;383;282;1876;122;987;330;11.0;39.8;1.368
07/04/2004;07.00.00;3.9;1076;389;10.9;383;500;1654;236;1817;731;11.6;22.8;1.283
07/04/2004;08.00.00;3.2;859;139;10.0;383;359;1660;4;551;476;14.6;39.1;1.255
07/04/2004;09.00.00;0.6;647;41;1.1;383;175;1928;166;1186;228;26.6;48.9;0.909
07/04/2004;10.00.00;1.4;647;280;2.2;383;204;1735;163;1321;232;25.2;58.4;0.789
07/04/2004;11.00.00;2.8;803;194;10.8;383;203;1797;69;551;228;20.1;79.7;0.614
07/04/2004;12.00.00;0.4;647;87;2.6;383;248;1732;90;724;336;29.4;38.4;1.166
07/04/2004;13.00.00;3.1;860;210;7.4;383;101;1992;197;1554;228;10.6;34.3;0.655
07/04/2004;14.00.00;1.8;647;287;5.6;383;233;1913;83;593;296;14.6;64.1;1.274
07/04/2004;15.00.00;1.6;647;203;4.1;383;455;1599;83;582;668;20.9;9.2;0.573
07/04/2004;16.00.00;3.1;890;143;6.9;383;448;1539;118;1113;574;16.4;32.0;1.614
07/04/2004;17.00.00;2.8;812;196;6.0;383;6;1916;137;1076;228;24.8;68.1;0.96
07/04/2004;18.00.00;1.6;647;216;2.7;383;2;2005;160;1314;228;31.8;32.8;0.825
07/04/2004;19.00.00;3.8;1093;34;12.0;383;155;1878;162;1176;291;17.3;39.8;0.792
07/04/2004;20.00.00;0.6;647;204;1.1;383;2;1971;150;1034;228;21.3;48.8;1.479
07/04/2004;21.00.00;3.0;701;90;7.7;383;52;1891;21;551;228;25.4;60.5;1.166
07/04/2004;22.00.00;3.0;885;280;8.8;383;299;1890;111;957;313;24.1;48.2;1.818
07/04/2004;23.00.00;1.7;647;69;7.0;383;240;1758;144;1161;228;32.2;48.0;1.435
08/04/2004;00.00.00;2.6;647;314;9.1;383;2;1931;145;1123;228;21.3;43.1;0.657
08/04/2004;01.00.00;0.4;647;179;3.3;383;425;1751;78;665;595;18.4;44.2;0.966
08/04/2004;02.00.00;3.4;998;166;10.6;383;181;1832;63;551;228;10.2;34.7;1.063
08/04/2004;03.00.00;1.9;647;245;9.3;383;166;1907;60;594;267;20.8;31.3;1.078
08/04/2004;04.00.00;1.4;647;135;5.2;383;401;1608;135;1196;591;10.7;70.3;1.538
08/04/2004;05.00.00;3.6;1051;244;10.6;383;308;1793;161;1244;339;10.3;37.6;0.87
08/04/2004;06.00.00;1.2;647;148;3.9;383;239;1867;119;896;283;21.3;45.3;0.661
08/04/2004;07.00.00;0.2;647;165;0.1;383;170;1774;61;551;357;15.4;65.3;1.257
08/04/2004;08.00.00;0.1;647;256;0.1;383;333;1690;121;1007;500;-1.4;13.8;1.204
08/04/2004;09.00.00;3.0;910;109;10.5;383;179;1783;67;551;228;36.6;23.4;0.765
08/04/2004;10.00.00;0.4;647;97;2.4;383;211;1788;77;704;228;6.4;48.4;0.28
08/04/2004;11.00.00;4.6;1180;241;13.9;383;65;2075;95;783;228;16.0;48.9;1.804
08/04/2004;12.00.00;0.1;647;215;5.8;383;420;1683;74;684;525;8.5;22.3;1.565
08/04/2004;13.00.00;4.5;1244;234;14.1;415;483;1769;58;551;622;16.0;17.6;0.664
08/04/2004;14.00.00;2.4;719;249;4.5;383;278;1895;187;1451;233;14.5;23.5;0.944
08/04/2004;15.00.00;2.0;647;223;8.9;383;171;1953;22;551;228;12.6;53.9;0.989
08/04/2004;16.00.00;1.4;647;275;5.7;383;389;1805;84;681;317;17.2;62.1;1.244
08/04/2004;17.00.00;2.7;723;227;9.1;383;336;1823;102;806;464;9.5;52.1;0.887
08/04/2004;18.00.00;2.1;647;27;5.8;383;178;1993;171;1334;228;22.3;18.1;0.836
08/04/2004;19.00.00;3.7;1113;51;12.6;383;422;1705;127;1024;488;21.5;27.2;0.953
08/04/2004;20.00.00;2.3;683;401;10.6;383;181;1910;99;910;228;18.5;45.4;0.628
08/04/2004;21.00.00;2.4;734;218;8.0;383;49;2013;77;551;228;22.3;48.7;1.381
08/04/2004;22.00.00;1.6;647;308;2.3;383;235;1776;168;1332;315;26.3;39.0;1.247
08/04/2004;23.00.00;2.1;647;185;0.1;383;411;1738;74;585;399;6.7;42.6;0.605
09/04/2004;00.00.00;2.6;647;212;9.0;383;261;1891;123;898;255;30.9;54.0;1.135
09/04/2004;01.00.00;0.1;647;174;0.1;383;66;1898;104;826;228;31.4;83.2;0.744
09/04/2004;02.00.00;0.3;647;452;0.6;383;184;1783;136;957;228;24.9;66.4;1.056
09/04/2004;03.00.00;3.2;1041;242;8.6;383;429;1612;188;1460;657;15.4;42.7;0.201
09/04/2004;04.00.00;2.4;647;167;5.9;383;287;1878;146;1153;399;35.0;46.1;0.904
09/04/2004;05.00.00;1.9;647;61;4.5;383;243;1786;106;854;228;27.0;47.0;1.523
09/04/2004;06.00.00;2.2;734;405;5.6;383;226;1730;193;1697;290;6.0;39.2;0.574
09/04/2004;07.00.00;2.6;786;202;10.0;383;411;1587;188;1445;400;15.0;70.6;0.858
09/04/2004;08.00.00;1.4;647;288;5.6;383;401;1606;167;1235;521;22.8;70.1;1.503
09/04/2004;09.00.00;1.1;647;299;1.0;383;31;1917;126;1091;230;7.9;52.7;1.683
09/04/2004;10.00.00;2.4;647;174;5.6;383;389;1576;75;551;544;26.8;74.7;1.306
09/04/2004;11.00.00;0.8;647;281;3.3;383;325;1788;2;551;231;16.4;39.6;1.622
09/04/2004;12.00.00;2.7;882;160;10.8;383;489;1593;123;959;464;10.1;57.7;1.469
09/04/2004;13.00.00;0.1;647;123;2.4;383;235;1854;150;1125;228;16.6;70.3;0.317
09/04/2004;14.00.00;3.6;914;328;9.5;383;419;1480;48;551;470;13.6;59.2;1.225
09/04/2004;15.00.00;2.8;647;202;11.0;383;317;1831;132;1011;375;4.2;77.2;1.096
09/04/2004;16.00.00;2.5;647;267;4.5;383;75;1932;91;593;228;17.7;57.9;0.586
09/04/2004;17.00.00;3.5;978;257;10.9;383;402;1718;137;1149;373;14.7;46.0;0.319
09/04/2004;18.00.00;4.5;1382;278;15.3;383;369;1825;83;719;445;18.9;30.0;1.331
09/04/2004;19.00.00;3.6;1053;70;7.3;383;146;1912;78;551;228;9.4;41.4;0.953
09/04/2004;20.00.00;0.1;647;162;4.5;383;290;1936;110;837;266;19.3;63.6;1.054
09/04/2004;21.00.00;0.4;647;187;3.8;383;568;1394;56;600;574;37.3;66.2;1.251
09/04/2004;22.00.00;1.3;647;139;5.4;383;172;1836;159;1309;228;8.0;14.7;1.686
09/04/2004;23.00.00;2.2;724;258;5.1;383;357;1570;113;911;489;18.5;39.6;0.744
10/04/2004;00.00.00;2.9;820;330;9.1;383;78;1962;58;593;228;20.6;56.9;0.858
10/04/2004;01.00.00;1.1;647;345;5.2;383;158;1879;83;551;228;18.5;52.2;0.872
10/04/2004;02.00.00;2.4;647;185;5.5;383;370;1616;141;968;333;17.8;35.9;0.735
10/04/2004;03.00.00;1.1;647;245;3.1;383;285;1945;98;801;436;18.6;74.7;1.741
10/04/2004;04.00.00;1.3;647;260;6.0;383;215;1799;147;1243;228;14.6;64.2;1.392
10/04/2004;05.00.00;0.2;647;277;0.1;383;506;1418;65;551;696;31.4;86.3;1.261
10/04/2004;06.00.00;0.9;647;134;3.4;383;104;1970;99;692;228;21.3;43.0;1.232
10/04/2004;07.00.00;0.3;647;390;0.1;383;223;1876;109;939;288;13.0;22.4;0.959
10/04/2004;08.00.00;0.8;647;306;0.6;383;321;1704;219;1666;413;27.7;51.4;0.18
10/04/2004;09.00.00;3.6;959;308;10.6;383;112;1972;78;603;228;12.2;83.2;1.862
10/04/2004;10.00.00;0.8;647;332;3.7;383;323;1664;143;1161;259;8.9;52.2;0.882
10/04/2004;11.00.00;5.8;1580;268;17.3;460;410;1638;135;1161;507;14.6;59.2;1.347
10/04/2004;12.00.00;2.8;802;120;9.3;383;228;1848;196;1550;291;29.5;57.2;1.412
10/04/2004;13.00.00;2.4;651;204;6.3;383;141;1961;178;1465;228;9.1;26.7;0.952
10/04/2004;14.00.00;0.9;647;61;2.0;383;198;1823;90;627;228;15.7;32.8;1.865
10/04/2004;15.00.00;3.1;912;257;12.5;389;2;1959;62;551;228;13.3;39.4;1.449
10/04/2004;16.00.00;1.3;647;201;2.0;383;399;1676;45;551;361;24.9;44.4;0.727
10/04/2004;17.00.00;2.3;647;214;8.9;383;286;1607;124;884;420;9.4;65.8;1.375
10/04/2004;18.00.00;5.7;1515;332;18.3;387;219;1802;161;1458;228;23.0;36.0;1.484
10/04/2004;19.00.00;2.0;764;174;5.3;383;2;1839;167;1489;228;7.3;9.2;1.002
10/04/2004;20.00.00;3.8;1013;194;9.6;383;415;1600;100;815;549;26.7;34.3;1.274
10/04/2004;21.00.00;1.2;647;220;1.4;383;179;1742;115;1044;228;22.5;41.2;0.94
10/04/2004;22.00.00;2.1;647;43;5.2;383;332;1776;181;1425;351;23.9;71.8;0.827
10/04/2004;23.00.00;4.6;1273;192;14.5;406;244;1746;76;600;383;19.4;35.1;1.069
11/04/2004;00.00.00;1.3;647;7;5.3;383;2;2097;2;551;228;9.5;9.2;1.07
11/04/2004;01.00.00;4.7;1350;162;14.4;515;440;1500;168;1273;440;24.4;32.8;0.916
11/04/2004;02.00.00;3.1;661;299;9.6;383;411;1651;57;551;341;22.7;49.2;0.18
11/04/2004;03.00.00;1.4;647;260;4.2;383;362;1716;99;767;433;11.9;9.2;1.639
11/04/2004;04.00.00;3.0;757;161;10.7;383;294;1803;134;1183;305;8.1;58.9;1.531
11/04/2004;05.00.00;3.5;1009;221;12.5;383;62;2122;90;748;228;18.6;56.7;0.68
11/04/2004;06.00.00;3.0;762;115;6.9;383;378;1539;164;1384;407;19.2;49.3;0.894
11/04/2004;07.00.00;0.1;647;217;0.1;383;583;1472;241;1961;752;23.8;57.5;0.617
11/04/2004;08.00.00;1.1;647;496;6.1;383;263;1948;74;551;246;13.0;41.1;0.383
11/04/2004;09.00.00;1.8;647;393;3.1;383;266;1712;119;975;385;21.1;37.7;0.601
11/04/2004;10.00.00;2.0;647;222;6.7;383;77;1973;113;879;228;25.8;38.3;1.055
11/04/2004;11.00.00;3.0;749;233;9.3;383;2;1923;128;939;228;1.4;43.5;1.165
11/04/2004;12.00.00;2.4;647;124;6.5;383;191;1735;84;745;228;-0.6;83.2;0.63
11/04/2004;13.00.00;0.3;647;141;4.1;383;472;1556;81;551;549;19.4;36.1;0.898
11/04/2004;14.00.00;2.7;647;252;8.7;383;451;1796;82;610;563;20.3;62.0;1.122
11/04/2004;15.00.00;3.0;827;168;12.6;383;235;1717;90;904;362;13.0;32.5;0.754
11/04/2004;16.00.00;2.9;881;303;9.4;383;311;1726;91;788;324;6.2;48.6;1.209
11/04/2004;17.00.00;3.7;976;367;12.6;383;59;1931;2;551;228;32.6;47.8;0.628
11/04/2004;18.00.00;3.3;862;249;9.5;383;263;1862;117;764;331;18.5;9.2;1.821
11/04/2004;19.00.00;2.8;800;227;7.8;383;165;1957;98;778;325;18.9;51.0;0.765
11/04/2004;20.00.00;2.1;663;58;7.4;383;254;1805;78;551;332;14.0;36.9;0.88
11/04/2004;21.00.00;0.1;647;289;1.2;383;203;1581;117;933;228;16.8;19.4;0.582
11/04/2004;22.00.00;2.8;758;109;10.0;383;201;1767;112;886;298;15.8;52.8;0.188
11/04/2004;23.00.00;2.4;647;178;8.6;383;398;1585;93;682;478;29.0;67.1;1.165
12/04/2004;00.00.00;2.5;677;309;5.4;383;546;1655;113;1001;633;37.9;49.3;0.514
12/04/2004;01.00.00;0.4;647;315;0.1;383;220;1750;85;756;305;11.7;66.5;1.094
12/04/2004;02.00.00;0.6;647;173;3.7;383;463;1764;56;551;493;26.7;85.4;0.776
12/04/2004;03.00.00;3.6;978;179;7.7;383;56;1987;207;1782;228;30.9;48.1;1.491
12/04/2004;04.00.00;2.1;647;151;7.3;383;231;1905;89;621;236;11.4;52.8;0.988
12/04/2004;05.00.00;3.1;875;104;9.7;383;47;2142;125;1139;228;13.5;54.5;0.387
12/04/2004;06.00.00;2.2;697;157;8.7;383;198;1765;237;1884;228;8.4;63.2;1.054
12/04/2004;07.00.00;2.2;647;64;7.8;383;355;1586;93;713;438;13.3;36.8;2.003
12/04/2004;08.00.00;3.5;919;282;9.8;383;417;1681;135;1199;513;11.1;66.9;0.923
12/04/2004;09.00.00;1.4;647;255;3.1;383;126;1974;224;1784;228;16.2;67.1;0.8
12/04/2004;10.00.00;2.3;736;271;6.3;383;316;1693;33;551;341;7.8;54.8;1.25
12/04/2004;11.00.00;1.5;647;127;6.0;383;434;1655;177;1312;617;22.8;74.3;0.76
12/04/2004;12.00.00;1.5;647;104;0.3;383;412;1767;123;991;577;24.7;67.1;1.028
12/04/2004;13.00.00;1.7;647;223;5.8;383;285;1860;88;747;492;14.5;30.6;1.078
12/04/2004;14.00.00;2.5;680;224;6.1;383;155;1828;115;1018;228;9.4;49.5;0.597
12/04/2004;15.00.00;1.5;647;204;5.1;383;140;1909;95;822;228;19.6;63.2;1.336
12/04/2004;16.00.00;3.9;1134;190;13.2;383;117;1831;188;1512;228;20.2;67.1;1.447
12/04/2004;17.00.00;0.9;647;380;0.1;383;241;1691;112;935;228;12.3;9.2;0.694
12/04/2004;18.00.00;1.9;647;258;5.6;383;120;2012;146;1113;228;14.7;47.2;1.304
12/04/2004;19.00.00;1.5;647;405;5.2;383;349;1549;87;749;410;14.3;70.1;1.344
12/04/2004;20.00.00;4.2;1128;338;13.5;418;280;1790;127;1054;259;24.4;66.6;0.996
12/04/2004;21.00.00;2.4;820;379;7.5;383;274;1751;94;694;391;19.6;23.1;1.599
12/04/2004;22.00.00;3.6;1079;115;9.1;383;2;2042;44;551;228;3.4;33.3;1.657
12/04/2004;23.00.00;0.1;647;274;0.1;383;250;1744;175;1468;228;37.1;56.0;0.774
13/04/2004;00.00.00;2.5;735;176;5.3;383;175;1950;129;1233;299;14.5;47.1;1.188
13/04/2004;01.00.00;3.4;897;59;12.0;383;577;1520;150;1294;697;24.0;45.1;1.213
13/04/2004;02.00.00;2.3;647;360;7.0;383;50;2075;78;642;228;18.5;49.7;1.359
13/04/2004;03.00.00;3.6;1013;190;11.5;383;214;1845;169;1381;228;14.0;44.9;1.215
13/04/2004;04.00.00;1.4;647;117;1.2;383;304;1672;135;1072;402;25.6;43.3;1.381
13/04/2004;05.00.00;4.1;1275;178;13.1;383;97;1965;120;970;228;32.4;59.1;1.138
13/04/2004;06.00.00;5.4;1592;142;18.4;396;541;1600;162;1361;637;9.0;62.5;1.949
13/04/2004;07.00.00;1.6;647;152;1.6;383;544;1556;97;837;657;11.7;50.4;1.016
13/04/2004;08.00.00;1.5;647;196;3.8;383;114;1848;175;1394;228;30.4;71.2;0.642
13/04/2004;09.00.00;4.2;1230;382;10.3;383;155;1944;81;561;228;34.6;39.1;1.354
13/04/2004;10.00.00;4.4;1270;154;13.1;383;574;1463;114;899;810;21.0;50.3;0.897
13/04/2004;11.00.00;1.4;647;375;2.7;383;459;1563;68;551;409;28.8;45.6;0.808
13/04/2004;12.00.00;1.6;670;298;5.8;383;189;1890;57;551;228;14.2;24.1;1.002
13/04/2004;13.00.00;1.8;647;255;6.0;383;312;1733;90;773;460;4.7;58.5;1.168
13/04/2004;14.00.00;0.3;647;289;3.4;383;33;1815;105;869;228;17.5;68.5;0.752
13/04/2004;15.00.00;0.9;647;219;2.7;383;582;1457;139;1042;791;29.4;63.3;1.312
13/04/2004;16.00.00;0.7;647;340;3.1;383;257;1826;82;631;349;12.2;53.4;0.822
13/04/2004;17.00.00;1.1;647;271;2.3;383;335;1709;141;1153;472;31.0;23.0;1.334
13/04/2004;18.00.00;2.1;647;59;4.5;383;102;1909;97;801;228;28.0;60.7;1.027
13/04/2004;19.00.00;2.5;779;246;9.6;383;72;1963;89;749;228;19.4;80.2;1.169
13/04/2004;20.00.00;4.3;1208;292;16.3;448;315;1784;143;1084;426;41.0;47.1;0.55
13/04/2004;21.00.00;0.8;647;190;3.8;383;539;1577;86;723;569;16.8;51.0;0.374
13/04/2004;22.00.00;3.5;1033;229;11.6;383;163;1603;200;1601;228;7.6;70.6;1.212
13/04/2004;23.00.00;1.9;647;159;4.0;383;96;1918;133;1131;228;15.4;50.6;1.814
14/04/2004;00.00.00;2.1;665;87;8.9;383;292;1724;47;551;389;21.0;46.0;0.723
14/04/2004;01.00.00;3.1;969;70;11.1;383;496;1605;107;1100;553;12.7;49.0;1.739
14/04/2004;02.00.00;0.6;647;71;5.9;383;148;1966;81;760;228;12.5;62.5;1.202
14/04/2004;03.00.00;2.7;775;281;6.3;383;207;1747;34;551;228;21.8;64.7;0.829
14/04/2004;04.00.00;2.4;684;7;9.4;383;374;1706;163;1307;419;24.8;12.8;0.886
14/04/2004;05.00.00;2.8;834;154;10.2;383;390;1725;164;1244;561;20.4;60.5;1.202
14/04/2004;06.00.00;2.6;719;145;7.5;383;202;1813;78;552;228;17.7;51.7;1.625
14/04/2004;07.00.00;5.6;1564;191;20.6;434;413;1564;147;1198;501;13.4;35.6;1.218
14/04/2004;08.00.00;1.3;647;41;4.8;383;326;1642;155;1264;504;12.3;73.3;1.008
14/04/2004;09.00.00;1.4;647;256;2.6;383;248;1798;112;1113;369;15.9;60.1;1.171
14/04/2004;10.00.00;1.3;647;97;3.9;383;384;1643;158;1211;467;8.0;26.8;0.611
14/04/2004;11.00.00;1.4;647;325;2.5;383;362;1555;127;950;495;13.2;61.6;0.756
14/04/2004;12.00.00;1.3;647;158;3.1;383;85;1867;167;1363;228;20.5;68.9;1.144
14/04/2004;13.00.00;3.8;1043;208;13.6;383;472;1517;56;551;626;8.8;35.9;1.097
14/04/2004;14.00.00;4.1;1191;218;15.2;383;298;1820;120;991;457;1.5;52.7;0.998
14/04/2004;15.00.00;1.4;647;241;4.8;383;456;1516;122;943;566;14.3;47.6;1.089
14/04/2004;16.00.00;1.0;647;221;1.7;383;253;1910;57;551;385;8.4;49.3;0.934
14/04/2004;17.00.00;2.8;647;177;9.8;383;283;1945;62;551;259;13.8;43.6;0.563
14/04/2004;18.00.00;1.4;647;250;5.9;383;307;1695;36;551;275;24.8;41.5;0.648
14/04/2004;19.00.00;3.0;921;262;5.8;383;329;1687;115;892;458;24.7;59.5;1.255
14/04/2004;20.00.00;2.4;647;145;8.0;383;479;1691;91;777;773;17.5;50.9;1.675
14/04/2004;21.00.00;0.1;647;258;0.1;383;317;1832;51;551;388;22.6;62.2;1.186
14/04/2004;22.00.00;4.3;1250;331;15.7;462;241;1767;171;1320;360;33.7;67.3;0.649
14/04/2004;23.00.00;4.7;1411;285;15.7;401;400;1644;132;1019;245;16.0;76.4;1.423
15/04/2004;00.00.00;1.3;647;306;5.1;383;311;1715;78;709;423;10.2;36.1;1.03
15/04/2004;01.00.00;1.6;647;234;4.2;383;698;1373;122;1006;798;23.4;71.2;1.302
15/04/2004;02.00.00;2.6;748;129;8.2;383;290;1840;101;783;508;14.0;56.8;1.049
15/04/2004;03.00.00;2.6;835;141;10.3;383;435;1664;38;551;584;9.3;52.2;1.442
15/04/2004;04.00.00;3.1;934;248;9.7;383;380;1637;126;1044;463;16.0;54.6;1.329
15/04/2004;05.00.00;5.0;1336;307;16.2;389;2;2003;191;1642;228;21.2;46.8;0.501
15/04/2004;06.00.00;1.9;647;482;3.0;383;133;1863;180;1517;262;20.9;21.8;1.348
15/04/2004;07.00.00;1.0;647;311;3.2;383;178;2057;117;1037;319;6.9;63.1;1.057
15/04/2004;08.00.00;0.2;647;106;0.1;383;16;1966;92;709;228;21.5;58.9;0.963
15/04/2004;09.00.00;1.1;647;145;2.6;383;185;1910;140;1049;316;6.3;54.3;1.268
15/04/2004;10.00.00;2.1;647;434;6.9;383;36;2005;125;1068;228;7.7;24.0;1.198
15/04/2004;11.00.00;4.7;1233;197;16.5;465;76;1926;106;913;228;28.7;52.0;0.775
15/04/2004;12.00.00;1.4;647;222;2.6;383;282;1808;202;1609;405;4.2;56.7;1.182
15/04/2004;13.00.00;2.5;647;126;8.6;383;539;1585;93;668;692;-1.2;80.6;0.418
15/04/2004;14.00.00;2.1;647;366;9.7;383;37;2168;158;1296;228;21.5;55.5;1.363
15/04/2004;15.00.00;3.8;1160;265;10.9;383;60;1944;119;990;228;13.2;19.3;1.176
15/04/2004;16.00.00;5.7;1577;144;15.1;451;164;1659;120;852;228;14.9;57.8;1.206
15/04/2004;17.00.00;1.4;647;123;5.1;383;223;1996;33;551;228;29.9;69.0;0.82
15/04/2004;18.00.00;1.5;647;247;2.3;383;10;1951;165;1418;228;26.5;43.4;2.23
15/04/2004;19.00.00;3.6;1146;222;9.9;383;139;1895;153;1120;228;25.5;22.8;1.437
15/04/2004;20.00.00;3.1;817;297;11.8;383;124;1856;122;1018;228;18.2;80.9;0.933
15/04/2004;21.00.00;4.7;1287;269;18.9;452;294;1716;162;1406;307;22.1;51.1;1.245
15/04/2004;22.00.00;3.0;872;192;7.5;383;311;1661;132;1173;461;14.1;39.9;1.227
15/04/2004;23.00.00;1.6;647;166;3.8;383;222;1661;50;551;228;13.1;62.6;1.173
16/04/2004;00.00.00;3.0;791;202;8.6;383;188;1792;66;618;228;18.0;33.1;0.18
16/04/2004;01.00.00;3.7;930;165;10.8;383;137;1931;110;855;318;22.9;33.1;1.126
16/04/2004;02.00.00;3.3;974;205;14.4;383;253;1665;31;551;228;30.4;42.5;1.419
16/04/2004;03.00.00;2.9;864;219;8.1;383;96;1963;166;1536;228;26.6;53.1;0.814
16/04/2004;04.00.00;3.6;1020;132;10.9;383;482;1799;102;838;619;23.4;38.7;0.398
16/04/2004;05.00.00;3.8;1015;277;15.4;383;16;2009;119;925;228;17.1;58.5;0.799
16/04/2004;06.00.00;4.1;1223;182;14.2;383;145;1772;65;591;228;15.9;60.7;1.055
16/04/2004;07.00.00;3.1;898;138;11.8;383;378;1729;144;1287;390;19.8;48.6;1.713
16/04/2004;08.00.00;1.9;647;184;4.3;383;185;1928;106;863;228;19.4;45.6;1.093
16/04/2004;09.00.00;2.4;663;241;6.5;383;348;1825;97;736;444;9.4;63.4;0.782
16/04/2004;10.00.00;3.8;966;225;10.2;383;508;1608;180;1453;514;15.0;59.1;1.437
16/04/2004;11.00.00;1.0;647;258;4.8;383;373;1749;175;1494;562;18.2;30.8;0.89
16/04/2004;12.00.00;2.7;725;303;11.0;383;62;2018;148;1167;228;23.1;69.8;0.463
16/04/2004;13.00.00;1.6;647;341;3.9;383;69;1992;123;1071;228;17.5;62.1;0.702
16/04/2004;14.00.00;2.2;647;245;6.3;383;217;1851;88;694;228;33.4;39.9;1.261
16/04/2004;15.00.00;3.9;1106;116;12.0;383;313;1697;99;644;414;13.1;21.1;0.676
16/04/2004;16.00.00;2.4;748;192;4.6;383;430;1731;96;897;438;20.0;53.9;1.408
16/04/2004;17.00.00;2.2;667;122;5.7;383;125;1856;131;1081;228;17.0;52.9;1.75
16/04/2004;18.00.00;0.2;647;379;2.3;383;171;2070;111;976;271;21.3;53.5;1.572
16/04/2004;19.00.00;3.2;955;406;8.5;383;207;1782;112;925;321;18.1;72.5;0.814
16/04/2004;20.00.00;3.1;887;279;10.0;383;204;1900;186;1498;228;15.5;48.5;0.523
16/04/2004;21.00.00;5.2;1415;299;14.0;383;474;1517;167;1402;690;22.5;55.6;0.18
16/04/2004;22.00.00;1.7;647;241;5.2;383;230;1777;75;591;280;11.5;58.6;0.844
16/04/2004;23.00.00;2.5;676;252;6.7;383;269;1737;127;1163;319;7.5;41.4;0.18
17/04/2004;00.00.00;2.5;740;66;5.6;383;385;1582;75;603;506;25.7;62.2;1.156
17/04/2004;01.00.00;4.4;1190;210;15.5;383;489;1562;141;1280;456;18.2;72.1;1.63
17/04/2004;02.00.00;2.0;647;134;8.1;383;240;1836;205;1693;270;30.1;42.0;1.146
17/04/2004;03.00.00;2.5;868;244;6.2;383;438;1629;95;576;555;18.1;18.0;0.803
17/04/2004;04.00.00;3.0;915;212;9.2;383;525;1674;150;1128;584;6.4;35.5;1.518
17/04/2004;05.00.00;2.4;647;402;7.8;383;229;1742;190;1591;271;21.4;50.1;0.778
17/04/2004;06.00.00;1.5;647;305;1.3;383;159;1927;106;778;325;3.7;22.2;0.866
17/04/2004;07.00.00;2.4;687;245;5.0;383;580;1488;136;985;632;5.1;40.1;0.945
17/04/2004;08.00.00;3.7;1054;192;14.3;383;417;1756;195;1665;565;18.2;49.5;0.662
17/04/2004;09.00.00;0.7;647;377;0.2;383;247;1864;68;551;247;19.6;59.9;0.987
17/04/2004;10.00.00;2.3;749;215;10.0;383;345;1804;63;568;421;19.1;65.7;1.439
17/04/2004;11.00.00;1.2;647;249;1.1;383;86;1918;53;551;228;11.9;55.0;1.019
17/04/2004;12.00.00;3.8;1065;222;13.6;461;415;1773;149;1250;564;11.6;46.1;0.461
17/04/2004;13.00.00;0.1;647;179;0.1;383;2;1865;64;551;228;39.6;42.1;1.062
17/04/2004;14.00.00;1.4;647;221;4.0;383;409;1707;139;953;551;9.0;48.1;1.186
17/04/2004;15.00.00;2.7;759;31;12.3;383;135;1902;178;1400;228;11.6;62.6;0.863
17/04/2004;16.00.00;4.3;1240;70;11.4;383;2;2065;81;630;228;29.6;58.0;0.949
17/04/2004;17.00.00;2.1;647;251;7.8;383;2;1992;76;644;228;11.6;49.5;1.48
17/04/2004;18.00.00;1.4;647;366;5.5;383;173;1782;145;1186;228;15.9;71.4;0.885
17/04/2004;19.00.00;4.8;1292;251;22.0;501;354;1628;115;902;393;18.3;43.4;1.139
17/04/2004;20.00.00;0.1;647;149;0.1;383;33;1972;2;551;228;15.2;67.5;1.099
17/04/2004;21.00.00;0.1;647;80;0.1;383;56;1933;186;1530;228;27.2;41.5;0.373
17/04/2004;22.00.00;2.8;663;292;10.5;383;170;1932;139;1185;276;26.1;30.1;0.543
17/04/2004;23.00.00;1.4;647;164;4.2;383;369;1780;94;784;459;24.2;50.3;0.954
18/04/2004;00.00.00;0.7;647;279;1.4;383;388;1692;92;724;449;29.6;18.3;1.265
18/04/2004;01.00.00;3.1;887;255;12.0;383;267;1788;146;1143;387;17.1;44.0;1.687
18/04/2004;02.00.00;2.5;675;263;7.4;383;396;1768;110;813;498;28.2;62.7;0.373
18/04/2004;03.00.00;1.4;647;221;2.6;383;351;1699;115;945;431;21.8;62.4;0.418
18/04/2004;04.00.00;0.4;647;254;2.6;383;182;1837;120;977;346;10.7;71.8;0.969
18/04/2004;05.00.00;3.4;1030;206;11.5;383;385;1586;73;656;539;22.0;37.0;1.238
18/04/2004;06.00.00;3.1;892;157;9.2;383;49;2030;95;715;271;14.5;30.8;0.629
18/04/2004;07.00.00;2.0;715;126;5.7;383;320;1736;103;841;228;5.9;60.1;1.144
18/04/2004;08.00.00;4.7;1247;7;13.3;402;67;2036;76;551;228;5.9;36.3;1.348
18/04/2004;09.00.00;0.7;647;200;3.5;383;267;1689;126;982;440;10.3;52.7;1.326
18/04/2004;10.00.00;0.1;647;362;0.1;383;432;1614;136;1045;464;30.5;31.6;1.895
18/04/2004;11.00.00;1.2;647;287;2.2;383;278;1852;193;1636;325;-1.9;41.3;0.757
18/04/2004;12.00.00;2.1;647;239;4.1;383;244;1830;76;748;299;15.9;40.6;0.18
18/04/2004;13.00.00;2.5;698;148;8.8;383;280;1680;155;1151;300;22.4;48.8;0.721
18/04/2004;14.00.00;1.8;647;312;4.8;383;347;1795;181;1523;389;16.8;47.1;1.404
18/04/2004;15.00.00;2.6;727;206;4.4;383;572;1437;158;1323;951;15.2;52.8;1.454
18/04/2004;16.00.00;0.4;647;367;0.1;383;345;1789;89;668;415;11.5;52.8;0.348
18/04/2004;17.00.00;4.2;1175;124;12.9;383;169;1786;98;725;250;29.8;57.0;1.595
18/04/2004;18.00.00;2.0;647;146;6.1;383;214;1925;185;1425;286;14.4;43.2;0.366
18/04/2004;19.00.00;3.7;994;137;11.4;383;108;1922;104;802;228;8.2;57.3;0.86
18/04/2004;20.00.00;2.6;801;77;7.6;383;56;1982;111;863;228;14.1;66.5;1.212
18/04/2004;21.00.00;2.8;728;128;6.0;383;2;1991;89;704;228;20.1;29.2;0.844
18/04/2004;22.00.00;2.9;898;227;7.7;383;175;1866;150;1160;228;11.9;32.1;1.208
18/04/2004;23.00.00;2.8;875;150;11.3;383;31;1981;2;551;228;21.3;61.0;0.83
19/04/2004;00.00.00;3.0;720;7;11.8;383;260;1847;74;633;325;17.7;62.4;1.07
19/04/2004;01.00.00;4.0;1213;320;14.0;440;168;1860;65;551;228;20.9;43.5;0.478
19/04/2004;02.00.00;2.4;843;58;8.7;383;79;2053;189;1470;228;29.2;59.3;1.633
19/04/2004;03.00.00;3.1;900;273;11.9;383;2;1939;124;947;228;3.7;42.5;0.942
19/04/2004;04.00.00;2.0;647;220;4.2;383;192;1914;103;861;228;14.7;48.6;0.874
19/04/2004;05.00.00;4.2;1249;419;13.4;383;2;2043;103;830;228;10.9;48.6;1.199
19/04/2004;06.00.00;1.2;647;312;1.6;383;354;1815;46;551;358;12.2;51.0;0.474
19/04/2004;07.00.00;4.7;1322;170;12.7;383;284;1781;178;1493;359;19.0;72.6;0.926
19/04/2004;08.00.00;2.1;647;151;7.4;383;211;1857;96;764;228;17.9;88.7;0.511
19/04/2004;09.00.00;0.1;647;360;2.4;383;467;1651;141;1241;601;4.4;25.8;0.694
19/04/2004;10.00.00;2.3;692;77;7.1;383;247;1704;81;551;228;8.4;39.4;0.973
19/04/2004;11.00.00;1.2;647;236;7.1;383;305;1787;110;775;354;26.9;37.2;1.195
19/04/2004;12.00.00;3.3;1016;205;11.1;383;351;1980;68;695;444;7.1;72.4;0.795
19/04/2004;13.00.00;1.2;647;185;2.4;383;166;1995;101;776;233;23.5;69.2;0.88
19/04/2004;14.00.00;1.5;647;251;2.7;383;167;1803;162;1327;228;2.6;64.1;1.293
19/04/2004;15.00.00;0.1;647;236;2.4;383;252;1654;118;1044;299;5.0;42.3;0.889
19/04/2004;16.00.00;1.5;647;261;5.1;383;39;1972;130;1075;228;22.1;52.6;0.706
19/04/2004;17.00.00;0.1;647;231;1.7;383;519;1671;116;1001;750;29.9;22.0;1.171
19/04/2004;18.00.00;0.1;647;257;0.1;383;270;1780;191;1579;341;25.7;61.4;1.009
19/04/2004;19.00.00;3.2;834;226;10.8;383;215;1978;73;669;228;13.8;55.6;0.958
19/04/2004;20.00.00;3.3;1039;155;9.4;383;565;1485;106;890;520;12.0;41.1;1.463
19/04/2004;21.00.00;2.7;726;218;6.0;383;77;1956;122;1034;228;21.4;62.3;0.824
19/04/2004;22.00.00;0.8;647;150;2.4;383;481;1606;65;551;474;4.9;45.6;1.27
19/04/2004;23.00.00;2.1;647;143;8.8;383;370;1762;119;994;459;21.5;17.6;0.18
20/04/2004;00.00.00;2.1;647;186;11.4;383;416;1730;114;912;404;13.5;70.7;0.88
20/04/2004;01.00.00;0.5;647;206;2.2;383;219;1919;118;940;274;31.0;78.5;1.022
20/04/2004;02.00.00;4.3;1113;221;12.2;383;254;1786;118;815;330;20.4;25.8;0.939
20/04/2004;03.00.00;3.4;995;305;9.3;383;193;1945;80;612;296;16.6;53.5;0.707
20/04/2004;04.00.00;1.8;647;170;7.8;383;398;1708;35;551;470;19.8;74.3;0.389
20/04/2004;05.00.00;2.2;683;236;5.0;383;305;1864;121;1098;360;15.1;26.5;0.76
20/04/2004;06.00.00;2.4;795;229;9.1;383;160;1991;70;551;228;22.0;12.9;0.793
20/04/2004;07.00.00;0.1;647;160;0.9;383;167;1867;108;891;228;10.9;45.0;1.079
20/04/2004;08.00.00;1.8;647;225;6.1;383;243;1751;77;726;295;26.6;50.5;1.4
20/04/2004;09.00.00;1.2;647;313;0.7;383;195;1860;41;551;237;15.1;70.9;0.563
20/04/2004;10.00.00;0.7;647;235;1.7;383;466;1705;130;1011;546;24.7;87.8;1.126
20/04/2004;11.00.00;1.8;647;239;2.7;383;369;1583;146;1243;357;24.1;60.5;0.764
20/04/2004;12.00.00;4.7;1237;150;13.8;383;369;1664;165;1525;339;19.2;19.3;1.273
20/04/2004;13.00.00;3.0;908;405;11.6;383;281;1829;91;573;458;23.5;56.7;1.398
20/04/2004;14.00.00;1.4;647;156;6.8;383;119;1697;114;909;228;14.4;46.6;1.266
20/04/2004;15.00.00;3.0;866;59;9.9;383;352;1635;129;1085;611;23.2;65.3;1.211
20/04/2004;16.00.00;4.1;991;299;12.0;383;2;1949;162;1363;228;5.2;16.9;0.18
20/04/2004;17.00.00;3.4;935;207;14.2;472;272;1775;28;551;380;9.6;64.7;0.8
20/04/2004;18.00.00;2.2;647;189;6.0;383;121;1876;42;551;228;16.6;75.9;1.358
20/04/2004;19.00.00;1.2;647;166;1.7;383;109;1887;179;1418;249;2.9;52.8;1.722
20/04/2004;20.00.00;3.1;817;395;11.4;383;175;1753;32;551;228;18.7;68.9;1.351
20/04/2004;21.00.00;2.7;775;251;9.6;383;233;1955;157;1266;331;35.0;62.3;1.233
20/04/2004;22.00.00;3.4;853;270;9.8;383;242;1757;176;1456;299;12.3;12.3;1.037
20/04/2004;23.00.00;3.0;775;233;9.9;383;366;1554;151;1379;557;18.4;51.8;0.82
21/04/2004;00.00.00;3.6;1065;243;12.5;383;219;1915;64;655;252;10.3;54.7;1.606
21/04/2004;01.00.00;1.4;647;350;4.9;383;230;1753;70;682;279;26.6;30.9;1.21
21/04/2004;02.00.00;4.0;1161;194;13.7;439;32;1877;110;826;228;16.2;54.4;0.919
21/04/2004;03.00.00;2.4;647;79;6.8;383;52;2012;197;1610;228;17.9;21.0;1.12
21/04/2004;04.00.00;5.1;1556;300;17.2;383;289;1726;196;1604;377;16.3;49.4;1.107
21/04/2004;05.00.00;1.2;647;265;3.8;383;342;1739;127;1056;502;15.9;56.6;1.167
21/04/2004;06.00.00;4.6;1264;228;13.7;416;206;1784;36;551;270;8.2;88.7;1.302
21/04/2004;07.00.00;2.4;706;262;7.3;383;388;1651;120;1056;455;19.4;33.6;0.518
21/04/2004;08.00.00;1.2;647;182;3.8;383;30;1896;103;795;228;15.9;61.6;0.523
21/04/2004;09.00.00;1.5;647;219;1.8;383;306;1657;114;939;384;6.1;28.3;1.478
21/04/2004;10.00.00;1.7;647;205;4.2;383;115;2185;33;551;228;3.3;68.5;0.703
21/04/2004;11.00.00;2.7;845;161;8.9;383;103;1850;124;1169;228;16.7;48.1;0.912
21/04/2004;12.00.00;2.9;870;330;6.5;383;128;1779;40;551;228;15.6;58.7;1.163
21/04/2004;13.00.00;1.3;647;83;3.1;383;233;1903;2;551;228;7.5;33.6;1.009
21/04/2004;14.00.00;2.1;647;442;11.5;383;313;1770;123;1026;464;24.6;58.2;1.058
21/04/2004;15.00.00;5.1;1629;301;14.2;428;301;1760;205;1738;274;13.8;39.0;0.766
21/04/2004;16.00.00;4.6;1355;49;13.9;383;201;1799;72;713;228;22.5;46.9;1.672
21/04/2004;17.00.00;2.8;699;196;7.2;383;342;1693;90;695;459;11.3;30.1;1.282
21/04/2004;18.00.00;2.2;647;201;6.8;383;504;1572;155;1241;499;15.0;43.0;1.017
21/04/2004;19.00.00;2.3;647;255;5.8;383;227;1908;168;1356;228;13.1;53.7;1.981
21/04/2004;20.00.00;3.0;831;124;9.1;383;260;1771;118;982;491;14.9;48.7;0.752
21/04/2004;21.00.00;0.7;647;221;0.9;383;152;1969;78;698;258;19.8;70.0;1.203
21/04/2004;22.00.00;1.8;647;206;7.8;383;186;1846;176;1383;250;15.8;39.2;1.076
21/04/2004;23.00.00;0.1;647;147;0.5;383;436;1633;53;580;576;23.0;76.1;1.152
22/04/2004;00.00.00;2.7;804;134;6.7;383;438;1567;87;557;389;8.7;43.2;1.12
22/04/2004;01.00.00;3.1;656;305;11.5;383;215;1999;141;1034;308;12.2;76.7;2.107
22/04/2004;02.00.00;1.5;647;56;2.8;383;321;1744;37;551;541;20.7;54.6;1.155
22/04/2004;03.00.00;4.4;1306;263;10.8;383;386;1690;131;1039;424;25.2;84.1;1.186
22/04/2004;04.00.00;0.4;647;293;1.4;383;177;2006;167;1295;359;18.7;51.7;0.656
22/04/2004;05.00.00;0.1;647;197;4.1;383;46;1996;193;1624;228;24.0;22.4;0.832
22/04/2004;06.00.00;2.5;647;222;4.2;383;351;1761;94;819;431;10.9;45.0;1.2
22/04/2004;07.00.00;3.6;974;328;8.9;383;383;1698;91;834;352;14.1;48.9;0.884
22/04/2004;08.00.00;4.5;1381;151;15.9;466;360;1649;147;1095;467;22.6;76.7;1.264
22/04/2004;09.00.00;1.5;647;160;3.5;383;188;1946;83;731;238;15.1;19.1;0.929
22/04/2004;10.00.00;3.7;875;170;12.9;383;479;1503;98;849;557;14.3;33.6;0.741
22/04/2004;11.00.00;2.1;647;328;5.0;383;289;1690;128;947;278;14.9;52.7;0.331
22/04/2004;12.00.00;1.9;647;340;6.4;383;70;1881;130;1050;228;8.3;54.3;1.522
22/04/2004;13.00.00;3.4;1044;85;14.3;383;2;2018;21;551;228;9.6;70.3;0.876
22/04/2004;14.00.00;3.1;858;313;7.4;383;200;1838;57;563;329;12.5;15.6;0.911
22/04/2004;15.00.00;0.1;647;295;2.4;383;280;1626;25;551;357;29.4;36.9;1.344
22/04/2004;16.00.00;4.2;1264;365;14.9;383;201;2023;32;551;228;14.6;63.3;0.762
22/04/2004;17.00.00;4.1;1152;254;10.1;383;551;1619;59;596;741;15.2;47.9;1.662
22/04/2004;18.00.00;1.3;647;213;5.2;383;307;1714;102;821;334;23.3;61.1;1.174
22/04/2004;19.00.00;2.7;849;326;8.8;383;97;1956;106;704;228;17.9;46.8;1.481
22/04/2004;20.00.00;2.8;811;284;9.3;383;2;2034;9;551;228;14.2;66.6;1.369
22/04/2004;21.00.00;2.5;704;431;8.7;383;281;1748;68;636;228;17.3;37.8;1.316
22/04/2004;22.00.00;1.4;647;309;3.7;383;397;1713;40;551;523;10.7;44.7;0.811
22/04/2004;23.00.00;1.2;647;232;4.0;383;531;1607;103;836;633;8.4;48.1;0.576
23/04/2004;00.00.00;2.1;647;106;7.2;383;215;1915;81;625;302;25.7;36.7;1.389
23/04/2004;01.00.00;3.8;1061;162;13.6;383;509;1597;173;1384;628;20.5;51.0;0.381
23/04/2004;02.00.00;2.9;799;81;6.3;383;38;1995;106;815;228;2.5;41.6;0.486
23/04/2004;03.00.00;1.6;647;197;7.8;383;193;1828;83;711;235;24.4;54.4;0.902
23/04/2004;04.00.00;3.2;921;305;8.0;383;90;1892;100;785;339;16.3;53.5;0.892
23/04/2004;05.00.00;0.1;647;217;1.8;383;367;1644;82;709;482;15.9;36.4;0.508
23/04/2004;06.00.00;3.8;1053;315;12.2;383;46;1898;177;1389;228;25.4;58.3;0.926
23/04/2004;07.00.00;0.1;647;250;0.1;383;307;1716;96;864;248;10.1;53.1;0.956
23/04/2004;08.00.00;1.6;647;179;6.3;383;56;1936;134;1080;228;18.4;39.0;0.851
23/04/2004;09.00.00;0.6;647;226;0.1;383;514;1668;150;1110;572;29.5;63.9;1.071
23/04/2004;10.00.00;0.3;647;262;3.2;383;188;1818;81;581;312;15.6;50.9;0.18
23/04/2004;11.00.00;3.8;980;231;10.7;383;303;1730;26;551;390;14.6;67.2;1.353
23/04/2004;12.00.00;1.5;647;232;1.8;383;2;1975;89;631;228;31.2;73.1;1.709
23/04/2004;13.00.00;2.6;734;144;11.5;383;17;1982;143;1043;228;13.7;30.4;0.927
23/04/2004;14.00.00;2.1;647;176;7.0;383;127;2033;31;551;228;23.5;77.7;1.031
23/04/2004;15.00.00;2.8;877;432;10.8;383;376;1668;125;1000;465;7.7;58.4;0.878
23/04/2004;16.00.00;2.3;647;334;5.5;383;346;1767;153;1285;341;24.3;54.3;1.204
23/04/2004;17.00.00;0.4;647;77;0.1;383;412;1698;179;1330;419;13.6;37.3;1.335
23/04/2004;18.00.00;3.5;1074;7;14.7;383;15;1992;145;1099;228;25.3;54.8;0.545
23/04/2004;19.00.00;1.5;647;225;4.7;383;323;1664;127;1080;433;13.6;11.2;0.809
23/04/2004;20.00.00;0.1;647;302;1.3;383;160;1913;121;962;228;22.2;30.3;0.645
23/04/2004;21.00.00;1.6;647;168;6.3;383;122;1748;55;551;228;2.6;17.3;1.553
23/04/2004;22.00.00;4.3;1204;315;12.9;383;163;1787;67;551;228;17.1;46.6;0.998
23/04/2004;23.00.00;3.3;813;223;11.1;383;228;1774;29;551;296;18.6;72.1;0.879
24/04/2004;00.00.00;1.7;647;202;8.5;383;347;1704;116;956;308;10.1;53.4;1.26
24/04/2004;01.00.00;1.7;647;289;5.3;383;417;1672;134;1252;491;18.3;59.1;0.849
24/04/2004;02.00.00;1.7;647;167;7.3;383;325;1850;118;888;228;39.4;45.1;0.744
24/04/2004;03.00.00;5.1;1390;190;12.2;383;342;1776;126;1100;409;9.9;49.2;0.369
24/04/2004;04.00.00;2.7;708;281;10.8;435;524;1593;149;1193;746;21.6;18.5;1.509
24/04/2004;05.00.00;2.8;763;215;5.8;383;352;1691;49;551;319;13.3;66.9;1.16
24/04/2004;06.00.00;3.6;959;399;13.5;383;213;1803;116;876;244;27.6;57.7;0.815
24/04/2004;07.00.00;2.5;734;283;8.7;383;334;1641;124;944;384;20.1;62.3;1.914
24/04/2004;08.00.00;1.8;647;277;5.5;383;507;1425;90;623;518;14.0;54.9;1.234
24/04/2004;09.00.00;1.9;647;213;5.8;383;112;1807;10;551;228;19.0;41.2;0.709
24/04/2004;10.00.00;2.0;647;301;6.1;383;180;1949;63;564;228;31.5;57.7;1.765
24/04/2004;11.00.00;2.1;647;187;5.1;383;467;1568;88;665;484;14.2;43.9;0.937
24/04/2004;12.00.00;3.2;869;244;9.7;383;201;1796;120;1165;254;25.1;47.6;0.858
24/04/2004;13.00.00;2.2;658;130;11.5;383;362;1791;114;878;466;9.4;68.3;0.983
24/04/2004;14.00.00;3.2;825;316;12.8;383;443;1434;205;1696;505;21.3;66.1;1.173
24/04/2004;15.00.00;2.0;647;245;4.8;383;53;1910;158;1270;228;17.2;40.9;0.841
24/04/2004;16.00.00;2.3;727;406;7.8;383;183;1765;111;749;278;27.5;55.4;1.723
24/04/2004;17.00.00;0.1;647;445;0.5;383;430;1679;118;842;673;17.6;67.3;0.902
24/04/2004;18.00.00;3.4;921;290;10.7;383;226;1863;173;1271;262;28.2;24.0;0.847
24/04/2004;19.00.00;2.6;695;224;6.4;383;2;2044;175;1524;228;11.6;51.0;0.561
24/04/2004;20.00.00;3.5;1203;128;12.2;383;167;1986;129;1136;228;8.4;51.0;1.048
24/04/2004;21.00.00;0.1;647;303;2.0;383;367;1750;196;1723;602;10.3;20.3;0.203
24/04/2004;22.00.00;5.1;1554;237;14.6;383;441;1666;69;551;449;21.7;32.7;0.592
24/04/2004;23.00.00;2.0;647;269;10.2;383;253;1991;111;783;372;9.4;28.2;1.141
25/04/2004;00.00.00;3.7;957;382;14.9;383;320;1573;264;2168;301;0.2;46.8;1.062
25/04/2004;01.00.00;0.7;647;139;3.3;383;189;2024;147;1115;228;15.3;52.6;1.112
25/04/2004;02.00.00;3.0;774;130;7.2;383;384;1832;106;905;420;19.3;24.9;0.964
25/04/2004;03.00.00;0.7;647;195;3.0;383;464;1616;117;908;483;14.4;36.8;0.715
25/04/2004;04.00.00;1.3;647;296;4.6;383;363;1652;121;929;498;9.0;45.7;0.18
25/04/2004;05.00.00;4.8;1286;270;16.5;383;227;1765;193;1399;388;27.3;80.3;1.019
25/04/2004;06.00.00;1.9;647;132;9.2;383;312;1726;151;1166;447;24.5;39.4;0.252
25/04/2004;07.00.00;2.5;785;289;7.5;383;391;1782;109;903;472;20.7;48.0;0.511
25/04/2004;08.00.00;3.4;1019;103;14.9;383;250;1602;32;551;228;28.4;54.4;1.141
25/04/2004;09.00.00;2.8;838;138;9.9;383;368;1865;78;630;452;10.8;78.5;1.173
25/04/2004;10.00.00;2.4;668;207;7.0;383;302;1757;115;843;413;16.3;51.6;1.223
25/04/2004;11.00.00;2.7;705;165;13.3;383;463;1723;106;792;548;27.4;79.3;0.755
25/04/2004;12.00.00;5.5;1467;302;19.3;497;353;1619;165;1268;530;19.3;23.3;0.88
25/04/2004;13.00.00;2.1;647;245;5.7;383;169;1922;101;852;228;31.6;61.3;1.047
25/04/2004;14.00.00;2.4;647;385;7.9;383;460;1662;153;1294;505;4.0;35.3;1.036
25/04/2004;15.00.00;3.6;934;194;12.9;392;316;1792;42;551;458;3.5;44.8;1.002
25/04/2004;16.00.00;3.7;1127;206;11.5;383;224;1764;87;764;338;14.0;41.4;0.593
25/04/2004;17.00.00;3.8;1219;332;12.5;420;38;1938;146;1199;228;22.7;30.8;0.764
25/04/2004;18.00.00;3.0;883;209;8.1;383;281;1676;212;1839;379;23.7;67.7;1.147
25/04/2004;19.00.00;0.5;647;359;0.1;383;526;1639;106;871;567;16.1;32.1;1.261
25/04/2004;20.00.00;4.4;1222;269;14.4;476;2;2105;152;1271;228;26.3;37.9;1.094
25/04/2004;21.00.00;0.5;647;7;2.0;383;2;2020;177;1493;228;21.3;45.0;1.096
25/04/2004;22.00.00;2.6;769;329;9.3;383;363;1494;158;1283;389;18.5;37.5;1.815
25/04/2004;23.00.00;1.1;647;304;2.3;383;282;1882;148;1185;444;28.6;54.0;1.552
26/04/2004;00.00.00;2.1;647;308;3.9;383;348;1730;96;754;516;18.5;16.9;0.821
26/04/2004;01.00.00;2.6;711;36;6.4;383;165;1655;185;1441;228;12.2;33.6;1.774
26/04/2004;02.00.00;2.6;804;155;10.4;383;2;1862;49;551;228;16.3;36.1;1.345
26/04/2004;03.00.00;2.7;688;162;7.4;383;118;1820;52;551;228;9.8;34.3;1.672
26/04/2004;04.00.00;4.4;1172;138;13.2;446;484;1612;202;1533;680;16.4;72.4;1.274
26/04/2004;05.00.00;2.8;699;383;8.3;383;176;1776;130;1053;228;11.5;41.6;0.721
26/04/2004;06.00.00;1.8;647;216;4.5;383;178;1786;53;551;265;7.3;40.7;1.25
26/04/2004;07.00.00;3.5;892;214;9.8;383;2;2071;44;551;228;14.2;52.0;0.831
26/04/2004;08.00.00;3.8;1013;270;10.5;383;2;2093;42;551;228;6.0;66.3;1.33
26/04/2004;09.00.00;0.4;647;272;4.2;383;415;1743;210;1578;403;24.0;38.0;0.408
26/04/2004;10.00.00;3.0;815;7;10.9;383;206;1704;109;813;228;23.1;53.3;1.15
26/04/2004;11.00.00;3.1;757;156;12.5;383;397;1757;88;698;561;26.1;27.2;1.157
26/04/2004;12.00.00;1.7;647;83;8.4;383;130;1857;191;1648;228;13.7;54.4;1.451
26/04/2004;13.00.00;4.1;1241;256;8.3;383;21;2139;125;1042;228;21.6;48.3;1.385
26/04/2004;14.00.00;1.9;647;190;6.9;383;206;1855;97;803;277;8.9;31.1;0.838
26/04/2004;15.00.00;2.3;774;219;6.3;383;158;1970;163;1419;228;13.4;19.7;0.783
26/04/2004;16.00.00;1.9;647;20;8.3;383;118;1949;141;1112;228;26.2;69.3;0.742
26/04/2004;17.00.00;2.2;670;188;5.5;383;122;1936;141;1294;228;27.4;64.5;0.897
26/04/2004;18.00.00;0.6;647;323;0.1;383;225;1790;100;840;262;19.0;58.0;0.917
26/04/2004;19.00.00;0.1;647;351;0.1;383;170;1959;70;570;228;23.4;71.0;1.387
26/04/2004;20.00.00;4.4;1288;286;13.4;383;103;1991;64;551;228;16.1;58.1;0.234
26/04/2004;21.00.00;1.0;647;91;4.9;383;522;1555;117;1021;569;26.0;33.1;0.41
26/04/2004;22.00.00;0.8;647;337;3.0;383;316;1711;113;949;376;10.7;52.4;0.437
26/04/2004;23.00.00;0.1;647;286;0.1;383;270;1726;136;1071;360;19.0;74.9;0.951
27/04/2004;00.00.00;1.3;647;206;8.3;383;235;1876;92;700;430;27.5;39.8;1.234
27/04/2004;01.00.00;0.3;647;25;2.3;383;347;1740;174;1556;464;14.0;43.9;1.142
27/04/2004;02.00.00;4.4;1245;308;15.8;383;327;1761;49;551;368;17.9;55.5;0.614
27/04/2004;03.00.00;3.6;990;161;14.0;383;87;1900;133;1092;228;21.5;74.7;1.377
27/04/2004;04.00.00;1.2;647;250;0.5;383;11;2107;69;557;228;25.5;60.4;1.452
27/04/2004;05.00.00;5.3;1498;224;15.1;383;2;1879;101;865;228;12.1;34.5;1.303
27/04/2004;06.00.00;3.5;1064;364;12.9;411;520;1646;68;551;612;21.0;50.8;0.814
27/04/2004;07.00.00;1.7;647;206;3.8;383;177;1936;95;816;309;25.8;50.7;0.996
27/04/2004;08.00.00;0.1;647;216;0.1;383;336;1705;61;620;393;25.8;60.1;1.404
27/04/2004;09.00.00;5.4;1375;367;17.0;500;276;1662;64;551;287;17.7;25.6;0.984
27/04/2004;10.00.00;0.2;647;155;0.1;383;385;1722;159;1198;471;15.2;26.1;1.056
27/04/2004;11.00.00;0.1;647;295;0.1;383;236;1906;46;551;415;17.9;47.2;1.155
27/04/2004;12.00.00;3.6;1014;199;13.3;383;42;2107;144;1142;228;12.3;48.7;0.927
27/04/2004;13.00.00;5.6;1407;122;19.3;511;87;1982;153;1285;228;22.3;34.6;0.805
27/04/2004;14.00.00;4.1;1139;218;15.3;383;192;1797;148;1244;228;19.1;50.2;1.169
27/04/2004;15.00.00;2.9;841;283;11.4;394;3;2052;111;911;228;-1.5;49.4;1.278
27/04/2004;16.00.00;3.0;828;346;10.4;383;115;1947;60;625;228;20.9;80.2;0.501
27/04/2004;17.00.00;3.3;891;358;11.4;383;62;1975;38;551;228;14.1;42.3;0.987
27/04/2004;18.00.00;3.2;823;189;10.8;383;195;1772;56;551;230;19.3;29.2;0.638
27/04/2004;19.00.00;2.5;802;124;6.9;383;170;1911;56;551;294;30.1;73.8;0.986
27/04/2004;20.00.00;2.3;647;187;5.3;383;264;1826;126;1006;349;10.7;39.6;1.525
27/04/2004;21.00.00;2.1;700;105;5.2;383;376;1892;45;551;348;14.8;56.1;1.217
27/04/2004;22.00.00;1.1;647;197;2.9;383;208;1839;103;918;234;16.1;68.2;0.932
27/04/2004;23.00.00;1.8;647;185;4.3;383;16;2122;114;1048;228;7.6;77.7;1.828
28/04/2004;00.00.00;0.1;647;287;1.1;383;2;2109;98;794;228;18.8;51.6;0.327
28/04/2004;01.00.00;2.0;647;8;6.8;383;270;1787;100;867;299;21.5;29.2;0.781
28/04/2004;02.00.00;0.8;647;148;3.1;383;144;1983;174;1307;228;14.9;56.0;1.062
28/04/2004;03.00.00;0.6;647;149;2.6;383;221;1759;136;1058;229;22.4;47.0;0.603
28/04/2004;04.00.00;2.4;647;330;10.1;383;296;1747;146;1128;245;29.9;31.0;0.427
28/04/2004;05.00.00;4.1;1002;112;13.1;383;466;1583;95;844;376;12.5;65.2;1.407
28/04/2004;06.00.00;3.4;1111;239;13.0;383;2;1985;150;1343;228;16.8;63.6;1.64
28/04/2004;07.00.00;0.1;647;205;1.4;383;91;1766;127;1275;228;15.7;72.3;0.753
28/04/2004;08.00.00;0.8;647;317;4.7;383;232;1957;123;1053;323;32.2;52.7;1.911
28/04/2004;09.00.00;3.5;976;274;14.3;383;71;1918;94;843;228;22.6;20.9;0.18
28/04/2004;10.00.00;0.8;647;229;3.6;383;18;2048;124;856;228;26.6;80.9;1.046
28/04/2004;11.00.00;1.8;647;165;6.1;383;446;1662;214;1570;441;16.5;25.1;0.548
28/04/2004;12.00.00;2.9;853;42;9.5;383;85;1909;141;1066;228;32.4;33.8;0.99
28/04/2004;13.00.00;0.8;647;241;1.6;383;45;1861;195;1459;228;26.0;40.1;1.028
28/04/2004;14.00.00;2.3;715;268;6.3;383;70;1870;22;551;228;10.8;59.2;0.961
28/04/2004;15.00.00;0.3;647;68;2.7;383;412;1651;116;1070;573;8.5;43.9;0.491
28/04/2004;16.00.00;1.3;647;100;2.3;383;139;1850;152;1220;263;18.5;59.7;1.051
28/04/2004;17.00.00;2.6;672;241;11.5;383;34;1894;131;1000;228;22.2;29.8;1.002
28/04/2004;18.00.00;0.1;647;250;0.1;383;117;1851;137;1126;228;15.1;45.0;1.088
28/04/2004;19.00.00;2.8;670;123;14.6;383;238;1845;94;697;240;12.1;64.4;0.415
28/04/2004;20.00.00;2.1;647;163;5.4;383;382;1764;171;1325;481;25.7;68.0;1.546
28/04/2004;21.00.00;2.9;899;43;9.9;383;369;1611;36;551;417;20.9;62.6;0.719
28/04/2004;22.00.00;2.5;647;348;7.2;383;127;1827;105;877;228;17.4;56.9;1.144
28/04/2004;23.00.00;4.1;1158;94;11.4;383;164;1885;118;818;229;12.1;37.8;1.205
29/04/2004;00.00.00;2.3;647;269;9.6;383;567;1532;85;551;782;17.5;35.3;1.213
29/04/2004;01.00.00;1.5;647;214;2.7;383;398;1652;114;845;538;12.0;62.1;0.561
29/04/2004;02.00.00;2.3;759;340;6.1;383;207;1907;18;551;248;25.3;50.4;0.21
29/04/2004;03.00.00;2.9;779;142;10.5;383;2;2013;50;551;228;24.0;33.9;1.68
29/04/2004;04.00.00;2.2;670;223;8.6;383;175;1729;173;1538;239;10.4;64.1;1.458
29/04/2004;05.00.00;2.2;647;56;4.3;383;43;1901;124;1065;228;10.7;39.1;1.674
29/04/2004;06.00.00;1.2;647;33;4.9;383;114;1775;94;812;285;28.5;72.8;1.01
29/04/2004;07.00.00;1.2;647;274;4.2;383;98;1907;160;1348;228;24.4;40.7;1.34
29/04/2004;08.00.00;0.2;647;48;0.1;383;210;1725;179;1470;236;23.6;37.9;0.616
29/04/2004;09.00.00;4.6;1390;196;13.1;383;256;1653;199;1639;320;27.1;39.0;1.14
29/04/2004;10.00.00;0.4;647;314;0.1;383;134;1728;22;551;243;10.3;43.8;1.005
29/04/2004;11.00.00;1.2;647;288;7.2;383;50;2118;179;1515;228;16.3;59.4;1.115
29/04/2004;12.00.00;1.1;647;154;5.7;383;218;1715;57;551;228;33.2;46.7;0.987
29/04/2004;13.00.00;3.4;804;67;8.3;383;169;1838;127;1173;228;30.2;76.6;1.405
29/04/2004;14.00.00;1.7;647;266;7.2;383;2;2003;142;1144;228;22.7;47.6;0.623
29/04/2004;15.00.00;3.9;994;345;11.3;383;338;1738;190;1485;355;19.7;31.4;0.836
29/04/2004;16.00.00;1.2;647;155;5.7;383;134;1942;135;965;228;22.4;52.7;1.016
29/04/2004;17.00.00;2.5;647;141;7.1;383;204;1832;126;953;228;17.4;83.5;1.312
29/04/2004;18.00.00;1.0;647;168;2.4;383;212;1793;72;678;243;12.4;48.8;1.215
29/04/2004;19.00.00;5.2;1427;272;15.9;397;243;1822;31;551;382;11.5;19.5;1.518
29/04/2004;20.00.00;0.5;647;334;0.2;383;268;1802;71;610;403;35.5;34.3;1.689
29/04/2004;21.00.00;2.6;754;100;11.1;439;46;1966;180;1450;228;13.3;54.6;1.282
29/04/2004;22.00.00;3.0;828;75;11.5;383;293;1816;114;820;495;26.4;16.9;1.1
29/04/2004;23.00.00;2.7;677;440;9.0;383;193;1795;192;1518;228;0.8;76.5;0.542
30/04/2004;00.00.00;1.9;753;201;8.1;383;411;1654;78;561;467;13.8;42.1;0.382
30/04/2004;01.00.00;2.0;647;242;3.0;383;370;1597;150;1170;286;17.1;9.2;0.418
30/04/2004;02.00.00;2.2;647;152;4.6;383;448;1621;121;897;553;13.6;88.7;0.588
30/04/2004;03.00.00;1.9;647;264;7.2;383;102;1867;175;1439;228;11.8;74.0;1.251
30/04/2004;04.00.00;3.5;878;309;12.7;383;442;1730;102;883;647;25.5;39.0;0.44
30/04/2004;05.00.00;5.2;1534;246;17.3;526;260;1674;106;857;228;20.8;33.8;1.549
30/04/2004;06.00.00;1.4;647;383;0.6;383;351;1680;171;1212;524;13.6;47.4;1.008
30/04/2004;07.00.00;0.2;647;186;0.1;383;349;1678;12;551;435;12.9;76.9;0.536
30/04/2004;08.00.00;2.0;647;193;7.3;383;316;1800;106;900;287;7.2;49.2;1.626
30/04/2004;09.00.00;5.8;1590;239;23.3;637;79;1834;33;551;228;9.1;24.9;1.519
30/04/2004;10.00.00;1.0;647;262;5.7;383;392;1686;111;832;500;9.5;71.0;1.378
30/04/2004;11.00.00;4.4;1238;239;17.4;410;299;1766;92;748;286;14.4;57.5;1.041
30/04/2004;12.00.00;4.5;1326;95;15.1;383;20;2057;141;1072;228;42.5;25.4;1.244
30/04/2004;13.00.00;1.4;647;247;5.1;383;171;1794;135;913;364;13.6;37.2;0.293
30/04/2004;14.00.00;2.9;865;182;7.4;383;60;1847;99;720;228;14.4;46.1;0.736
30/04/2004;15.00.00;4.4;1280;162;16.1;396;27;2015;66;551;228;13.6;46.3;0.761
30/04/2004;16.00.00;1.6;647;221;5.0;383;376;1587;116;889;306;21.6;64.7;0.291
30/04/2004;17.00.00;1.9;647;126;7.4;383;19;1942;175;1461;228;7.8;67.7;0.942
30/04/2004;18.00.00;1.3;647;110;4.3;383;43;1945;65;551;228;9.9;55.4;1.112
30/04/2004;19.00.00;0.7;647;7;2.9;383;548;1610;40;551;666;26.8;67.5;0.643
30/04/2004;20.00.00;1.2;647;383;3.8;383;177;1734;24;551;247;20.1;57.0;0.911
30/04/2004;21.00.00;0.4;647;270;1.8;383;346;1699;39;551;374;19.4;31.8;0.793
30/04/2004;22.00.00;2.2;647;206;9.0;383;418;1667;112;1026;423;25.1;49.8;0.495
30/04/2004;23.00.00;1.1;647;154;0.9;383;364;1639;45;551;285;18.3;40.2;1.225
01/05/2004;00.00.00;2.5;647;7;4.9;383;268;1756;95;750;359;8.5;68.6;1.38
01/05/2004;01.00.00;0.1;647;148;1.2;383;240;1878;135;1049;478;22.0;37.3;1.325
01/05/2004;02.00.00;2.6;722;286;11.2;383;328;1696;10;551;302;22.5;54.8;0.997
01/05/2004;03.00.00;3.3;1019;307;14.0;383;211;1801;160;1261;228;5.8;38.2;0.614
01/05/2004;04.00.00;0.1;647;279;0.1;383;352;1788;181;1480;484;20.4;21.4;0.853
01/05/2004;05.00.00;2.7;732;233;7.8;383;206;1817;202;1642;228;23.2;50.5;1.326
01/05/2004;06.00.00;3.9;1173;341;9.4;383;223;1928;183;1509;228;23.6;54.1;1.141
01/05/2004;07.00.00;0.5;647;186;0.4;383;533;1441;228;1742;657;24.7;66.4;0.542
01/05/2004;08.00.00;4.5;1203;321;16.6;485;172;1840;124;1027;228;21.3;61.1;1.05
01/05/2004;09.00.00;2.7;780;181;8.7;383;248;1862;151;1142;340;26.0;28.3;0.987
01/05/2004;10.00.00;1.2;647;134;3.0;383;311;1692;100;759;407;10.0;48.6;0.862
01/05/2004;11.00.00;2.1;647;122;7.7;383;321;1723;144;1232;395;30.4;30.8;1.008
01/05/2004;12.00.00;2.9;799;116;7.8;383;290;1868;119;916;288;2.9;35.1;0.663
01/05/2004;13.00.00;2.3;734;280;10.4;383;54;1894;33;551;228;24.9;54.0;1.381
01/05/2004;14.00.00;2.9;662;147;9.3;383;270;1821;40;551;331;10.4;57.7;1.098
01/05/2004;15.00.00;0.9;647;119;2.0;383;283;1833;199;1706;356;28.0;22.2;1.416
01/05/2004;16.00.00;2.4;704;285;8.8;383;420;1669;120;1155;618;23.8;54.5;0.45
01/05/2004;17.00.00;0.2;647;249;2.4;383;359;1715;181;1540;489;13.6;54.1;1.027
01/05/2004;18.00.00;2.0;666;309;9.6;383;430;1573;85;776;486;15.8;29.8;1.704
01/05/2004;19.00.00;0.9;647;266;2.4;383;92;1984;70;559;228;14.4;46.7;0.739
01/05/2004;20.00.00;1.1;647;146;5.8;383;93;1824;108;1075;228;23.9;30.8;1.422
01/05/2004;21.00.00;3.9;1190;225;12.6;383;296;1794;150;1221;302;6.7;17.9;1.058
01/05/2004;22.00.00;3.7;972;229;10.5;383;419;1623;179;1435;549;16.1;66.6;1.433
01/05/2004;23.00.00;3.0;915;130;8.1;383;215;1796;121;1006;239;21.9;64.4;0.802
02/05/2004;00.00.00;0.6;647;113;0.1;383;132;1877;144;1176;228;2.8;46.0;1.535
02/05/2004;01.00.00;1.7;647;153;4.0;383;2;2038;106;743;228;7.6;56.5;1.224
02/05/2004;02.00.00;3.8;1085;411;14.5;383;301;1883;182;1407;443;27.7;29.9;0.617
02/05/2004;03.00.00;2.3;647;178;8.9;383;228;1825;183;1499;228;2.9;63.6;1.339
02/05/2004;04.00.00;5.4;1388;335;14.8;383;179;1798;75;551;228;10.2;51.9;1.456
02/05/2004;05.00.00;2.7;781;173;5.1;383;384;1577;131;1102;603;31.2;27.8;1.515
02/05/2004;06.00.00;2.4;647;302;5.5;383;232;1906;65;551;421;21.0;54.3;0.485
02/05/2004;07.00.00;1.7;647;303;3.9;383;246;1817;152;1292;353;28.3;55.4;1.084
02/05/2004;08.00.00;2.3;647;308;6.9;383;383;1674;94;742;436;11.7;40.4;1.897
02/05/2004;09.00.00;1.9;647;254;8.5;383;581;1539;74;636;673;6.8;23.2;1.138
02/05/2004;10.00.00;3.1;877;348;9.0;383;177;1918;15;551;228;18.8;40.7;0.215
02/05/2004;11.00.00;3.5;998;253;14.5;383;111;1877;164;1191;228;21.5;68.2;1.242
02/05/2004;12.00.00;1.0;647;380;0.1;383;94;1870;122;913;228;4.8;60.8;1.381
02/05/2004;13.00.00;0.3;647;64;0.2;383;318;1640;125;1025;375;18.0;54.4;1.555
02/05/2004;14.00.00;0.1;647;251;1.9;383;79;1850;152;1160;228;11.3;37.2;0.758
02/05/2004;15.00.00;2.9;738;244;10.9;383;188;1821;76;669;302;18.5;39.2;0.469
02/05/2004;16.00.00;0.6;647;129;1.3;383;202;1924;68;582;278;26.1;33.6;1.472
02/05/2004;17.00.00;0.1;647;273;2.3;383;484;1572;139;1078;617;15.8;51.9;0.962
02/05/2004;18.00.00;2.7;781;76;10.2;383;428;1678;168;1366;371;27.4;52.7;0.913
02/05/2004;19.00.00;5.6;1550;155;16.7;425;10;2081;138;1072;228;16.1;68.3;0.649
02/05/2004;20.00.00;2.1;647;28;7.5;383;488;1639;189;1544;498;25.2;23.6;1.111
02/05/2004;21.00.00;3.3;913;366;12.0;383;59;2109;140;1079;228;24.9;45.2;0.743
02/05/2004;22.00.00;2.3;652;196;6.0;383;270;1789;137;1131;285;23.1;37.7;0.35
02/05/2004;23.00.00;2.0;647;423;9.8;383;118;1892;152;1328;228;19.8;49.8;0.712
03/05/2004;00.00.00;3.4;829;294;9.3;383;186;1820;101;716;276;32.1;60.3;0.724
03/05/2004;01.00.00;1.7;647;260;5.9;383;95;2082;53;551;228;19.7;37.4;0.331
03/05/2004;02.00.00;2.5;823;162;5.6;383;502;1695;113;859;632;23.9;61.2;0.909
03/05/2004;03.00.00;2.6;842;118;8.5;383;224;1703;147;1203;228;6.3;58.8;0.559
03/05/2004;04.00.00;1.2;647;267;1.8;383;280;1944;71;640;334;23.9;43.7;0.892
03/05/2004;05.00.00;3.5;1044;211;10.7;383;81;1974;45;551;228;26.1;65.0;1.183
03/05/2004;06.00.00;1.9;647;90;2.9;383;29;1986;78;610;228;14.8;57.3;1.24
03/05/2004;07.00.00;1.1;647;73;5.1;383;178;1899;177;1419;228;28.1;37.4;0.381
03/05/2004;08.00.00;2.9;831;126;10.0;383;325;1662;136;1164;368;10.1;36.2;1.38
03/05/2004;09.00.00;0.9;647;390;5.0;383;227;1833;106;783;337;10.4;63.6;1.68
03/05/2004;10.00.00;2.2;647;428;6.3;383;395;1659;66;590;481;21.2;39.7;1.201
03/05/2004;11.00.00;2.1;652;237;9.1;383;264;1759;126;1033;346;20.7;60.3;1.646
03/05/2004;12.00.00;3.7;1027;232;11.8;386;246;1879;121;1117;407;13.7;30.2;1.169
03/05/2004;13.00.00;2.8;856;186;9.2;383;327;1716;134;1254;410;8.2;65.9;0.981
03/05/2004;14.00.00;2.1;665;129;11.0;383;261;1798;233;1929;266;27.4;22.0;0.799
03/05/2004;15.00.00;3.3;927;348;9.6;383;390;1713;136;1072;569;5.4;22.0;1.284
03/05/2004;16.00.00;4.1;1098;395;15.6;412;330;1810;79;676;331;21.5;41.0;0.475
03/05/2004;17.00.00;2.9;883;133;10.3;383;385;1793;46;551;460;11.3;70.5;1.25
03/05/2004;18.00.00;2.2;647;210;5.8;383;355;1716;86;731;380;20.2;67.0;1.65
03/05/2004;19.00.00;0.3;647;175;0.1;383;454;1606;91;762;449;17.0;60.7;1.199
03/05/2004;20.00.00;0.7;647;178;0.1;383;372;1854;152;1264;439;31.2;58.3;0.248
03/05/2004;21.00.00;1.7;647;330;7.8;383;513;1382;83;750;620;29.1;36.9;0.87
03/05/2004;22.00.00;1.3;647;93;7.6;383;163;1938;65;698;228;16.6;24.0;1.356
03/05/2004;23.00.00;1.9;647;262;6.2;383;373;1689;138;965;528;27.3;71.5;0.843
04/05/2004;00.00.00;2.2;647;287;7.4;383;34;2017;83;770;228;3.1;68.4;1.273
04/05/2004;01.00.00;2.9;767;204;10.8;383;390;1690;140;1136;498;16.9;32.5;0.43
04/05/2004;02.00.00;2.1;647;302;6.7;383;254;1898;72;551;228;15.8;52.5;0.204
04/05/2004;03.00.00;2.8;726;232;11.3;383;389;1722;90;614;659;1.6;45.7;1.009
04/05/2004;04.00.00;2.2;647;333;7.8;383;502;1483;85;704;551;14.4;31.6;0.18
04/05/2004;05.00.00;0.1;647;73;0.6;383;368;1587;132;1064;312;27.3;25.0;1.486
04/05/2004;06.00.00;0.8;647;184;1.3;383;182;1836;106;762;228;19.5;53.7;0.697
04/05/2004;07.00.00;1.9;647;211;4.3;383;79;1984;54;551;228;22.2;46.2;1.14
04/05/2004;08.00.00;0.5;647;7;0.1;383;328;1842;50;551;464;9.2;41.3;1.506
04/05/2004;09.00.00;3.0;706;114;12.0;383;202;1784;97;906;328;10.8;47.2;1.017
04/05/2004;10.00.00;4.3;1181;140;13.4;383;347;1545;45;551;466;17.0;47.8;0.665
04/05/2004;11.00.00;3.9;1176;308;11.5;383;168;1899;93;754;269;20.8;54.4;0.726
04/05/2004;12.00.00;1.9;647;150;2.0;383;103;1920;125;1052;228;22.9;69.7;1.113
04/05/2004;13.00.00;4.2;1145;140;12.3;397;209;1844;56;551;270;18.3;64.9;0.648
04/05/2004;14.00.00;2.4;730;295;6.0;383;322;1653;153;1244;326;13.5;62.5;0.935
04/05/2004;15.00.00;1.7;647;64;3.8;383;264;1883;179;1463;324;13.9;41.1;1.025
04/05/2004;16.00.00;1.3;647;21;4.8;383;121;1837;165;1288;228;12.5;37.1;0.841
04/05/2004;17.00.00;1.7;647;183;5.8;383;521;1607;145;1148;709;12.1;37.5;0.185
04/05/2004;18.00.00;1.6;647;80;2.4;383;224;1842;133;1015;365;11.1;64.0;1.11
04/05/2004;19.00.00;2.4;779;84;5.0;383;2;2042;124;913;228;22.3;62.0;1.221
04/05/2004;20.00.00;2.4;836;272;5.0;383;388;1629;130;949;374;18.4;19.9;0.627
04/05/2004;21.00.00;2.2;647;301;10.5;383;244;1730;83;602;378;22.2;66.0;1.129
04/05/2004;22.00.00;2.8;647;292;11.8;383;219;1892;111;819;228;15.7;53.4;0.799
04/05/2004;23.00.00;3.8;1024;323;10.5;383;216;1870;120;984;289;17.3;49.4;0.3
05/05/2004;00.00.00;3.5;1023;335;7.2;383;217;1852;143;1186;327;3.3;67.8;0.775
05/05/2004;01.00.00;0.1;647;15;0.6;383;501;1688;36;551;486;24.0;53.7;0.285
05/05/2004;02.00.00;0.1;647;260;0.4;383;317;1773;123;917;449;21.1;33.9;1.074
05/05/2004;03.00.00;3.5;1015;167;11.7;383;285;1741;163;1483;228;19.0;36.1;1.294
05/05/2004;04.00.00;0.2;647;146;2.2;383;205;1876;84;637;231;25.3;52.8;2.131
05/05/2004;05.00.00;1.8;647;271;6.8;383;510;1627;107;814;690;31.6;52.1;1.553
05/05/2004;06.00.00;0.5;647;53;0.1;383;374;1738;23;551;556;11.7;59.5;1.484
05/05/2004;07.00.00;0.1;647;51;0.9;383;397;1611;116;970;541;29.3;88.2;0.296
05/05/2004;08.00.00;2.9;769;278;11.0;383;288;1690;41;551;301;28.1;70.3;1.119
05/05/2004;09.00.00;3.2;993;264;8.8;383;398;1751;86;676;430;14.7;33.8;1.187
05/05/2004;10.00.00;1.3;647;230;4.9;383;306;1743;110;857;355;9.3;50.1;0.796
05/05/2004;11.00.00;0.1;647;134;0.1;383;189;1693;83;693;231;20.2;44.1;0.407
05/05/2004;12.00.00;1.4;647;288;8.4;383;302;1648;105;865;433;27.1;53.5;1.174
05/05/2004;13.00.00;2.7;735;282;6.0;383;566;1441;130;847;675;7.9;32.1;0.263
05/05/2004;14.00.00;0.1;647;226;2.6;383;277;1863;111;941;295;8.0;24.5;0.864
05/05/2004;15.00.00;2.4;677;106;4.4;383;440;1643;119;1108;499;22.7;26.1;1.215
05/05/2004;16.00.00;2.1;655;177;10.4;383;428;1660;23;551;604;19.1;9.2;1.129
05/05/2004;17.00.00;3.0;948;297;7.2;383;332;1706;105;834;403;24.8;36.5;1.112
05/05/2004;18.00.00;2.3;664;344;7.8;383;499;1515;6;551;721;20.3;85.0;0.916
05/05/2004;19.00.00;0.8;647;186;0.1;383;2;2059;93;806;228;21.0;41.1;0.704
05/05/2004;20.00.00;3.8;912;194;9.5;383;2;2050;201;1624;228;19.3;54.2;0.794
05/05/2004;21.00.00;1.9;647;202;8.0;383;510;1535;157;1325;576;18.3;30.4;0.18
05/05/2004;22.00.00;2.1;647;244;8.8;383;146;1994;44;551;228;23.3;35.3;0.551
05/05/2004;23.00.00;0.8;647;162;3.2;383;263;1849;86;601;304;7.2;32.0;1.315
06/05/2004;00.00.00;1.5;647;7;6.4;383;513;1520;104;744;709;17.6;38.4;0.972
06/05/2004;01.00.00;0.9;647;331;5.0;383;276;1755;137;995;288;14.5;48.6;1.482
06/05/2004;02.00.00;1.9;647;388;4.7;383;504;1566;153;1109;614;14.0;67.6;0.849
06/05/2004;03.00.00;4.5;1089;159;11.8;383;186;1875;191;1594;250;23.0;72.1;1.809
06/05/2004;04.00.00;0.2;647;116;0.7;383;340;1613;67;602;464;24.5;60.3;0.931
06/05/2004;05.00.00;0.1;647;204;0.1;383;254;1739;123;1023;343;24.3;61.5;1.52
06/05/2004;06.00.00;4.2;1205;200;14.2;383;474;1684;28;551;600;24.5;42.5;1.354
06/05/2004;07.00.00;1.9;647;312;7.0;383;205;1708;132;1036;228;20.2;84.3;1.201
06/05/2004;08.00.00;1.2;647;223;2.5;383;98;1905;136;1037;228;6.6;36.1;1.542
06/05/2004;09.00.00;3.6;930;142;12.9;400;174;1762;113;921;229;16.0;47.9;1.517
06/05/2004;10.00.00;1.3;647;92;5.5;383;181;1928;144;1246;228;21.5;42.2;0.918
06/05/2004;11.00.00;4.7;1438;300;16.5;411;146;1909;71;551;228;19.2;66.1;0.937
06/05/2004;12.00.00;3.1;787;274;9.1;383;140;1770;49;552;228;25.1;41.5;1.183
06/05/2004;13.00.00;1.5;647;318;6.3;383;417;1582;67;551;514;20.5;51.8;1.653
06/05/2004;14.00.00;5.2;1331;126;17.6;383;461;1631;130;1087;648;18.8;64.9;1.226
06/05/2004;15.00.00;1.3;647;392;5.4;383;305;1570;175;1420;291;11.6;30.9;1.633
06/05/2004;16.00.00;3.2;904;52;13.6;383;146;1794;71;551;228;15.3;59.3;1.149
06/05/2004;17.00.00;2.6;653;285;8.9;383;156;1808;80;714;248;26.2;54.8;0.733
06/05/2004;18.00.00;4.0;1080;36;11.5;445;2;2101;118;670;228;15.6;35.2;0.441
06/05/2004;19.00.00;4.3;1348;142;11.7;383;304;1710;278;2200;297;24.4;39.5;1.255
06/05/2004;20.00.00;2.2;647;366;9.3;383;141;1939;91;795;228;4.0;47.0;0.784
06/05/2004;21.00.00;1.1;647;296;4.2;383;471;1585;159;1158;493;11.4;52.6;1.297
06/05/2004;22.00.00;2.8;706;166;12.3;383;35;2031;104;779;228;5.1;73.5;1.08
06/05/2004;23.00.00;1.2;647;168;0.1;383;155;1751;87;657;228;-0.2;79.5;0.822
07/05/2004;00.00.00;5.0;1378;227;17.7;600;231;1757;49;551;292;3.4;36.3;0.626
07/05/2004;01.00.00;2.3;681;266;7.0;383;317;1737;98;739;422;16.7;88.7;0.807
07/05/2004;02.00.00;1.6;647;336;4.5;383;521;1596;153;1148;702;29.6;41.2;0.565
07/05/2004;03.00.00;2.4;647;174;6.2;383;36;1996;71;564;228;5.2;80.2;0.62
07/05/2004;04.00.00;0.3;647;64;2.6;383;199;1855;117;1005;276;18.2;73.4;0.18
07/05/2004;05.00.00;0.8;647;232;3.8;383;27;2018;72;606;228;16.2;31.9;0.18
07/05/2004;06.00.00;3.8;1072;174;10.0;383;366;1705;92;825;464;18.4;25.1;1.055
07/05/2004;07.00.00;1.2;647;94;4.3;383;147;1896;40;551;228;16.2;51.0;1.807
07/05/2004;08.00.00;0.7;647;246;3.6;383;230;1734;224;1894;336;12.6;64.4;1.094
07/05/2004;09.00.00;2.9;845;197;9.6;383;219;1694;127;919;284;0.1;49.5;1.078
07/05/2004;10.00.00;3.8;994;247;14.4;486;263;1699;97;883;307;22.5;49.8;1.47
07/05/2004;11.00.00;3.2;958;133;9.5;383;222;1687;174;1487;263;26.2;56.6;1.07
07/05/2004;12.00.00;3.5;1027;264;6.8;383;97;1940;108;743;228;17.8;22.4;1.059
07/05/2004;13.00.00;1.1;647;92;3.9;383;258;1867;135;1117;245;18.4;50.9;0.452
07/05/2004;14.00.00;0.2;647;139;0.9;383;124;1824;187;1493;271;7.1;35.3;0.991
07/05/2004;15.00.00;4.3;1315;194;14.2;383;370;1784;183;1461;461;14.0;42.8;0.763
07/05/2004;16.00.00;1.7;647;383;7.6;383;254;1832;58;551;360;22.2;27.3;0.946
07/05/2004;17.00.00;1.8;647;292;1.9;383;86;1886;113;859;228;9.9;26.7;0.793
07/05/2004;18.00.00;4.0;1248;320;12.4;383;614;1480;174;1469;806;17.1;54.5;0.794
07/05/2004;19.00.00;2.9;883;352;7.5;383;499;1689;61;551;577;35.2;46.7;0.916
07/05/2004;20.00.00;2.8;941;560;6.5;383;619;1318;100;715;628;19.7;77.0;1.064
07/05/2004;21.00.00;5.2;1549;221;16.4;416;193;1934;98;787;228;9.0;42.5;0.616
07/05/2004;22.00.00;1.2;647;352;5.4;383;118;1977;137;1058;245;40.3;61.7;0.889
07/05/2004;23.00.00;3.4;1036;314;11.6;383;369;1657;151;1261;277;21.0;69.1;0.958
08/05/2004;00.00.00;2.2;732;312;5.8;383;415;1660;168;1240;557;11.4;52.0;1.06
08/05/2004;01.00.00;2.5;866;386;7.8;383;276;1909;116;1095;343;17.2;53.2;1.466
08/05/2004;02.00.00;4.3;1218;178;15.6;396;2;1893;63;551;228;4.4;69.9;1.42
08/05/2004;03.00.00;2.9;675;170;10.5;383;95;1908;95;668;298;11.4;71.7;1.435
08/05/2004;04.00.00;2.9;788;248;8.2;383;310;1803;62;551;231;25.0;59.3;1.299
08/05/2004;05.00.00;3.7;1053;200;10.4;383;144;1900;80;603;284;8.1;72.7;2.122
08/05/2004;06.00.00;1.6;647;248;1.8;383;37;1974;147;1112;228;6.7;52.4;1.063
08/05/2004;07.00.00;1.0;647;366;2.3;383;206;1980;44;551;232;25.5;30.6;0.596
08/05/2004;08.00.00;0.7;647;172;0.1;383;2;1909;86;870;228;35.6;54.4;1.727
08/05/2004;09.00.00;0.1;647;189;4.5;383;153;1791;155;1395;228;22.4;37.7;1.065
08/05/2004;10.00.00;5.0;1472;234;14.4;426;180;1654;145;1182;322;32.1;70.3;1.681
08/05/2004;11.00.00;0.6;647;196;4.2;383;293;1678;74;551;228;8.8;44.4;0.935
08/05/2004;12.00.00;1.8;647;36;9.5;383;329;1682;69;580;342;21.7;64.3;1.634
08/05/2004;13.00.00;1.8;647;162;6.1;383;303;1782;188;1568;418;27.0;35.4;1.971
08/05/2004;14.00.00;2.6;716;283;8.1;383;383;1770;130;1064;296;13.9;31.2;0.429
08/05/2004;15.00.00;3.3;782;354;7.9;383;220;1746;73;651;245;10.4;45.4;0.657
08/05/2004;16.00.00;3.4;902;108;9.7;383;23;1969;111;923;228;17.2;26.7;1.309
08/05/2004;17.00.00;1.3;647;107;7.5;383;252;1909;165;1343;322;20.8;62.4;1.391
08/05/2004;18.00.00;1.9;647;220;6.8;383;112;1895;70;551;228;16.2;69.7;1.055
08/05/2004;19.00.00;2.5;717;20;8.2;383;38;2010;69;551;228;19.7;58.9;1.076
08/05/2004;20.00.00;1.8;647;175;8.4;383;334;1821;123;1141;228;8.0;72.8;0.693
08/05/2004;21.00.00;4.4;1300;53;15.5;383;29;1901;48;551;228;20.4;60.7;1.497
08/05/2004;22.00.00;2.8;772;348;8.8;383;350;1629;80;738;360;24.1;41.9;1.499
08/05/2004;23.00.00;3.2;737;144;10.6;383;48;2091;92;897;228;20.2;50.9;1.274
09/05/2004;00.00.00;3.1;823;375;8.3;383;201;1885;2;551;228;11.8;51.2;0.456
09/05/2004;01.00.00;3.8;1065;323;11.0;383;159;1766;116;1143;228;5.1;69.2;1.095
09/05/2004;02.00.00;2.4;770;156;7.3;383;419;1579;142;1217;459;18.8;50.5;0.954
09/05/2004;03.00.00;0.3;647;116;2.2;383;336;1714;206;1745;449;13.4;30.5;0.973
09/05/2004;04.00.00;2.7;799;199;6.2;383;119;2015;141;1079;228;31.0;26.4;0.371
09/05/2004;05.00.00;1.2;647;208;4.1;383;221;1901;63;567;264;29.4;45.9;0.779
09/05/2004;06.00.00;1.4;647;250;3.7;383;449;1725;91;666;461;3.1;50.0;1.068
09/05/2004;07.00.00;3.0;906;144;7.7;383;474;1585;202;1630;474;15.9;26.4;1.064
09/05/2004;08.00.00;3.9;1034;288;11.7;383;36;1970;134;1105;228;11.9;68.0;0.975
09/05/2004;09.00.00;2.2;647;243;2.3;383;447;1578;163;1287;578;8.5;45.7;0.784
09/05/2004;10.00.00;2.6;722;185;6.7;383;435;1618;85;775;555;16.6;64.2;1.057
09/05/2004;11.00.00;4.5;1218;150;12.3;383;273;1691;102;779;454;11.7;34.6;0.627
09/05/2004;12.00.00;2.5;737;200;7.4;383;232;1744;109;716;228;10.7;64.8;1.179
09/05/2004;13.00.00;5.8;1564;140;14.0;383;161;1812;157;1237;352;9.9;31.7;1.215
09/05/2004;14.00.00;2.9;841;223;9.8;383;54;1945;92;839;228;28.6;39.6;0.68
09/05/2004;15.00.00;0.1;647;226;2.1;383;297;1795;141;1331;317;16.4;41.9;1.357
09/05/2004;16.00.00;3.2;914;242;10.0;383;219;1957;112;1008;259;17.5;44.3;0.705
09/05/2004;17.00.00;2.7;714;385;9.6;383;312;1720;54;551;279;28.1;67.4;1.085
09/05/2004;18.00.00;4.0;1080;205;11.6;383;316;1794;112;872;297;15.5;55.3;1.333
09/05/2004;19.00.00;3.1;873;313;6.8;383;631;1480;166;1512;748;20.6;32.2;0.987
09/05/2004;20.00.00;2.0;647;239;6.3;383;429;1733;113;961;577;12.2;30.7;0.789
09/05/2004;21.00.00;0.4;647;195;2.8;383;329;1635;97;835;339;14.0;51.7;1.005
09/05/2004;22.00.00;1.9;656;206;3.3;383;2;1955;181;1500;228;19.0;44.9;1.291
09/05/2004;23.00.00;1.0;647;212;2.1;383;306;1808;131;961;363;19.6;52.5;1.155
10/05/2004;00.00.00;1.3;647;244;3.8;383;488;1656;46;551;537;24.0;21.0;0.82
10/05/2004;01.00.00;3.0;706;126;15.2;383;180;1903;99;676;228;26.6;86.9;0.841
10/05/2004;02.00.00;4.5;1286;78;14.8;509;581;1647;125;1073;655;17.6;20.0;0.99
10/05/2004;03.00.00;2.7;667;280;4.8;383;329;1597;124;1021;510;26.6;45.4;1.352
10/05/2004;04.00.00;0.5;647;303;0.1;383;291;1666;137;1049;487;11.4;36.5;1.145
10/05/2004;05.00.00;2.8;746;288;10.3;383;94;1969;105;932;228;23.7;28.0;0.924
10/05/2004;06.00.00;3.8;1093;232;17.2;494;476;1684;102;793;575;12.1;59.7;0.865
10/05/2004;07.00.00;1.3;647;290;3.6;383;118;1957;113;882;228;12.4;45.6;0.466
10/05/2004;08.00.00;2.0;647;285;5.6;383;159;2088;151;1251;228;26.2;29.4;1.901
10/05/2004;09.00.00;2.2;722;292;7.8;383;2;1925;80;639;228;0.1;41.2;0.878
10/05/2004;10.00.00;1.1;647;136;1.8;383;383;1723;109;895;427;23.3;60.2;0.738
10/05/2004;11.00.00;3.1;811;113;4.7;383;335;1725;124;1081;359;19.6;65.6;1.529
10/05/2004;12.00.00;2.0;647;181;8.4;383;247;1851;87;638;328;19.3;75.8;0.82
10/05/2004;13.00.00;2.7;898;216;7.5;383;359;1742;135;1015;324;30.9;54.6;1.123
10/05/2004;14.00.00;0.9;647;195;5.0;383;344;1682;129;1019;530;9.4;40.4;0.951
10/05/2004;15.00.00;1.5;647;39;3.4;383;190;1878;13;551;377;8.6;38.3;0.89
10/05/2004;16.00.00;3.2;830;381;10.4;383;125;1905;114;968;228;26.9;57.7;1.205
10/05/2004;17.00.00;1.6;647;191;6.9;383;2;2008;181;1603;228;16.3;71.4;1.156
10/05/2004;18.00.00;4.6;1231;234;16.8;494;218;1915;184;1475;228;27.7;15.4;0.607
10/05/2004;19.00.00;1.6;647;336;5.6;383;45;2161;145;1168;228;23.3;48.7;0.906
10/05/2004;20.00.00;2.5;647;7;8.3;383;270;1630;173;1339;350;20.6;27.5;1.269
10/05/2004;21.00.00;3.5;901;169;12.3;383;221;1925;105;783;346;16.3;50.3;1.195
10/05/2004;22.00.00;0.2;647;181;1.5;383;184;1903;140;1176;257;16.0;78.3;0.928
10/05/2004;23.00.00;0.1;647;186;0.1;383;406;1615;120;970;588;33.9;18.8;0.625
11/05/2004;00.00.00;0.1;647;201;0.1;383;95;1894;145;1260;228;13.1;20.8;1.514
11/05/2004;01.00.00;3.9;1198;355;8.3;383;2;2068;201;1703;228;26.3;74.9;1.288
11/05/2004;02.00.00;1.4;647;281;5.9;383;211;1834;161;1358;251;10.6;54.6;2.041
11/05/2004;03.00.00;5.7;1582;309;17.5;383;132;1889;96;655;228;10.9;48.7;1.03
11/05/2004;04.00.00;1.4;647;222;6.0;383;264;1733;188;1565;420;19.5;64.4;1.246
11/05/2004;05.00.00;2.4;647;85;8.5;383;106;1854;124;924;302;16.8;78.9;1.124
11/05/2004;06.00.00;4.3;1261;20;11.8;383;310;1674;144;1003;396;25.7;53.6;0.416
11/05/2004;07.00.00;5.0;1372;72;15.6;383;97;1881;101;831;228;15.8;48.8;1.114
11/05/2004;08.00.00;5.0;1379;252;15.2;383;95;1913;148;1295;228;13.8;16.9;0.264
11/05/2004;09.00.00;3.8;1010;221;11.1;383;340;1756;132;1114;380;7.8;33.8;0.681
11/05/2004;10.00.00;3.6;941;198;13.3;383;238;1743;167;1268;289;36.7;17.4;1.118
11/05/2004;11.00.00;3.0;859;182;14.6;383;64;2008;88;934;228;6.1;49.5;0.992
11/05/2004;12.00.00;3.2;801;409;12.6;425;100;1847;158;1334;228;42.9;73.1;0.18
11/05/2004;13.00.00;1.4;647;139;4.4;383;188;1910;2;551;228;23.4;41.9;1.082
11/05/2004;14.00.00;1.0;647;306;5.7;383;71;1873;83;551;228;21.6;56.7;0.54
11/05/2004;15.00.00;2.1;647;218;10.3;383;201;1999;48;551;228;5.9;63.9;1.273
11/05/2004;16.00.00;1.9;647;212;3.3;383;207;1886;129;876;294;22.4;55.7;0.967
11/05/2004;17.00.00;1.5;647;329;7.3;383;105;1982;159;1190;228;5.6;47.5;1.481
11/05/2004;18.00.00;3.1;848;356;11.5;383;345;1709;112;764;463;16.7;25.9;0.364
11/05/2004;19.00.00;3.5;972;195;13.5;383;89;1976;178;1364;228;26.8;61.1;0.268
11/05/2004;20.00.00;2.3;754;293;8.9;383;436;1550;75;563;459;6.5;69.3;1.445
11/05/2004;21.00.00;4.2;1195;252;13.0;383;212;1751;45;551;228;23.2;49.5;1.518
11/05/2004;22.00.00;0.6;647;218;5.8;383;145;1859;147;1365;253;15.1;43.3;2.017
11/05/2004;23.00.00;1.9;647;237;6.7;383;328;1858;169;1338;355;22.5;62.8;1.127
12/05/2004;00.00.00;1.1;647;152;2.8;383;251;1879;118;1050;250;7.3;54.9;1.108
12/05/2004;01.00.00;0.1;647;188;1.3;383;362;1531;200;1649;537;28.6;76.5;1.129
12/05/2004;02.00.00;2.0;647;162;8.5;383;2;1919;137;1082;228;23.6;41.2;1.304
12/05/2004;03.00.00;2.0;647;303;6.5;383;325;1732;132;1018;228;11.3;61.7;1.015
12/05/2004;04.00.00;4.3;1244;208;14.4;405;166;1967;92;846;228;11.8;56.2;0.241
12/05/2004;05.00.00;3.0;962;94;9.9;383;251;1818;50;551;258;28.2;49.8;0.843
12/05/2004;06.00.00;0.7;647;149;1.0;383;232;1611;100;751;228;14.6;38.9;0.819
12/05/2004;07.00.00;4.7;1382;7;13.5;420;452;1544;188;1459;531;11.3;61.8;0.776
12/05/2004;08.00.00;3.9;1159;171;9.5;383;2;2056;122;983;228;22.2;76.2;1.311
12/05/2004;09.00.00;3.0;723;221;12.5;383;492;1621;94;681;442;23.2;15.1;1.716
12/05/2004;10.00.00;1.8;647;205;5.4;383;354;1727;69;631;388;13.6;51.7;0.974
12/05/2004;11.00.00;0.8;647;406;0.1;383;269;1873;138;1196;368;29.5;59.0;0.561
12/05/2004;12.00.00;1.6;647;272;6.0;383;26;1950;59;551;228;18.0;34.6;0.878
12/05/2004;13.00.00;3.7;990;268;12.5;383;2;2054;130;1083;228;25.3;56.6;0.556
12/05/2004;14.00.00;4.8;1360;61;11.6;383;160;2003;90;659;228;25.3;55.1;0.971
12/05/2004;15.00.00;4.3;1276;183;12.1;383;343;1743;100;818;483;7.4;61.3;0.348
12/05/2004;16.00.00;1.5;647;171;2.9;383;245;1732;143;1244;297;27.3;43.2;0.833
12/05/2004;17.00.00;0.6;647;143;0.4;383;334;1698;67;551;397;26.2;26.6;1.3
12/05/2004;18.00.00;2.3;647;142;9.9;383;22;1910;113;898;228;20.7;49.5;1.0
12/05/2004;19.00.00;0.1;647;46;0.1;383;252;1618;39;551;272;-1.3;71.1;1.189
12/05/2004;20.00.00;2.6;780;96;7.5;383;413;1605;107;889;510;19.9;64.0;1.204
12/05/2004;21.00.00;1.9;647;301;8.5;383;468;1676;136;1027;666;10.7;26.7;0.603
12/05/2004;22.00.00;1.5;647;204;5.8;383;54;1957;150;1134;228;7.1;46.2;0.974
12/05/2004;23.00.00;0.1;647;169;0.1;383;192;1954;167;1521;228;16.7;47.1;1.444
13/05/2004;00.00.00;2.9;845;217;7.9;383;193;1856;144;1097;228;0.6;59.1;1.1
13/05/2004;01.00.00;1.4;647;328;5.1;383;150;1950;93;691;268;17.2;47.3;1.144
13/05/2004;02.00.00;0.5;647;218;0.1;383;384;1551;26;551;468;26.7;46.2;0.894
13/05/2004;03.00.00;0.1;647;269;4.4;383;685;1416;160;1342;711;22.4;39.1;0.643
13/05/2004;04.00.00;2.1;647;137;7.0;383;75;1918;87;603;228;27.4;88.7;0.944
13/05/2004;05.00.00;4.6;1242;159;13.3;383;310;1685;43;551;321;15.5;18.8;1.104
13/05/2004;06.00.00;4.5;1223;251;12.1;383;291;1889;202;1515;257;21.6;49.5;0.989
13/05/2004;07.00.00;1.5;647;397;6.7;383;294;1610;110;868;360;9.3;51.2;0.929
13/05/2004;08.00.00;1.3;647;353;2.9;383;449;1630;136;1157;472;2.4;60.1;0.955
13/05/2004;09.00.00;2.8;664;273;9.7;383;303;1848;123;971;428;9.1;42.2;1.262
13/05/2004;10.00.00;0.8;647;232;0.1;383;2;2059;112;1056;228;12.1;41.7;0.925
13/05/2004;11.00.00;2.6;713;351;8.4;383;26;1948;94;687;228;11.8;58.1;0.631
13/05/2004;12.00.00;3.2;765;293;9.0;383;82;1861;84;697;228;27.8;42.7;0.791
13/05/2004;13.00.00;3.9;1016;7;11.7;383;131;1982;219;1863;228;16.8;37.6;1.404
13/05/2004;14.00.00;2.0;647;117;4.8;383;224;1778;43;551;228;35.1;67.8;1.074
13/05/2004;15.00.00;1.9;647;250;8.0;383;213;1763;92;949;228;30.2;31.6;0.559
13/05/2004;16.00.00;0.9;647;48;2.0;383;2;2078;70;588;228;9.9;36.8;1.145
13/05/2004;17.00.00;1.0;647;132;2.9;383;2;2022;137;1031;228;26.2;55.0;0.687
13/05/2004;18.00.00;1.8;647;151;5.7;383;2;1970;93;751;228;26.4;61.5;1.025
13/05/2004;19.00.00;2.7;647;193;11.8;383;8;2019;89;645;228;15.1;44.9;1.41
13/05/2004;20.00.00;3.4;1004;190;12.8;383;397;1717;143;1160;656;18.2;57.0;0.702
13/05/2004;21.00.00;1.0;647;190;4.9;383;204;1832;205;1745;289;12.7;52.5;0.57
13/05/2004;22.00.00;4.2;1185;296;10.4;383;100;1932;73;640;228;37.1;44.1;1.175
13/05/2004;23.00.00;1.8;647;192;4.4;383;2;1825;38;551;228;30.9;32.4;0.955
14/05/2004;00.00.00;2.1;647;181;9.2;383;91;1918;116;873;228;15.7;65.8;1.057
14/05/2004;01.00.00;1.1;647;89;1.2;383;338;1677;153;1251;408;30.5;32.2;1.449
14/05/2004;02.00.00;0.1;647;315;0.5;383;318;1681;102;863;413;14.4;88.7;0.745
14/05/2004;03.00.00;3.4;1078;154;8.7;383;207;1779;143;1046;228;25.6;40.2;1.116
14/05/2004;04.00.00;3.2;781;114;8.3;383;205;1796;86;611;240;20.0;76.2;1.084
14/05/2004;05.00.00;1.8;647;238;9.0;383;2;1974;227;1799;228;17.3;67.6;0.475
14/05/2004;06.00.00;2.2;647;145;8.6;383;127;1911;142;1033;228;9.8;44.0;1.266
14/05/2004;07.00.00;2.9;807;168;11.2;383;331;1676;89;573;418;13.4;66.6;1.183
14/05/2004;08.00.00;0.1;647;242;1.9;383;142;1927;76;551;228;22.9;65.6;0.927
14/05/2004;09.00.00;1.4;647;186;4.2;383;494;1663;125;1038;692;18.6;43.3;1.386
14/05/2004;10.00.00;3.3;873;437;9.1;383;430;1713;145;1170;449;15.3;19.8;0.258
14/05/2004;11.00.00;0.4;647;210;0.5;383;176;1933;50;551;367;29.6;23.3;0.803
14/05/2004;12.00.00;2.6;700;276;7.8;383;205;1790;113;833;401;19.0;59.1;1.263
14/05/2004;13.00.00;0.3;647;33;4.4;383;586;1509;148;1218;659;18.0;48.7;0.746
14/05/2004;14.00.00;2.8;932;136;6.3;383;375;1719;129;1057;504;13.7;52.1;0.619
14/05/2004;15.00.00;2.1;647;114;5.6;383;256;1760;142;1243;453;20.4;66.1;1.146
14/05/2004;16.00.00;0.1;647;127;0.1;383;274;1687;184;1275;444;22.7;42.6;0.627
14/05/2004;17.00.00;3.8;1078;257;14.2;400;268;1744;2;551;228;19.2;61.8;1.245
14/05/2004;18.00.00;1.1;647;316;7.3;383;243;1936;123;1062;279;22.7;38.4;1.365
14/05/2004;19.00.00;1.0;647;250;3.9;383;82;1874;2;551;228;12.7;50.6;0.919
14/05/2004;20.00.00;2.4;648;196;8.6;383;184;1788;110;961;289;9.3;52.1;0.93
14/05/2004;21.00.00;3.8;852;158;12.2;383;26;1935;175;1331;228;15.9;30.8;0.762
14/05/2004;22.00.00;0.7;647;323;3.2;383;356;1759;106;823;333;21.4;48.9;0.982
14/05/2004;23.00.00;2.2;647;414;8.7;383;225;1847;68;551;228;26.3;63.5;0.838
15/05/2004;00.00.00;2.8;686;230;9.7;383;364;1764;152;1034;311;35.9;57.7;1.505
15/05/2004;01.00.00;3.1;928;307;11.0;383;51;2161;119;968;228;23.2;73.7;1.532
15/05/2004;02.00.00;2.4;647;250;9.2;383;463;1694;122;1089;533;1.8;41.0;0.95
15/05/2004;03.00.00;1.6;647;289;1.7;383;444;1716;216;1719;570;27.4;74.7;1.35
15/05/2004;04.00.00;1.0;647;107;3.2;383;5;2224;40;551;228;21.3;52.7;1.191
15/05/2004;05.00.00;2.3;647;171;7.9;383;168;1904;82;570;228;12.5;40.9;0.642
15/05/2004;06.00.00;0.6;647;255;2.9;383;185;1820;131;1137;228;24.6;51.8;0.542
15/05/2004;07.00.00;0.1;647;333;0.1;383;26;1954;171;1378;228;21.4;36.8;0.839
15/05/2004;08.00.00;2.8;951;140;9.2;383;206;1919;66;551;228;14.1;54.3;0.654
15/05/2004;09.00.00;3.4;900;24;9.5;383;331;1634;93;630;383;19.0;21.1;1.115
15/05/2004;10.00.00;0.1;647;170;0.1;383;174;1704;109;804;228;10.8;70.1;1.196
15/05/2004;11.00.00;0.7;647;313;4.3;383;2;1932;105;904;228;16.4;38.1;0.713
15/05/2004;12.00.00;3.0;869;67;7.4;383;364;1774;146;1129;412;7.6;49.6;1.342
15/05/2004;13.00.00;5.0;1354;106;15.8;383;124;1947;110;832;228;21.4;69.4;1.654
15/05/2004;14.00.00;2.2;647;232;5.5;383;141;1874;144;1354;233;21.0;38.3;0.804
15/05/2004;15.00.00;1.1;647;206;6.8;383;503;1682;55;551;521;27.1;60.5;1.161
15/05/2004;16.00.00;1.9;647;274;5.9;383;306;1803;119;945;292;26.0;68.7;1.201
15/05/2004;17.00.00;4.1;1168;101;12.4;383;122;1929;114;906;228;12.7;51.4;1.007
15/05/2004;18.00.00;1.2;647;187;5.5;383;64;1947;153;1173;228;21.1;55.6;1.643
15/05/2004;19.00.00;1.0;647;331;7.6;383;393;1756;233;1865;606;21.4;71.2;1.286
15/05/2004;20.00.00;1.5;647;104;5.5;383;383;1753;158;1426;546;11.6;29.4;1.291
15/05/2004;21.00.00;0.8;647;358;1.9;383;168;1843;79;666;241;25.3;69.3;0.838
15/05/2004;22.00.00;2.3;673;116;8.8;383;53;2022;143;1019;228;15.5;21.0;1.372
15/05/2004;23.00.00;4.4;1262;298;11.0;383;304;1703;110;849;360;12.8;40.2;0.889
16/05/2004;00.00.00;2.6;715;182;8.4;383;336;1749;96;782;530;16.7;82.7;1.273
16/05/2004;01.00.00;1.8;647;109;9.7;383;188;1880;87;580;228;4.5;65.4;0.358
16/05/2004;02.00.00;1.7;647;170;5.9;383;77;1911;85;643;228;3.8;49.3;1.267
16/05/2004;03.00.00;0.1;647;269;0.5;383;249;1810;58;551;365;22.7;84.0;1.266
16/05/2004;04.00.00;3.4;986;217;10.9;383;316;1795;50;551;361;12.7;30.3;1.114
16/05/2004;05.00.00;2.0;647;324;5.7;383;171;1776;144;1161;228;8.2;57.9;0.18
16/05/2004;06.00.00;1.9;647;354;6.7;383;286;1785;95;823;325;5.0;47.2;1.365
16/05/2004;07.00.00;6.6;2000;105;22.7;661;301;1936;121;881;349;7.8;49.4;1.469
16/05/2004;08.00.00;2.6;758;98;7.6;383;421;1596;71;563;545;11.8;61.8;0.523
16/05/2004;09.00.00;1.1;647;94;0.1;383;181;1937;140;1100;228;2.1;59.9;1.383
16/05/2004;10.00.00;1.6;647;132;5.9;383;71;1934;79;616;228;23.3;50.8;0.559
16/05/2004;11.00.00;3.8;1112;322;16.3;477;235;1906;48;551;366;21.3;61.9;0.757
16/05/2004;12.00.00;2.3;647;271;6.6;383;504;1538;188;1502;723;11.6;72.4;0.916
16/05/2004;13.00.00;0.1;647;166;0.1;383;2;1998;122;1023;228;28.4;54.8;1.392
16/05/2004;14.00.00;3.4;992;216;12.4;383;2;2175;98;672;228;12.3;63.0;1.233
16/05/2004;15.00.00;1.2;647;351;7.4;383;229;1802;103;968;366;17.7;52.7;0.984
16/05/2004;16.00.00;4.8;1360;399;16.3;383;187;1900;95;841;326;28.7;40.9;0.909
16/05/2004;17.00.00;3.7;992;242;15.2;386;214;1876;136;967;260;15.2;49.9;1.172
16/05/2004;18.00.00;1.5;647;7;6.5;383;208;1670;38;551;230;24.4;60.7;1.049
16/05/2004;19.00.00;3.9;1179;246;14.0;383;399;1715;26;551;356;23.6;19.1;1.393
16/05/2004;20.00.00;2.2;647;306;6.1;383;239;1709;118;906;295;14.1;54.2;0.654
16/05/2004;21.00.00;3.3;1069;239;11.3;383;371;1753;29;551;588;15.8;60.8;1.756
16/05/2004;22.00.00;2.8;777;287;9.0;383;2;2007;21;551;228;7.1;50.7;1.36
16/05/2004;23.00.00;1.0;647;251;3.0;383;165;1778;156;1140;228;-1.9;32.7;0.239
17/05/2004;00.00.00;1.2;647;100;3.5;383;121;1807;121;1050;228;11.8;61.1;1.068
17/05/2004;01.00.00;3.6;997;133;11.9;383;2;1992;121;822;228;19.9;38.2;0.517
17/05/2004;02.00.00;1.7;647;187;2.8;383;261;1989;59;551;292;8.2;78.0;0.959
17/05/2004;03.00.00;1.6;647;319;6.7;383;230;1945;179;1563;341;22.9;67.0;0.18
17/05/2004;04.00.00;0.8;647;145;0.8;383;174;1889;161;1155;254;14.4;53.3;0.451
17/05/2004;05.00.00;2.7;663;261;8.3;383;226;1859;47;551;232;25.9;44.5;0.974
17/05/2004;06.00.00;5.0;1429;246;16.8;446;261;1838;107;953;456;9.4;24.3;0.798
17/05/2004;07.00.00;0.7;647;368;0.2;383;401;1636;93;778;364;17.5;80.0;1.415
17/05/2004;08.00.00;2.2;705;214;3.1;383;344;1669;110;953;438;8.3;38.9;0.836
17/05/2004;09.00.00;4.1;1218;51;12.4;383;296;1831;165;1266;423;2.7;77.2;1.181
17/05/2004;10.00.00;2.0;647;279;3.7;383;599;1472;94;682;817;15.9;11.5;1.498
17/05/2004;11.00.00;2.8;685;421;10.3;383;137;2005;160;1265;228;8.4;47.8;0.45
17/05/2004;12.00.00;0.7;647;285;0.1;383;37;1861;29;551;228;17.5;39.3;0.555
17/05/2004;13.00.00;2.7;858;143;11.8;383;425;1587;83;715;511;21.4;32.4;0.738
17/05/2004;14.00.00;1.9;647;115;6.0;383;531;1687;93;785;771;6.4;54.5;0.97
17/05/2004;15.00.00;3.5;1075;127;11.4;383;148;1857;87;774;228;24.6;76.8;1.275
17/05/2004;16.00.00;3.8;1050;408;8.2;383;456;1624;114;922;640;8.4;42.2;0.426
17/05/2004;17.00.00;5.8;1579;186;18.8;483;164;1920;120;880;228;12.3;52.8;0.503
17/05/2004;18.00.00;3.0;770;155;9.3;383;335;1824;124;884;393;12.7;36.1;1.022
17/05/2004;19.00.00;2.6;725;202;5.7;383;343;1773;155;1304;455;19.7;33.5;0.413
17/05/2004;20.00.00;2.4;671;187;7.9;383;149;1903;148;1266;228;22.5;12.3;0.722
17/05/2004;21.00.00;1.7;647;366;4.5;383;528;1641;40;551;588;22.2;37.3;0.688
17/05/2004;22.00.00;2.6;724;121;8.0;383;546;1595;120;1155;506;12.4;45.1;0.849
17/05/2004;23.00.00;1.7;647;330;5.6;383;89;2015;83;746;228;22.2;24.6;1.62
18/05/2004;00.00.00;2.4;647;229;6.7;383;276;2007;152;1248;256;24.8;80.9;0.722
18/05/2004;01.00.00;4.0;1193;332;13.3;383;385;1731;175;1367;686;13.2;57.4;0.609
18/05/2004;02.00.00;0.7;647;368;2.2;383;2;1929;153;1157;228;5.5;61.4;0.758
18/05/2004;03.00.00;3.7;1034;226;12.9;383;250;1883;204;1641;286;15.3;23.8;0.714
18/05/2004;04.00.00;4.0;1058;188;11.7;383;2;1986;149;1184;228;27.1;56.6;1.252
18/05/2004;05.00.00;2.0;647;224;4.2;383;348;1748;160;1439;421;31.9;75.0;1.176
18/05/2004;06.00.00;0.1;647;208;0.1;383;259;1822;74;645;304;0.9;47.6;0.728
18/05/2004;07.00.00;1.3;647;60;7.0;383;188;1802;111;876;228;20.1;54.9;0.942
18/05/2004;08.00.00;4.0;980;365;14.6;419;6;1965;146;1098;228;20.9;44.7;0.729
18/05/2004;09.00.00;2.1;654;241;9.2;383;154;1691;126;1057;228;29.7;56.5;1.065
18/05/2004;10.00.00;0.8;647;107;5.0;383;325;1731;69;564;540;19.3;49.1;1.434
18/05/2004;11.00.00;1.4;647;21;3.7;383;239;1853;68;551;323;19.5;44.2;1.419
18/05/2004;12.00.00;3.3;1059;7;11.2;467;428;1658;26;551;441;15.2;55.9;1.173
18/05/2004;13.00.00;2.9;833;291;9.5;383;418;1628;130;1090;447;10.4;48.9;0.768
18/05/2004;14.00.00;1.8;647;159;7.1;383;412;1700;63;551;585;13.5;54.7;0.715
18/05/2004;15.00.00;1.6;647;174;4.7;383;163;1793;145;1136;228;21.1;47.8;0.433
18/05/2004;16.00.00;1.6;647;264;5.3;383;291;1682;147;1143;353;8.6;67.5;0.957
18/05/2004;17.00.00;0.9;647;168;2.9;383;98;1963;123;1215;228;27.7;81.1;0.727
18/05/2004;18.00.00;4.4;1281;269;15.2;383;53;2003;131;1068;228;20.1;53.5;1.395
18/05/2004;19.00.00;1.7;647;227;6.7;383;426;1699;161;1229;555;5.5;57.9;0.439
18/05/2004;20.00.00;3.9;1158;210;12.5;383;64;1924;168;1139;228;20.1;42.1;1.297
18/05/2004;21.00.00;4.3;1128;68;13.9;507;48;2049;5;551;228;13.5;59.9;0.424
18/05/2004;22.00.00;3.5;914;140;11.8;383;262;1700;146;1151;404;31.3;22.5;0.59
18/05/2004;23.00.00;1.5;647;275;8.2;386;204;1812;136;1226;266;5.4;58.0;0.691
19/05/2004;00.00.00;2.7;794;153;5.2;383;217;1885;127;1200;228;17.0;33.3;0.656
19/05/2004;01.00.00;2.1;647;332;4.8;383;598;1589;135;1066;628;11.3;72.3;1.435
19/05/2004;02.00.00;0.9;647;440;4.2;383;93;1863;97;811;228;23.6;63.2;0.973
19/05/2004;03.00.00;2.6;688;280;8.9;383;321;1914;2;551;417;25.6;46.6;1.463
19/05/2004;04.00.00;0.5;647;359;2.1;383;259;1782;83;707;228;7.0;59.5;1.023
19/05/2004;05.00.00;3.8;1049;286;13.5;383;400;1686;25;551;515;19.4;81.4;0.682
19/05/2004;06.00.00;1.5;647;167;5.2;383;125;1977;33;551;228;31.7;47.4;0.44
19/05/2004;07.00.00;2.4;680;237;6.7;383;211;1954;164;1262;228;25.0;54.6;0.851
19/05/2004;08.00.00;2.5;781;409;9.4;383;263;1794;86;751;328;30.5;57.5;0.75
19/05/2004;09.00.00;1.8;647;168;5.8;383;26;2072;125;1111;228;20.9;58.8;1.198
19/05/2004;10.00.00;3.0;784;119;8.6;383;2;1961;113;869;228;7.1;43.7;1.397
19/05/2004;11.00.00;1.5;647;110;6.1;383;242;1939;177;1476;364;5.1;63.3;1.558
19/05/2004;12.00.00;3.4;1117;197;12.1;383;450;1642;116;945;445;13.5;49.3;1.186
19/05/2004;13.00.00;0.3;647;122;1.3;383;192;1871;84;643;228;12.4;52.2;0.616
19/05/2004;14.00.00;2.3;647;377;10.9;383;213;1801;184;1526;267;31.7;39.5;1.271
19/05/2004;15.00.00;4.9;1393;238;18.2;466;422;1679;89;820;446;33.9;67.2;1.276
19/05/2004;16.00.00;0.7;647;310;4.4;383;223;1762;133;998;228;23.4;34.1;0.669
19/05/2004;17.00.00;1.2;647;189;9.0;383;364;1703;136;1069;428;23.0;24.0;1.085
19/05/2004;18.00.00;2.9;743;109;8.9;383;653;1478;53;551;783;10.9;13.6;0.787
19/05/2004;19.00.00;2.4;647;93;6.8;383;157;1789;157;1254;228;22.1;62.8;0.654
19/05/2004;20.00.00;2.6;685;131;10.2;383;218;1779;177;1360;267;6.6;40.8;1.384
19/05/2004;21.00.00;2.8;748;251;8.6;383;306;1586;58;551;397;9.1;38.7;1.048
19/05/2004;22.00.00;3.0;916;267;9.7;383;474;1521;114;916;542;30.0;49.5;1.402
19/05/2004;23.00.00;3.7;942;275;9.9;383;228;1816;177;1502;308;20.4;28.3;0.935
20/05/2004;00.00.00;2.7;712;76;9.9;383;357;1790;34;551;522;23.7;55.3;0.754
20/05/2004;01.00.00;1.8;647;217;2.9;383;299;1732;143;1144;395;-1.7;87.6;0.244
20/05/2004;02.00.00;3.1;946;120;9.7;383;234;1809;53;551;421;14.4;61.3;1.685
20/05/2004;03.00.00;4.8;1448;256;15.4;383;181;1947;97;794;228;13.8;55.9;1.434
20/05/2004;04.00.00;2.0;647;263;5.4;383;152;1944;102;944;228;26.7;64.3;0.661
20/05/2004;05.00.00;0.8;647;106;0.1;383;715;1493;56;551;887;25.6;88.7;0.18
20/05/2004;06.00.00;3.7;1072;309;8.3;383;10;2001;69;551;228;25.1;42.4;1.42
20/05/2004;07.00.00;2.0;672;440;4.8;383;24;1941;109;898;228;19.0;42.5;1.134
20/05/2004;08.00.00;0.1;647;297;1.4;383;283;1804;179;1460;389;29.3;39.6;1.332
20/05/2004;09.00.00;3.3;878;202;11.3;383;277;1880;136;1118;349;11.6;23.9;0.201
20/05/2004;10.00.00;1.4;647;187;4.4;383;311;1895;34;551;467;15.7;51.6;0.491
20/05/2004;11.00.00;2.0;647;198;4.7;383;112;2102;135;1094;228;32.0;49.5;1.045
20/05/2004;12.00.00;2.6;737;145;9.0;383;88;2051;114;874;228;18.8;54.3;0.734
20/05/2004;13.00.00;2.4;647;241;4.1;383;202;1841;82;551;228;28.3;31.5;0.8
20/05/2004;14.00.00;3.1;895;109;5.3;383;384;1595;92;832;530;14.4;16.7;0.201
20/05/2004;15.00.00;1.5;647;38;4.4;383;90;1975;136;1072;228;19.0;15.6;0.826
20/05/2004;16.00.00;2.9;718;238;8.1;383;269;1872;37;551;284;26.5;54.3;1.083
20/05/2004;17.00.00;1.8;647;220;7.7;383;167;1661;81;726;281;28.6;55.2;1.268
20/05/2004;18.00.00;3.2;1016;163;10.5;383;12;1871;58;551;228;17.3;78.6;1.16
20/05/2004;19.00.00;3.0;914;96;12.9;383;49;1923;74;577;228;7.0;68.9;0.826
20/05/2004;20.00.00;0.8;647;245;1.6;383;385;1630;128;1032;442;10.7;26.5;1.319
20/05/2004;21.00.00;3.7;1070;123;12.7;383;153;1748;115;841;369;14.9;30.4;0.833
20/05/2004;22.00.00;1.4;647;204;4.0;383;436;1681;145;1086;508;21.8;57.8;1.761
20/05/2004;23.00.00;3.3;1024;385;13.3;383;240;1907;4;551;307;11.9;49.6;1.14
21/05/2004;00.00.00;2.7;743;279;8.1;383;36;1955;100;803;228;21.7;65.7;0.977
21/05/2004;01.00.00;4.7;1340;87;16.8;383;319;1611;107;940;379;20.3;72.4;1.011
21/05/2004;02.00.00;1.8;647;96;3.7;383;123;1917;34;551;270;14.3;55.5;0.654
21/05/2004;03.00.00;1.7;647;232;4.5;383;188;1760;79;673;284;2.9;50.1;1.306
21/05/2004;04.00.00;2.1;722;87;6.6;383;419;1583;111;756;555;22.0;31.7;0.692
21/05/2004;05.00.00;1.7;647;27;8.0;383;48;2037;128;1096;228;4.5;32.4;1.423
21/05/2004;06.00.00;3.3;941;268;6.1;383;177;1954;129;1035;268;24.8;60.0;1.083
21/05/2004;07.00.00;0.1;647;248;0.1;383;80;1912;18;551;228;35.3;28.1;0.676
21/05/2004;08.00.00;0.7;647;260;1.4;383;63;2007;82;712;228;18.2;42.6;1.165
21/05/2004;09.00.00;0.7;647;242;0.1;383;173;1775;39;551;373;13.9;29.5;0.736
21/05/2004;10.00.00;3.5;1023;211;10.2;383;114;1950;112;869;262;30.1;32.2;0.699
21/05/2004;11.00.00;4.5;1167;155;11.5;383;204;1806;92;642;235;15.8;45.9;1.074
21/05/2004;12.00.00;2.0;647;267;1.8;383;343;1618;82;797;430;20.1;44.1;1.123
21/05/2004;13.00.00;1.9;647;363;5.6;383;131;1822;265;2102;228;23.3;59.1;0.82
21/05/2004;14.00.00;2.2;647;170;6.6;383;21;2015;62;551;228;11.6;70.2;0.811
21/05/2004;15.00.00;3.8;1087;121;11.6;383;344;1606;112;863;235;30.1;44.9;0.847
21/05/2004;16.00.00;0.9;647;110;3.2;383;130;1873;135;1123;229;27.1;28.4;1.233
21/05/2004;17.00.00;2.5;647;135;6.2;383;525;1664;130;1034;570;36.0;43.3;1.261
21/05/2004;18.00.00;3.5;1003;237;14.8;383;183;1813;140;1115;228;22.6;65.3;1.223
21/05/2004;19.00.00;2.9;852;14;9.1;383;225;1696;130;1012;233;15.3;32.2;0.74
21/05/2004;20.00.00;2.4;647;259;10.3;383;2;1976;97;743;228;8.2;30.9;1.853
21/05/2004;21.00.00;3.6;1036;279;8.0;383;68;1999;113;806;228;19.0;24.6;0.18
21/05/2004;22.00.00;0.1;647;47;0.1;383;2;1894;81;551;228;18.8;72.9;0.631
21/05/2004;23.00.00;3.1;852;124;11.3;383;290;1862;77;648;247;28.1;10.3;1.203
22/05/2004;00.00.00;1.2;647;225;3.5;383;233;1874;49;551;332;16.5;30.6;1.609
22/05/2004;01.00.00;0.1;647;204;0.1;383;342;1754;150;1184;341;12.2;30.2;1.13
22/05/2004;02.00.00;2.9;879;267;5.5;383;369;1750;165;1438;455;3.7;42.5;0.873
22/05/2004;03.00.00;4.1;1143;204;14.5;383;393;1695;84;766;548;17.2;38.2;1.472
22/05/2004;04.00.00;2.0;647;338;7.6;383;211;1857;109;863;233;12.3;51.2;0.803
22/05/2004;05.00.00;3.5;966;187;11.6;383;259;1798;189;1569;328;14.8;39.8;0.674
22/05/2004;06.00.00;4.4;1273;124;13.1;383;334;1802;166;1373;351;16.4;32.1;1.321
22/05/2004;07.00.00;4.0;1152;116;10.5;383;124;2003;155;1205;236;18.8;41.0;1.582
22/05/2004;08.00.00;4.4;1238;287;14.1;383;102;1852;125;834;228;10.7;28.2;0.37
22/05/2004;09.00.00;3.2;980;220;7.6;383;481;1558;82;674;535;12.5;66.5;1.662
22/05/2004;10.00.00;2.3;709;278;5.7;383;2;1967;88;762;228;29.6;71.9;1.362
22/05/2004;11.00.00;0.1;647;276;2.8;383;322;1693;124;950;460;15.9;17.7;1.329
22/05/2004;12.00.00;1.8;647;26;2.1;383;298;1852;134;1232;246;23.7;56.9;1.345
22/05/2004;13.00.00;1.0;647;109;4.5;383;74;1820;66;614;228;14.9;50.6;1.26
22/05/2004;14.00.00;5.2;1478;121;19.6;435;143;1928;172;1264;228;15.9;50.6;1.181
22/05/2004;15.00.00;1.9;647;140;7.7;383;191;1957;180;1428;283;26.2;40.4;0.902
22/05/2004;16.00.00;2.3;722;178;8.2;383;279;1730;151;1141;293;13.8;37.0;0.497
22/05/2004;17.00.00;2.9;736;312;8.4;383;299;1877;185;1451;290;25.0;65.0;0.639
22/05/2004;18.00.00;2.2;647;331;5.8;383;241;1899;143;1201;232;22.7;65.3;1.109
22/05/2004;19.00.00;4.5;1210;190;10.0;383;274;1752;126;989;343;14.9;50.9;1.037
22/05/2004;20.00.00;1.3;647;194;4.2;383;346;1787;115;878;459;8.8;21.9;0.694
22/05/2004;21.00.00;2.4;647;150;6.9;383;339;1662;97;789;357;24.2;50.1;0.759
22/05/2004;22.00.00;1.1;647;226;2.2;383;480;1527;112;962;581;13.0;42.1;0.983
22/05/2004;23.00.00;0.3;647;237;0.9;383;405;1638;63;564;435;15.7;47.9;0.74
23/05/2004;00.00.00;1.3;647;294;4.3;383;248;1909;108;921;268;13.7;51.1;0.702
23/05/2004;01.00.00;2.1;647;293;5.4;383;344;1688;56;564;373;4.2;47.1;1.326
23/05/2004;02.00.00;1.5;647;7;8.2;383;310;1754;74;589;316;18.2;65.8;0.59
23/05/2004;03.00.00;1.2;647;203;5.2;383;271;1702;171;1346;228;1.2;37.7;0.987
23/05/2004;04.00.00;0.2;647;349;2.4;383;113;1978;169;1345;228;23.0;65.6;1.2
23/05/2004;05.00.00;2.0;647;176;6.3;383;270;1849;72;551;415;23.2;43.0;1.034
23/05/2004;06.00.00;0.1;647;326;1.3;383;2;1942;154;1171;228;17.1;62.7;0.85
23/05/2004;07.00.00;3.2;806;188;8.5;383;410;1486;84;737;468;8.1;64.3;1.634
23/05/2004;08.00.00;2.3;751;234;8.6;383;299;1731;81;715;423;22.4;56.1;1.35
23/05/2004;09.00.00;0.1;647;109;0.1;383;221;1858;179;1226;228;-1.9;39.0;1.741
23/05/2004;10.00.00;1.7;647;113;3.5;383;181;1853;60;558;233;17.9;18.1;0.807
23/05/2004;11.00.00;1.1;647;286;3.5;383;346;1729;27;551;290;28.3;57.1;1.068
23/05/2004;12.00.00;2.6;798;301;7.7;383;527;1606;81;597;632;20.4;41.8;1.405
23/05/2004;13.00.00;4.0;1071;220;17.5;383;303;1716;84;646;337;12.9;50.6;1.78
23/05/2004;14.00.00;0.1;647;101;1.2;383;537;1469;95;659;495;8.4;65.5;1.41
23/05/2004;15.00.00;2.3;647;222;10.6;383;366;1766;30;551;403;37.8;37.2;0.848
23/05/2004;16.00.00;1.9;647;337;8.4;383;122;1830;129;1192;228;14.7;51.2;1.017
23/05/2004;17.00.00;3.1;859;383;10.0;383;320;1647;204;1508;337;16.3;21.4;0.997
23/05/2004;18.00.00;2.4;652;187;6.9;383;305;1795;127;1069;406;13.8;55.3;1.051
23/05/2004;19.00.00;1.1;647;60;0.1;383;122;1813;102;897;228;10.4;38.6;0.884
23/05/2004;20.00.00;1.7;647;297;3.7;383;183;1787;145;1207;228;-1.9;10.0;1.069
23/05/2004;21.00.00;1.0;647;191;4.6;383;180;1981;116;1055;228;13.2;56.2;0.18
23/05/2004;22.00.00;3.7;1112;307;11.1;383;261;1918;115;1004;336;17.2;88.7;0.611
23/05/2004;23.00.00;2.2;647;244;7.7;383;203;1932;109;926;228;9.7;48.4;1.294
24/05/2004;00.00.00;4.8;1333;134;11.3;383;287;1831;123;1070;341;-1.9;30.9;1.812
24/05/2004;01.00.00;2.1;647;223;7.5;383;311;1842;93;825;466;20.0;59.8;1.096
24/05/2004;02.00.00;1.2;647;342;5.9;383;439;1805;34;551;447;17.8;42.6;0.846
24/05/2004;03.00.00;0.1;647;203;0.1;383;330;1823;201;1664;497;29.9;56.7;0.535
24/05/2004;04.00.00;0.1;647;119;1.1;383;138;1909;138;1085;228;16.9;32.1;0.696
24/05/2004;05.00.00;0.1;647;67;3.0;383;568;1614;79;551;766;2.5;22.9;0.981
24/05/2004;06.00.00;2.5;895;144;11.4;383;139;1851;129;1185;228;28.2;54.6;1.125
24/05/2004;07.00.00;2.9;982;179;8.2;383;186;1862;58;551;228;28.5;39.3;0.709
24/05/2004;08.00.00;0.1;647;295;1.9;383;337;1745;131;1137;305;6.9;37.3;0.99
24/05/2004;09.00.00;3.4;851;111;13.7;383;688;1437;148;1231;805;22.2;65.4;1.213
24/05/2004;10.00.00;1.5;647;365;5.5;383;307;1728;162;1228;235;29.4;41.0;1.387
24/05/2004;11.00.00;2.4;650;90;10.1;383;147;1984;140;1060;228;31.1;56.4;1.085
24/05/2004;12.00.00;4.4;1224;439;14.0;383;2;1922;103;862;228;28.7;39.5;0.826
24/05/2004;13.00.00;3.4;1025;381;11.7;383;2;2010;162;1329;228;20.4;69.5;0.422
24/05/2004;14.00.00;1.8;647;231;4.4;383;247;1698;86;661;274;17.5;78.7;0.879
24/05/2004;15.00.00;0.9;647;61;2.6;383;329;1575;127;891;387;13.2;60.6;1.331
24/05/2004;16.00.00;0.1;647;212;1.2;383;28;2072;77;688;228;12.8;32.8;1.084
24/05/2004;17.00.00;1.1;647;181;2.3;383;279;1878;124;758;368;7.7;63.0;1.195
24/05/2004;18.00.00;1.9;647;96;5.5;383;45;1925;184;1505;228;21.7;48.9;1.324
24/05/2004;19.00.00;0.8;647;245;4.0;383;104;1920;150;1291;228;16.5;56.4;1.501
24/05/2004;20.00.00;2.0;647;139;10.4;383;342;1702;157;1110;411;14.7;43.3;1.237
24/05/2004;21.00.00;2.3;647;150;3.1;383;131;1871;166;1344;228;16.8;42.1;1.169
24/05/2004;22.00.00;1.8;647;198;9.8;383;446;1603;109;846;470;26.8;53.2;0.18
24/05/2004;23.00.00;1.2;647;163;3.4;383;156;1911;71;584;357;23.6;81.1;1.229
25/05/2004;00.00.00;2.4;647;415;9.6;383;415;1636;24;551;512;2.1;54.0;1.746
25/05/2004;01.00.00;2.8;836;167;11.2;383;592;1559;60;551;659;37.5;45.3;0.45
25/05/2004;02.00.00;0.6;647;259;5.1;383;131;2027;118;931;228;27.0;37.4;1.419
25/05/2004;03.00.00;4.1;1117;231;11.7;383;623;1532;15;551;814;14.0;43.1;1.453
25/05/2004;04.00.00;2.0;647;251;6.0;383;248;1811;121;816;392;18.0;75.4;1.124
25/05/2004;05.00.00;2.2;689;258;6.9;383;149;1834;136;1139;228;17.1;40.6;0.394
25/05/2004;06.00.00;3.1;923;301;9.3;383;200;1838;37;551;322;9.7;41.9;0.431
25/05/2004;07.00.00;2.5;759;243;10.6;383;184;1718;155;1295;228;15.0;29.6;1.07
25/05/2004;08.00.00;3.5;837;239;11.0;383;460;1754;92;752;548;9.9;61.6;1.617
25/05/2004;09.00.00;2.6;701;223;4.9;383;447;1565;34;551;445;25.4;58.9;0.333
25/05/2004;10.00.00;1.3;647;204;2.9;383;445;1489;31;551;599;4.7;72.0;0.886
25/05/2004;11.00.00;2.7;721;131;5.3;383;47;1953;110;812;228;12.8;61.8;1.295
25/05/2004;12.00.00;0.5;647;212;1.3;383;274;1808;117;977;250;10.1;46.8;0.845
25/05/2004;13.00.00;2.3;647;240;8.7;383;8;2098;112;916;228;32.2;74.5;0.906
25/05/2004;14.00.00;2.1;656;256;5.4;383;400;1699;162;1327;403;24.4;71.3;1.583
25/05/2004;15.00.00;1.9;647;235;5.1;383;172;1936;115;859;228;22.0;51.3;1.256
25/05/2004;16.00.00;2.0;693;195;5.8;383;322;1816;85;560;379;26.8;55.8;1.191
25/05/2004;17.00.00;0.1;647;212;0.6;383;169;1931;97;697;228;18.3;21.1;0.507
25/05/2004;18.00.00;1.4;647;165;5.5;383;2;1907;164;1251;228;16.8;53.9;0.743
25/05/2004;19.00.00;2.3;710;247;8.9;383;381;1735;59;551;604;17.0;50.8;1.059
25/05/2004;20.00.00;2.4;647;196;12.1;383;393;1574;120;1003;548;14.3;47.8;0.992
25/05/2004;21.00.00;0.7;647;235;2.5;383;267;1945;122;879;309;23.6;56.9;1.129
25/05/2004;22.00.00;3.9;1088;313;14.0;383;2;2054;162;1189;228;25.7;33.3;1.578
25/05/2004;23.00.00;0.9;647;150;0.1;383;360;1661;118;925;297;23.5;88.4;1.003
26/05/2004;00.00.00;3.5;978;274;10.5;383;133;1923;67;551;228;14.4;61.8;1.204
26/05/2004;01.00.00;2.7;805;221;8.3;383;325;1659;122;851;425;13.5;61.1;0.18
26/05/2004;02.00.00;1.2;647;410;2.0;383;170;1738;147;1062;228;35.9;61.0;0.796
26/05/2004;03.00.00;4.6;1336;197;13.8;383;186;1920;119;1000;322;15.1;65.9;1.23
26/05/2004;04.00.00;0.5;647;284;1.3;383;322;1663;165;1298;443;29.2;51.2;0.757
26/05/2004;05.00.00;3.4;1041;219;10.0;383;120;1889;50;551;228;14.9;39.2;0.618
26/05/2004;06.00.00;3.6;987;86;16.6;383;220;1840;105;959;228;15.1;22.6;1.866
26/05/2004;07.00.00;1.2;647;168;4.9;383;323;1726;113;849;254;21.5;67.2;1.286
26/05/2004;08.00.00;4.1;1194;301;17.1;383;577;1455;150;1242;660;30.2;58.7;0.782
26/05/2004;09.00.00;1.8;647;176;8.7;383;234;1817;156;1240;306;21.1;28.1;1.451
26/05/2004;10.00.00;2.6;804;7;6.9;383;374;1712;114;921;455;13.2;26.9;0.835
26/05/2004;11.00.00;2.5;792;215;8.1;383;66;2016;95;767;228;37.2;18.2;0.454
26/05/2004;12.00.00;2.0;647;114;5.4;383;505;1791;122;865;512;19.9;43.9;0.782
26/05/2004;13.00.00;3.3;971;230;10.2;383;122;1743;58;645;331;16.1;68.7;0.689
26/05/2004;14.00.00;3.3;882;365;8.5;383;225;1755;89;655;283;23.0;24.0;0.748
26/05/2004;15.00.00;0.1;647;291;0.1;383;324;1758;140;1188;514;9.7;50.4;0.562
26/05/2004;16.00.00;4.0;1091;363;13.4;452;126;1979;129;976;228;24.5;23.2;0.991
26/05/2004;17.00.00;0.1;647;164;1.0;383;411;1698;81;561;542;9.7;24.3;1.276
26/05/2004;18.00.00;3.6;873;204;12.0;383;144;1974;75;713;228;23.3;37.3;0.921
26/05/2004;19.00.00;3.7;1112;118;11.8;383;373;1583;74;721;403;30.8;79.8;0.906
26/05/2004;20.00.00;0.6;647;153;3.7;383;409;1647;77;659;444;10.9;35.4;1.167
26/05/2004;21.00.00;1.6;658;129;4.5;383;334;1849;120;1025;393;19.0;25.2;0.9
26/05/2004;22.00.00;0.6;647;93;4.7;383;354;1647;170;1264;412;20.8;39.7;1.234
26/05/2004;23.00.00;1.8;647;347;2.2;383;633;1261;176;1464;563;25.6;40.0;0.927
27/05/2004;00.00.00;1.7;647;19;6.8;383;309;1686;68;601;370;22.1;44.8;1.382
27/05/2004;01.00.00;3.2;931;348;11.3;383;262;1824;128;1065;361;18.7;37.6;0.957
27/05/2004;02.00.00;4.0;1068;336;11.4;392;297;1756;126;1143;252;28.8;39.4;0.655
27/05/2004;03.00.00;4.1;1164;265;12.4;383;440;1544;123;802;443;19.8;55.8;1.354
27/05/2004;04.00.00;1.4;647;112;5.3;383;602;1460;66;551;728;12.8;48.5;1.609
27/05/2004;05.00.00;1.9;647;67;7.8;383;220;1717;77;737;297;9.2;32.0;0.683
27/05/2004;06.00.00;0.1;647;165;0.1;383;106;1817;129;947;228;27.5;58.8;1.297
27/05/2004;07.00.00;1.0;647;277;4.5;383;423;1590;94;808;536;29.7;86.6;0.561
27/05/2004;08.00.00;3.5;983;218;10.3;383;37;1978;117;899;228;19.4;56.0;0.244
27/05/2004;09.00.00;4.4;1248;118;16.4;430;285;1580;64;551;311;6.2;69.0;1.323
27/05/2004;10.00.00;0.4;647;327;0.1;383;292;1875;89;631;348;13.6;39.7;1.19
27/05/2004;11.00.00;1.3;647;378;9.1;383;229;1808;48;572;272;28.8;50.4;1.084
27/05/2004;12.00.00;2.1;682;196;5.0;383;238;1720;125;913;288;22.4;30.1;1.032
27/05/2004;13.00.00;2.5;683;228;11.0;383;2;1920;96;759;228;6.0;9.2;1.36
27/05/2004;14.00.00;1.0;647;74;3.1;383;113;1858;125;985;228;22.0;36.6;0.713
27/05/2004;15.00.00;2.7;872;178;7.1;383;389;1688;95;849;543;17.6;41.6;1.602
27/05/2004;16.00.00;1.5;647;266;5.3;383;2;2010;124;1000;228;25.1;29.4;1.278
27/05/2004;17.00.00;2.1;647;251;8.9;383;232;1798;199;1471;228;14.5;45.3;0.516
27/05/2004;18.00.00;2.9;808;169;6.2;383;198;1781;87;651;228;28.6;28.0;0.61
27/05/2004;19.00.00;2.2;703;191;8.3;383;2;1997;136;919;228;16.0;81.0;0.613
27/05/2004;20.00.00;1.5;647;175;4.9;383;504;1430;81;656;540;-1.9;27.4;1.234
27/05/2004;21.00.00;2.0;661;191;7.5;383;88;1832;106;995;228;13.0;34.4;1.143
27/05/2004;22.00.00;2.0;647;258;6.5;383;329;1681;135;1069;277;20.0;38.2;0.756
27/05/2004;23.00.00;1.6;647;31;4.1;383;174;1753;126;1039;275;19.1;64.8;1.007
28/05/2004;00.00.00;1.8;647;210;3.5;383;116;1889;146;1257;228;14.1;60.8;1.392
28/05/2004;01.00.00;4.4;1204;251;15.4;383;209;1725;158;1216;341;5.5;49.6;1.329
28/05/2004;02.00.00;2.9;871;163;10.7;383;191;1983;144;1247;228;27.2;37.9;1.032
28/05/2004;03.00.00;1.7;647;172;6.9;383;217;1709;157;1410;228;31.0;9.2;1.283
28/05/2004;04.00.00;3.1;875;175;10.9;383;125;2020;123;843;228;10.4;34.1;1.664
28/05/2004;05.00.00;1.7;647;172;7.3;383;90;1766;78;715;228;25.0;49.6;1.245
28/05/2004;06.00.00;3.8;976;218;14.9;394;399;1840;151;1092;403;23.0;42.0;0.416
28/05/2004;07.00.00;2.7;702;230;4.8;383;247;1849;94;695;365;8.0;67.7;1.011
28/05/2004;08.00.00;2.0;647;18;1.7;383;236;1873;146;1260;400;21.0;57.1;1.195
28/05/2004;09.00.00;2.8;773;280;12.3;383;109;1803;52;551;228;40.8;37.3;1.455
28/05/2004;10.00.00;0.1;647;190;0.1;383;486;1584;95;730;544;7.4;60.4;0.81
28/05/2004;11.00.00;0.6;647;401;0.1;383;232;1793;79;817;228;28.8;23.7;1.411
28/05/2004;12.00.00;0.5;647;104;1.0;383;2;1990;131;1028;228;17.7;53.6;0.877
28/05/2004;13.00.00;2.4;680;135;4.2;383;288;1871;85;770;310;15.8;65.7;0.714
28/05/2004;14.00.00;4.6;1345;198;13.9;416;129;1952;112;873;228;28.2;58.7;0.508
28/05/2004;15.00.00;5.3;1564;257;15.0;437;385;1678;106;884;484;13.0;38.9;0.641
28/05/2004;16.00.00;3.0;951;32;9.3;407;404;1756;162;1337;380;18.7;62.6;1.062
28/05/2004;17.00.00;2.9;947;139;9.7;383;387;1784;135;1091;476;17.0;19.2;0.994
28/05/2004;18.00.00;0.1;647;274;0.1;383;175;1814;126;901;228;10.2;29.3;0.803
28/05/2004;19.00.00;1.4;647;127;3.7;383;228;1769;113;933;289;27.9;32.8;1.009
28/05/2004;20.00.00;1.0;647;348;3.9;383;284;1945;76;563;228;21.8;18.0;1.322
28/05/2004;21.00.00;1.3;647;174;6.2;383;382;1674;70;551;474;36.2;66.8;1.851
28/05/2004;22.00.00;1.9;647;132;9.3;383;87;1878;126;1057;228;19.2;74.1;0.941
28/05/2004;23.00.00;1.5;647;275;4.3;383;260;1779;45;551;334;17.1;45.3;1.678
29/05/2004;00.00.00;0.1;647;370;4.0;383;531;1660;111;829;630;15.3;69.6;1.023
29/05/2004;01.00.00;3.2;929;257;12.0;383;164;1926;118;962;228;15.7;31.7;0.733
29/05/2004;02.00.00;0.6;647;337;0.1;383;242;1796;45;551;289;30.2;41.4;1.59
29/05/2004;03.00.00;2.5;866;377;5.4;383;645;1532;110;813;830;13.5;42.5;0.735
29/05/2004;04.00.00;5.1;1388;130;15.0;383;209;1852;113;842;228;21.7;29.9;0.948
29/05/2004;05.00.00;0.9;647;307;5.7;383;10;1980;212;1639;228;15.2;57.3;0.84
29/05/2004;06.00.00;0.1;647;73;0.1;383;237;1786;113;906;250;7.6;47.4;2.168
29/05/2004;07.00.00;1.7;647;258;1.8;383;501;1610;155;1215;421;20.6;40.6;0.749
29/05/2004;08.00.00;3.7;975;211;11.4;383;407;1640;134;1092;514;5.6;50.4;0.64
29/05/2004;09.00.00;4.9;1327;336;11.7;383;96;1928;125;932;228;20.0;64.0;1.578
29/05/2004;10.00.00;0.4;647;329;0.1;383;309;1748;152;1208;333;14.4;42.2;0.837
29/05/2004;11.00.00;2.8;733;272;7.9;383;219;1708;43;551;242;14.9;87.1;0.441
29/05/2004;12.00.00;1.5;647;246;5.1;383;370;1661;108;896;533;17.0;60.8;1.394
29/05/2004;13.00.00;2.0;647;266;8.5;383;151;1857;126;1129;305;18.2;54.2;0.597
29/05/2004;14.00.00;5.9;1712;223;20.1;522;321;1891;66;620;444;16.4;50.3;0.864
29/05/2004;15.00.00;0.1;647;212;0.1;383;538;1556;110;880;564;22.2;80.8;1.297
29/05/2004;16.00.00;2.5;848;355;7.3;383;2;2020;117;812;228;18.1;54.5;1.12
29/05/2004;17.00.00;2.8;647;366;9.1;383;336;1902;104;798;453;40.4;47.0;0.701
29/05/2004;18.00.00;3.7;929;204;11.2;383;447;1515;70;636;556;9.2;33.6;0.935
29/05/2004;19.00.00;2.3;647;240;6.8;383;7;1870;76;610;228;9.0;54.5;0.656
29/05/2004;20.00.00;2.6;685;225;4.8;383;135;1829;97;680;248;14.9;58.7;1.471
29/05/2004;21.00.00;1.6;647;64;2.8;383;185;1824;131;1035;228;11.1;78.2;1.131
29/05/2004;22.00.00;2.5;671;186;7.3;383;134;1874;117;902;228;27.6;45.5;0.18
29/05/2004;23.00.00;1.7;647;369;0.1;383;122;1860;122;1081;228;32.0;53.0;0.18
30/05/2004;00.00.00;3.0;848;146;10.9;383;188;1750;101;768;259;14.8;44.1;1.232
30/05/2004;01.00.00;1.6;647;418;2.5;383;376;1776;72;614;386;22.1;59.0;1.037
30/05/2004;02.00.00;2.7;647;329;9.9;383;473;1584;98;841;815;21.3;59.8;1.337
30/05/2004;03.00.00;2.1;647;256;7.9;383;445;1738;73;551;594;14.4;40.0;0.473
30/05/2004;04.00.00;3.7;999;271;10.8;383;398;1600;2;551;384;22.9;49.9;0.978
30/05/2004;05.00.00;2.1;647;130;8.7;383;526;1735;112;864;708;24.6;50.7;1.213
30/05/2004;06.00.00;0.1;647;192;1.8;383;556;1421;100;815;635;4.7;54.5;0.524
30/05/2004;07.00.00;3.9;1057;354;11.9;383;271;1781;172;1331;333;8.6;66.7;0.598
30/05/2004;08.00.00;0.9;647;159;2.0;383;464;1548;146;1058;546;15.7;74.8;0.834
30/05/2004;09.00.00;1.2;647;318;6.1;383;310;1754;135;1006;228;15.4;24.6;1.848
30/05/2004;10.00.00;1.3;647;87;4.7;383;212;1751;65;595;228;18.6;65.0;0.806
30/05/2004;11.00.00;4.1;1072;104;15.1;383;238;1637;161;1461;228;10.6;33.0;1.272
30/05/2004;12.00.00;0.1;647;398;0.1;383;400;1616;119;982;288;9.7;58.7;1.384
30/05/2004;13.00.00;6.5;1819;216;21.1;545;470;1751;95;853;521;15.1;54.2;0.852
30/05/2004;14.00.00;3.6;946;166;8.5;383;334;1652;75;631;380;8.7;38.3;1.079
30/05/2004;15.00.00;2.5;762;347;7.8;383;185;1892;81;708;228;27.6;75.0;0.207
30/05/2004;16.00.00;2.1;647;336;8.1;383;171;1863;100;864;291;26.3;41.2;1.771
30/05/2004;17.00.00;2.5;708;305;11.6;383;2;1962;63;563;228;22.9;65.7;1.031
30/05/2004;18.00.00;2.9;742;163;7.3;383;301;1922;114;947;369;26.2;49.6;0.933
30/05/2004;19.00.00;3.1;885;190;8.7;383;290;1742;105;851;390;14.6;21.2;0.447
30/05/2004;20.00.00;2.9;875;247;9.2;383;86;1944;145;1135;228;14.5;46.9;0.742
30/05/2004;21.00.00;2.3;648;283;5.3;383;318;1752;105;888;403;21.2;60.5;1.982
30/05/2004;22.00.00;1.9;652;169;8.0;383;315;1873;25;551;502;24.2;43.9;0.925
30/05/2004;23.00.00;1.9;647;234;6.1;383;18;1864;98;712;228;20.9;33.2;0.75
31/05/2004;00.00.00;1.9;647;243;6.3;383;196;2022;58;565;278;20.3;59.3;0.78
31/05/2004;01.00.00;3.7;1057;340;13.2;383;461;1752;84;754;523;20.8;44.5;0.18
31/05/2004;02.00.00;3.0;888;289;9.4;383;149;1912;67;557;290;25.8;47.6;0.975
31/05/2004;03.00.00;0.1;647;74;0.1;383;248;1850;213;1800;327;26.7;26.7;1.151
31/05/2004;04.00.00;3.1;822;197;9.7;383;270;1765;96;831;315;16.1;73.8;0.635
31/05/2004;05.00.00;2.4;706;129;6.0;383;241;1818;147;1144;405;23.0;75.8;1.106
31/05/2004;06.00.00;2.1;647;271;7.0;383;351;1752;98;641;407;1.1;41.7;1.107
31/05/2004;07.00.00;1.6;647;305;7.1;383;389;1616;102;668;500;4.7;36.9;0.18
31/05/2004;08.00.00;3.7;1130;227;9.6;383;439;1769;90;822;477;15.2;88.7;1.092
31/05/2004;09.00.00;3.5;859;192;8.1;383;198;1859;79;634;248;12.9;53.5;1.208
31/05/2004;10.00.00;1.1;647;224;3.5;383;326;1750;80;615;556;32.0;35.2;0.617
31/05/2004;11.00.00;2.7;779;237;7.2;383;374;1631;130;995;518;15.6;53.4;1.298
31/05/2004;12.00.00;0.8;647;157;2.6;383;227;1911;110;886;307;21.0;49.5;0.532
31/05/2004;13.00.00;0.2;647;102;1.3;383;135;1887;176;1487;228;19.7;69.1;1.061
31/05/2004;14.00.00;1.3;647;23;0.1;383;267;1743;102;754;510;6.8;88.3;1.059
31/05/2004;15.00.00;3.4;933;338;12.1;398;153;1790;99;805;228;20.3;48.4;1.399
31/05/2004;16.00.00;3.5;934;265;8.8;383;138;1876;114;1132;228;18.3;61.0;1.225
31/05/2004;17.00.00;2.9;764;252;9.1;383;279;1682;142;1281;372;30.5;41.4;0.891
31/05/2004;18.00.00;3.2;888;338;8.8;383;217;1853;118;770;311;13.6;27.6;2.068
31/05/2004;19.00.00;2.9;813;98;8.1;383;272;1843;177;1275;270;23.0;50.1;1.578
31/05/2004;20.00.00;1.3;647;53;7.4;383;8;1961;236;2038;228;22.6;17.3;0.614
31/05/2004;21.00.00;2.8;749;254;9.5;383;219;1843;152;1290;228;11.2;88.7;0.893
31/05/2004;22.00.00;3.3;1023;245;12.3;383;2;2096;131;1052;228;-0.8;66.8;0.944
31/05/2004;23.00.00;3.2;1008;53;10.6;383;86;1917;16;551;228;18.3;54.4;0.4
01/06/2004;00.00.00;3.8;1088;252;13.4;383;232;1805;179;1410;237;28.0;18.8;0.631
01/06/2004;01.00.00;3.1;772;179;10.9;383;431;1655;171;1322;563;20.5;50.8;1.263
01/06/2004;02.00.00;2.6;782;141;9.0;383;328;1702;186;1551;380;25.3;24.9;1.029
01/06/2004;03.00.00;3.6;1145;186;13.9;389;259;1764;151;1202;433;12.9;62.2;0.514
01/06/2004;04.00.00;2.1;701;7;7.1;383;188;1787;67;608;326;24.2;69.6;0.928
01/06/2004;05.00.00;0.9;647;161;7.5;383;207;1868;66;551;288;3.6;49.8;0.581
01/06/2004;06.00.00;1.9;651;151;8.1;383;445;1637;60;551;477;22.6;21.2;0.78
01/06/2004;07.00.00;1.1;647;270;1.3;383;76;1986;116;959;228;4.7;22.9;2.143
01/06/2004;08.00.00;1.2;647;202;3.5;383;134;1973;79;551;228;22.8;21.1;1.098
01/06/2004;09.00.00;1.9;647;278;7.0;383;409;1588;154;1351;423;13.5;35.4;1.315
01/06/2004;10.00.00;1.0;647;7;3.4;383;193;1778;85;571;228;24.8;28.7;1.398
01/06/2004;11.00.00;1.7;647;138;6.9;383;542;1621;97;885;721;17.7;38.6;1.084
01/06/2004;12.00.00;0.1;647;270;1.9;383;351;1698;125;1041;455;26.8;74.0;1.071
01/06/2004;13.00.00;2.4;647;188;5.1;383;422;1668;90;771;485;21.5;38.4;1.258
01/06/2004;14.00.00;2.2;647;298;9.4;383;2;2005;69;551;228;18.7;37.6;1.034
01/06/2004;15.00.00;1.0;647;46;2.2;383;408;1597;25;551;550;27.5;51.0;1.099
01/06/2004;16.00.00;3.1;912;287;8.6;383;116;1947;157;1261;228;21.6;60.0;0.96
01/06/2004;17.00.00;3.5;933;157;9.9;383;355;1735;68;551;481;31.9;67.8;0.806
01/06/2004;18.00.00;0.1;647;148;1.9;383;190;1767;94;802;269;17.7;80.7;0.331
01/06/2004;19.00.00;1.1;647;312;2.9;383;280;1762;95;732;421;16.3;37.1;0.627
01/06/2004;20.00.00;1.1;647;328;2.1;383;76;1929;14;551;228;10.8;45.8;0.866
01/06/2004;21.00.00;0.8;647;316;1.8;383;2;2058;126;1165;228;13.5;14.9;0.914
01/06/2004;22.00.00;3.3;783;411;7.0;383;269;1878;180;1464;322;16.1;28.7;1.481
01/06/2004;23.00.00;1.9;647;338;4.3;383;201;1838;159;1298;228;12.5;44.3;1.104
02/06/2004;00.00.00;1.8;647;142;3.2;383;109;1778;94;704;228;23.1;36.3;1.136
02/06/2004;01.00.00;0.1;647;231;0.1;383;2;2056;163;1335;228;8.0;34.7;0.413
02/06/2004;02.00.00;3.0;716;183;11.1;383;2;2174;29;551;228;11.1;32.4;0.918
02/06/2004;03.00.00;0.4;647;410;2.4;383;326;1796;152;1107;329;0.9;63.4;0.604
02/06/2004;04.00.00;2.2;703;322;9.7;383;206;1812;77;671;304;12.5;24.5;1.703
02/06/2004;05.00.00;2.5;757;200;10.2;383;153;1909;159;1191;255;27.7;74.4;0.624
02/06/2004;06.00.00;4.1;1139;301;11.9;383;278;1841;114;814;357;13.9;30.2;1.174
02/06/2004;07.00.00;0.3;647;100;1.1;383;401;1688;55;551;461;11.3;75.1;2.089
02/06/2004;08.00.00;0.1;647;241;0.3;383;287;1875;124;1166;336;12.0;25.4;1.181
02/06/2004;09.00.00;2.4;647;128;3.4;383;178;1766;113;967;326;20.8;27.1;0.18
02/06/2004;10.00.00;4.7;1194;57;12.5;383;572;1509;124;994;755;28.2;52.4;1.421
02/06/2004;11.00.00;3.9;1071;292;12.1;383;148;1917;74;732;228;25.0;48.4;0.963
02/06/2004;12.00.00;2.4;671;304;7.5;383;30;2031;56;551;228;7.4;62.5;0.389
02/06/2004;13.00.00;1.5;647;261;5.7;383;261;1747;142;1057;271;29.2;32.7;1.049
02/06/2004;14.00.00;3.3;978;200;11.4;383;206;1798;109;804;370;26.1;42.6;1.266
02/06/2004;15.00.00;0.8;647;97;0.1;383;390;1633;140;1274;519;21.8;48.3;0.489
02/06/2004;16.00.00;2.8;766;107;10.1;383;165;1808;139;1186;228;8.9;58.1;1.182
02/06/2004;17.00.00;2.9;689;125;9.5;383;220;1864;146;1110;320;10.8;56.7;1.15
02/06/2004;18.00.00;3.6;1050;195;12.9;383;113;1906;190;1470;366;11.9;62.4;1.529
02/06/2004;19.00.00;6.0;1725;320;21.4;635;369;1808;122;1003;509;13.7;70.7;1.013
02/06/2004;20.00.00;2.7;647;318;8.4;383;267;1698;65;551;252;19.5;46.9;1.182
02/06/2004;21.00.00;1.4;647;61;7.1;383;203;1824;75;592;364;-1.9;74.1;0.372
02/06/2004;22.00.00;2.1;647;152;5.0;383;223;1880;99;713;294;7.7;46.4;1.169
02/06/2004;23.00.00;0.1;647;149;0.1;383;242;1833;123;979;237;16.2;51.2;1.131
03/06/2004;00.00.00;1.2;647;7;4.6;383;26;1891;179;1498;228;25.9;55.1;0.868
03/06/2004;01.00.00;1.6;647;271;4.3;383;423;1753;106;989;489;15.5;50.0;1.222
03/06/2004;02.00.00;1.4;647;194;5.1;383;414;1675;193;1423;441;19.5;61.5;1.413
03/06/2004;03.00.00;2.4;648;207;11.5;383;252;1951;197;1630;228;26.8;55.0;0.758
03/06/2004;04.00.00;1.0;647;345;4.0;383;235;1800;133;1123;234;11.6;23.8;0.856
03/06/2004;05.00.00;3.7;990;226;12.3;388;93;2017;143;1127;228;9.9;20.6;1.9
03/06/2004;06.00.00;2.2;647;177;5.1;383;510;1563;90;680;675;9.2;54.6;0.297
03/06/2004;07.00.00;2.1;647;272;3.4;383;473;1602;193;1501;465;15.8;34.2;1.47
03/06/2004;08.00.00;1.7;647;318;5.3;383;306;1794;82;551;257;12.8;57.0;1.991
03/06/2004;09.00.00;2.4;647;246;9.7;383;371;1566;170;1427;454;31.3;21.0;0.383
03/06/2004;10.00.00;3.3;1047;283;9.9;383;434;1491;63;551;494;19.9;47.5;1.626
03/06/2004;11.00.00;0.9;647;204;3.8;383;403;1623;143;1016;452;23.4;36.6;1.326
03/06/2004;12.00.00;1.2;647;210;6.8;383;115;1804;166;1357;228;11.2;57.3;1.401
03/06/2004;13.00.00;1.7;647;228;8.3;383;198;1660;156;1277;228;17.6;29.2;1.1
03/06/2004;14.00.00;0.3;647;146;1.7;383;317;1805;90;792;291;15.5;58.1;0.753
03/06/2004;15.00.00;1.0;647;164;3.5;383;277;1715;100;945;228;19.5;67.1;0.654
03/06/2004;16.00.00;1.5;647;348;1.7;383;361;1683;186;1497;460;21.1;56.7;0.883
03/06/2004;17.00.00;3.4;947;408;9.5;383;344;1735;88;685;452;15.2;54.2;1.46
03/06/2004;18.00.00;2.5;653;369;7.5;383;283;1813;90;691;473;16.3;65.3;1.63
03/06/2004;19.00.00;2.4;675;92;6.0;383;2;2021;185;1458;228;27.0;63.1;1.673
03/06/2004;20.00.00;3.3;894;83;11.2;383;425;1675;109;820;507;10.7;17.4;0.892
03/06/2004;21.00.00;2.0;647;104;10.1;383;374;1738;110;848;487;23.8;67.3;0.597
03/06/2004;22.00.00;2.7;822;230;11.7;383;562;1509;201;1552;645;20.3;75.1;0.988
03/06/2004;23.00.00;2.0;647;7;6.9;383;172;1804;82;573;228;24.0;58.9;1.757
04/06/2004;00.00.00;2.5;754;162;9.6;383;2;1813;77;762;228;15.5;25.6;0.993
04/06/2004;01.00.00;1.3;647;351;2.8;383;218;1876;121;1083;287;26.3;28.0;0.815
04/06/2004;02.00.00;0.1;647;311;3.2;383;315;1692;114;767;276;12.9;11.0;1.635
04/06/2004;03.00.00;2.0;647;169;3.2;383;178;2015;75;630;228;22.0;66.8;0.484
04/06/2004;04.00.00;4.1;1130;176;15.1;467;455;1694;151;1208;480;22.0;71.1;0.779
04/06/2004;05.00.00;3.4;699;271;12.0;383;144;1960;113;921;247;19.3;56.6;0.529
04/06/2004;06.00.00;3.5;933;306;9.7;383;230;1872;116;812;242;26.2;62.4;1.58
04/06/2004;07.00.00;3.9;1080;167;12.0;383;208;1875;112;754;386;26.8;43.7;1.216
04/06/2004;08.00.00;2.3;681;195;5.0;383;670;1501;62;551;898;23.5;58.0;1.395
04/06/2004;09.00.00;2.4;657;164;5.6;383;107;1959;73;560;228;32.2;48.4;0.607
04/06/2004;10.00.00;1.3;647;91;0.9;383;335;1745;37;551;349;14.8;53.5;1.533
04/06/2004;11.00.00;1.7;647;197;7.0;383;62;1900;167;1324;228;15.9;52.9;0.18
04/06/2004;12.00.00;3.0;838;189;12.0;383;298;1666;113;952;362;20.3;60.5;0.487
04/06/2004;13.00.00;3.8;939;98;7.9;383;99;1953;160;1356;228;16.6;33.5;1.065
04/06/2004;14.00.00;2.0;647;279;9.9;383;414;1771;91;652;501;15.1;28.1;1.363
04/06/2004;15.00.00;1.5;647;263;4.8;383;384;1682;168;1273;451;6.3;73.4;0.728
04/06/2004;16.00.00;2.2;704;284;7.5;383;287;1782;35;551;425;24.2;67.2;0.211
04/06/2004;17.00.00;3.0;867;145;6.6;383;33;1868;159;1375;228;17.1;59.9;0.641
04/06/2004;18.00.00;0.1;647;29;3.1;383;237;1773;109;856;322;17.5;50.2;0.551
04/06/2004;19.00.00;0.1;647;262;0.7;383;199;1742;46;551;276;9.9;31.9;2.118
04/06/2004;20.00.00;1.4;647;154;6.7;383;373;1608;2;551;547;14.9;56.8;1.276
04/06/2004;21.00.00;0.4;647;133;3.9;383;107;1921;137;921;228;19.9;33.5;0.592
04/06/2004;22.00.00;1.4;647;98;7.3;383;422;1657;160;1469;519;8.4;66.6;0.369
04/06/2004;23.00.00;1.9;647;191;4.9;383;394;1747;115;949;502;16.7;27.6;0.672
05/06/2004;00.00.00;1.5;647;367;4.4;383;35;2032;141;1054;228;14.5;49.0;1.065
05/06/2004;01.00.00;4.2;1140;169;12.2;383;212;1760;134;904;242;17.2;60.0;0.807
05/06/2004;02.00.00;2.6;796;114;10.1;383;238;1654;115;1040;228;16.6;56.1;1.862
05/06/2004;03.00.00;2.6;796;279;8.9;383;399;1604;159;1196;534;7.2;65.3;0.702
05/06/2004;04.00.00;3.0;712;234;11.8;383;140;1830;42;551;294;24.8;33.1;1.248
05/06/2004;05.00.00;0.6;647;16;4.0;383;277;1821;117;884;228;-1.7;59.2;0.718
05/06/2004;06.00.00;3.6;940;280;8.1;383;414;1717;145;1177;576;19.7;43.6;1.334
05/06/2004;07.00.00;2.0;647;420;9.2;383;284;1768;91;783;337;26.3;51.5;0.824
05/06/2004;08.00.00;3.1;782;7;11.8;383;2;2057;125;978;228;17.3;17.3;1.417
05/06/2004;09.00.00;0.6;647;100;1.3;383;170;2068;56;551;228;7.0;66.9;1.172
05/06/2004;10.00.00;0.1;647;7;1.0;383;384;1683;116;1116;538;24.3;32.0;1.725
05/06/2004;11.00.00;3.3;1075;210;10.3;383;365;1689;78;587;429;5.1;54.4;1.085
05/06/2004;12.00.00;2.7;815;312;9.8;383;2;1931;88;706;228;15.3;71.9;1.225
05/06/2004;13.00.00;0.9;647;228;2.1;383;276;1804;140;1003;409;27.1;86.6;0.493
05/06/2004;14.00.00;0.9;647;350;3.9;383;390;1778;28;551;665;17.1;62.1;0.396
05/06/2004;15.00.00;3.7;1090;296;12.1;383;328;1697;60;572;351;18.2;58.5;1.275
05/06/2004;16.00.00;0.5;647;379;0.7;383;345;1691;147;1113;424;27.9;63.7;0.948
05/06/2004;17.00.00;4.4;1199;328;14.6;383;561;1509;105;696;615;5.8;40.7;1.307
05/06/2004;18.00.00;0.9;647;179;8.3;383;239;1716;77;591;268;18.4;49.1;0.798
05/06/2004;19.00.00;3.0;1115;224;8.4;383;292;1776;134;1228;310;18.0;63.7;1.101
05/06/2004;20.00.00;1.7;647;135;4.9;383;102;1931;59;551;228;11.8;45.4;0.697
05/06/2004;21.00.00;3.0;812;196;8.2;383;148;1877;58;669;228;13.0;17.0;1.188
05/06/2004;22.00.00;1.4;647;223;3.3;383;195;1990;103;779;250;26.0;70.1;0.628
05/06/2004;23.00.00;1.9;647;209;7.8;383;376;1731;106;704;379;3.1;61.1;1.047
06/06/2004;00.00.00;2.2;647;345;8.5;383;131;1805;77;577;228;16.5;29.4;0.767
06/06/2004;01.00.00;0.7;647;186;2.4;383;434;1702;100;653;591;12.4;29.2;1.51
06/06/2004;02.00.00;3.2;882;129;12.3;383;78;1909;176;1358;228;19.5;54.5;0.715
06/06/2004;03.00.00;1.4;647;135;6.2;383;343;1698;111;920;592;13.8;88.7;0.766
06/06/2004;04.00.00;1.8;647;280;5.5;383;330;1721;57;551;389;19.4;50.0;0.888
06/06/2004;05.00.00;0.8;647;84;0.1;383;285;1748;114;1001;345;17.5;39.3;1.367
06/06/2004;06.00.00;0.1;647;198;2.0;383;396;1704;11;551;457;18.3;18.3;0.984
06/06/2004;07.00.00;1.9;647;344;6.4;383;132;2063;190;1403;228;17.1;55.1;0.931
06/06/2004;08.00.00;5.5;1556;245;17.7;459;174;1830;56;551;228;18.8;60.5;0.86
06/06/2004;09.00.00;3.2;807;210;9.5;383;98;1928;122;971;229;19.7;43.1;1.094
06/06/2004;10.00.00;2.1;647;214;8.3;383;247;1820;120;964;403;18.5;46.2;0.76
06/06/2004;11.00.00;1.8;647;120;6.4;383;227;1776;75;551;228;16.5;43.9;0.681
06/06/2004;12.00.00;2.2;647;136;6.5;383;377;1666;175;1424;492;26.1;32.0;0.923
06/06/2004;13.00.00;2.9;786;199;6.9;383;305;1835;211;1805;472;10.6;32.6;0.766
06/06/2004;14.00.00;0.5;647;243;3.7;383;351;1677;77;551;315;35.3;9.2;0.81
06/06/2004;15.00.00;3.7;991;308;13.1;383;215;1756;147;1024;258;11.0;30.7;0.18
06/06/2004;16.00.00;3.2;880;226;10.6;383;308;1896;65;551;327;14.1;55.7;1.525
06/06/2004;17.00.00;3.2;692;346;4.8;383;523;1484;176;1409;641;3.4;33.0;1.007
06/06/2004;18.00.00;2.8;685;370;8.8;383;40;2038;173;1261;228;15.6;56.1;0.995
06/06/2004;19.00.00;2.2;647;293;6.5;383;2;1982;161;1317;228;25.0;19.8;0.674
06/06/2004;20.00.00;3.1;962;334;8.7;383;343;1628;33;551;459;10.3;55.3;0.816
06/06/2004;21.00.00;3.0;768;123;11.0;383;116;1876;86;725;228;28.9;38.6;0.547
06/06/2004;22.00.00;1.7;647;108;6.7;383;34;1954;87;908;228;16.6;37.8;0.648
06/06/2004;23.00.00;1.3;647;267;5.2;383;327;1607;84;551;390;6.7;71.2;0.901
07/06/2004;00.00.00;2.3;745;90;9.4;383;92;1960;176;1277;283;11.3;9.2;1.051
07/06/2004;01.00.00;4.3;1310;190;11.8;383;481;1640;26;551;625;21.8;58.4;1.196
07/06/2004;02.00.00;0.4;647;291;0.4;383;269;1756;131;1096;297;13.7;62.4;1.319
07/06/2004;03.00.00;0.1;647;352;0.5;383;215;1865;148;1281;408;30.9;43.6;1.479
07/06/2004;04.00.00;2.4;647;193;6.4;383;120;1920;79;551;228;12.4;24.9;1.254
07/06/2004;05.00.00;2.2;647;156;8.6;383;278;1880;137;989;356;17.1;50.2;0.97
07/06/2004;06.00.00;2.4;647;248;6.6;383;2;1911;134;1151;228;12.9;41.1;1.173
07/06/2004;07.00.00;2.5;741;116;10.6;383;2;1974;99;786;228;25.3;66.6;0.936
07/06/2004;08.00.00;1.8;647;201;4.0;383;8;2073;165;1426;228;6.0;63.8;0.621
07/06/2004;09.00.00;4.2;1233;217;17.8;383;419;1707;86;662;489;1.5;49.0;1.821
07/06/2004;10.00.00;0.1;647;215;4.4;383;104;1732;165;1305;228;13.7;30.8;1.377
07/06/2004;11.00.00;1.0;647;226;3.0;383;26;1845;119;1137;228;16.3;46.9;1.201
07/06/2004;12.00.00;2.0;647;138;8.7;383;232;1814;98;701;287;4.4;51.5;1.074
07/06/2004;13.00.00;0.1;647;148;0.1;383;586;1662;102;877;586;21.4;46.7;1.272
07/06/2004;14.00.00;1.9;647;147;8.1;383;413;1635;46;551;553;23.7;44.9;1.121
07/06/2004;15.00.00;4.5;1348;64;14.0;383;123;1953;95;695;305;15.2;38.7;1.048
07/06/2004;16.00.00;2.2;695;250;4.4;383;120;1909;59;551;228;12.5;27.5;1.424
07/06/2004;17.00.00;2.5;773;302;0.8;383;124;1946;125;892;228;29.7;45.0;1.016
07/06/2004;18.00.00;0.4;647;293;0.7;383;106;2000;156;1319;228;9.1;51.3;1.498
07/06/2004;19.00.00;1.3;647;193;4.7;383;329;1812;134;1061;444;22.2;50.3;1.058
07/06/2004;20.00.00;1.6;647;140;7.9;383;194;1917;78;552;228;14.2;48.2;0.417
07/06/2004;21.00.00;1.7;647;288;5.5;383;75;1890;100;793;228;19.5;16.6;1.192
07/06/2004;22.00.00;3.9;1227;278;14.6;383;41;1954;126;963;228;24.3;35.5;0.763
07/06/2004;23.00.00;2.9;795;238;8.5;383;598;1563;128;973;696;20.6;69.3;0.601
08/06/2004;00.00.00;0.6;647;383;1.2;383;359;1751;191;1493;529;3.5;60.9;0.742
08/06/2004;01.00.00;2.5;766;215;10.1;383;115;1955;142;1031;228;25.3;46.3;0.387
08/06/2004;02.00.00;2.8;774;193;4.2;383;431;1513;120;819;491;2.7;50.2;1.309
08/06/2004;03.00.00;3.7;1154;180;12.0;383;69;2040;118;773;228;23.3;30.0;1.168
08/06/2004;04.00.00;4.4;988;69;13.2;383;225;1683;96;810;325;21.6;30.8;1.095
08/06/2004;05.00.00;0.7;647;280;5.1;383;208;1773;113;938;334;15.7;37.2;0.524
08/06/2004;06.00.00;1.0;647;207;2.2;383;273;1796;147;1115;271;21.7;43.6;1.202
08/06/2004;07.00.00;0.4;647;266;2.3;383;101;1916;79;622;228;9.1;39.8;1.814
08/06/2004;08.00.00;1.8;647;392;7.7;383;265;1900;132;1172;246;7.3;51.3;1.075
08/06/2004;09.00.00;2.8;808;180;6.0;383;2;1904;107;812;228;22.4;49.9;0.768
08/06/2004;10.00.00;3.5;1020;7;11.0;383;188;1820;195;1542;228;15.3;52.6;0.547
08/06/2004;11.00.00;2.0;647;263;5.7;383;450;1482;127;1172;537;29.9;16.2;0.7
08/06/2004;12.00.00;1.7;647;233;7.3;383;402;1688;128;1060;610;15.1;88.7;1.7
08/06/2004;13.00.00;2.4;647;148;8.9;383;139;1871;71;647;268;9.8;53.9;0.818
08/06/2004;14.00.00;1.0;647;255;2.7;383;12;1890;183;1523;228;39.1;42.9;0.35
08/06/2004;15.00.00;5.1;1370;292;14.1;383;2;2103;137;1139;228;6.6;42.1;1.127
08/06/2004;16.00.00;0.1;647;128;2.4;383;340;1814;178;1369;326;19.2;48.9;0.818
08/06/2004;17.00.00;2.4;752;189;7.6;383;288;1774;104;755;323;18.9;41.0;0.597
08/06/2004;18.00.00;5.0;1506;358;12.7;383;305;1847;112;957;398;23.7;35.9;1.254
08/06/2004;19.00.00;2.2;729;149;3.8;383;504;1588;47;551;650;15.3;47.6;0.863
08/06/2004;20.00.00;1.9;647;224;6.9;383;269;1841;201;1630;342;15.8;63.5;1.075
08/06/2004;21.00.00;1.6;647;7;2.7;383;280;1844;130;1069;329;16.8;47.4;1.037
08/06/2004;22.00.00;1.9;647;77;9.8;383;32;1888;202;1554;228;32.4;52.1;1.592
08/06/2004;23.00.00;4.1;1088;232;11.2;383;494;1639;96;675;549;24.9;65.7;1.175
09/06/2004;00.00.00;0.1;647;334;0.3;383;220;1836;135;1026;228;11.2;62.8;1.203
09/06/2004;01.00.00;4.3;1225;88;14.1;429;121;1821;160;1265;228;13.8;77.8;0.607
09/06/2004;02.00.00;0.2;647;225;0.1;383;277;1675;128;983;348;17.0;23.1;0.349
09/06/2004;03.00.00;1.8;647;182;1.2;383;552;1598;97;901;652;10.8;33.4;2.036
09/06/2004;04.00.00;1.5;647;308;5.3;383;572;1519;90;839;565;5.1;34.4;1.293
09/06/2004;05.00.00;3.0;850;102;8.0;383;97;1804;96;838;228;12.6;19.2;0.577
09/06/2004;06.00.00;0.1;647;258;0.6;383;425;1705;241;2027;461;10.7;35.8;1.452
09/06/2004;07.00.00;2.8;899;155;8.7;383;297;1836;83;561;463;30.6;60.3;1.022
09/06/2004;08.00.00;5.0;1319;239;16.5;524;397;1588;17;551;521;18.7;72.3;0.879
09/06/2004;09.00.00;0.2;647;224;3.9;383;288;1769;114;915;228;6.0;55.6;0.735
09/06/2004;10.00.00;2.4;669;194;6.6;383;340;1849;114;876;412;15.5;81.1;1.106
09/06/2004;11.00.00;1.2;647;263;3.0;383;448;1568;97;760;446;21.5;35.0;1.534
09/06/2004;12.00.00;2.7;859;222;5.5;383;2;2134;83;644;228;23.9;62.5;1.417
09/06/2004;13.00.00;2.2;647;205;6.6;383;301;1733;99;768;228;19.6;60.3;1.861
09/06/2004;14.00.00;1.3;647;184;4.8;383;67;1940;49;551;228;22.2;52.3;0.916
09/06/2004;15.00.00;2.8;827;225;8.1;383;175;1748;198;1479;291;16.9;47.3;1.016
09/06/2004;16.00.00;4.7;1148;239;15.8;383;246;1694;124;872;228;16.9;44.4;1.382
09/06/2004;17.00.00;1.9;647;124;5.7;383;91;1874;118;981;228;44.3;63.1;1.27
09/06/2004;18.00.00;3.2;794;184;7.5;383;157;1945;163;1082;356;13.2;57.1;1.896
09/06/2004;19.00.00;0.3;647;117;1.7;383;31;2161;243;2100;228;7.9;54.7;1.909
09/06/2004;20.00.00;0.8;647;214;2.2;383;155;2084;93;699;228;14.5;58.2;0.874
09/06/2004;21.00.00;2.8;692;161;9.2;383;324;1730;127;877;383;17.1;47.9;0.191
09/06/2004;22.00.00;4.2;1312;291;12.4;383;378;1668;151;1253;547;5.5;62.4;0.18
09/06/2004;23.00.00;2.6;826;281;7.2;383;128;1818;146;1158;259;22.0;37.3;1.177
10/06/2004;00.00.00;1.7;647;130;5.8;383;449;1729;156;1175;536;13.1;50.9;0.846
10/06/2004;01.00.00;2.1;647;217;6.4;383;334;1674;157;1210;327;-0.5;48.4;1.295
10/06/2004;02.00.00;0.4;647;278;4.7;383;465;1608;93;738;577;17.8;45.5;0.769
10/06/2004;03.00.00;3.0;884;201;11.2;383;2;2038;170;1449;228;11.5;50.4;1.661
10/06/2004;04.00.00;3.4;893;148;11.9;383;293;1801;107;649;361;26.1;39.1;0.493
10/06/2004;05.00.00;1.5;647;114;4.5;383;339;1679;126;1037;376;9.9;88.7;0.793
10/06/2004;06.00.00;1.5;647;299;0.7;383;2;1990;142;1271;228;13.7;69.1;0.794
10/06/2004;07.00.00;2.5;672;303;6.5;383;615;1460;78;565;589;20.8;68.9;1.213
10/06/2004;08.00.00;1.5;647;198;3.6;383;148;1814;133;1130;228;15.0;59.7;0.806
10/06/2004;09.00.00;2.1;647;290;6.0;383;329;1654;142;1195;485;10.4;65.3;0.84
10/06/2004;10.00.00;5.1;1451;7;16.2;383;387;1572;22;551;450;10.4;65.1;1.486
10/06/2004;11.00.00;1.8;647;344;7.1;383;261;1819;180;1461;323;27.6;44.5;1.438
10/06/2004;12.00.00;1.6;647;203;5.8;383;458;1614;73;645;421;13.7;44.3;1.14
10/06/2004;13.00.00;1.2;647;231;6.3;383;551;1468;126;1094;703;8.4;35.7;0.575
10/06/2004;14.00.00;3.2;836;187;9.6;383;76;1840;186;1540;228;16.0;61.1;1.165
10/06/2004;15.00.00;1.9;647;350;6.6;383;263;1689;144;1083;447;16.8;20.2;1.331
10/06/2004;16.00.00;1.2;647;117;4.7;383;386;1642;162;1245;273;22.6;55.7;0.951
10/06/2004;17.00.00;4.0;1085;358;13.3;407;2;2088;166;1351;228;7.7;43.4;0.689
10/06/2004;18.00.00;4.1;1195;255;15.8;465;408;1618;89;784;351;31.6;21.2;0.792
10/06/2004;19.00.00;1.3;647;277;5.8;383;507;1638;63;551;639;13.7;53.7;1.108
10/06/2004;20.00.00;0.1;647;186;0.1;383;442;1770;132;980;486;31.8;44.4;1.548
10/06/2004;21.00.00;3.6;948;93;11.2;383;313;1763;147;1158;415;19.6;55.9;0.639
10/06/2004;22.00.00;1.2;647;306;3.8;383;481;1553;165;1216;612;22.5;40.2;1.17
10/06/2004;23.00.00;3.3;887;247;14.7;441;300;1752;150;1250;367;24.6;24.4;1.417
11/06/2004;00.00.00;0.1;647;347;0.1;383;44;1961;89;873;228;14.7;46.4;1.181
11/06/2004;01.00.00;3.4;997;199;8.9;383;166;2005;155;1283;228;7.1;34.2;1.397
11/06/2004;02.00.00;0.5;647;178;2.3;383;206;1695;12;551;323;23.7;17.3;0.784
11/06/2004;03.00.00;3.2;1075;349;11.1;383;236;1900;174;1400;304;35.4;63.4;0.925
11/06/2004;04.00.00;2.2;711;399;6.8;383;231;1675;70;561;341;18.1;38.7;0.45
11/06/2004;05.00.00;0.8;647;218;2.2;383;194;1909;69;551;228;18.5;46.6;0.738
11/06/2004;06.00.00;1.6;647;146;7.0;383;279;1743;232;1695;340;20.7;11.5;0.671
11/06/2004;07.00.00;3.1;740;295;8.2;383;476;1765;115;964;532;6.3;41.8;0.605
11/06/2004;08.00.00;2.3;845;193;6.7;383;278;1830;100;881;396;27.4;60.9;1.256
11/06/2004;09.00.00;3.0;783;274;8.5;383;342;1772;57;551;453;8.1;14.3;0.335
11/06/2004;10.00.00;4.9;1367;193;17.9;391;2;1923;134;1002;228;30.0;46.6;0.488
11/06/2004;11.00.00;0.1;647;366;0.9;383;265;1932;151;1183;330;20.1;36.9;1.317
11/06/2004;12.00.00;4.4;1274;151;12.0;383;412;1895;96;908;483;28.2;61.5;0.9
11/06/2004;13.00.00;2.3;647;263;5.4;383;436;1811;9;551;555;3.7;40.9;0.568
11/06/2004;14.00.00;0.9;647;171;6.6;383;421;1582;191;1467;533;25.0;56.9;1.192
11/06/2004;15.00.00;0.3;647;191;3.1;383;292;1750;99;761;356;19.5;59.6;0.907
11/06/2004;16.00.00;1.9;647;178;7.7;383;309;1657;98;830;264;16.0;43.3;1.103
11/06/2004;17.00.00;3.4;898;288;11.0;383;143;1836;111;728;290;27.2;57.3;1.08
11/06/2004;18.00.00;2.0;647;305;9.3;383;375;1722;74;576;534;24.2;44.7;0.901
11/06/2004;19.00.00;4.3;1091;270;11.4;383;143;1943;174;1365;228;19.4;54.8;0.665
11/06/2004;20.00.00;0.1;647;207;1.9;383;350;1762;147;1174;461;0.7;32.9;0.88
11/06/2004;21.00.00;2.1;650;231;5.9;383;252;1660;136;1035;350;15.4;33.0;1.128
11/06/2004;22.00.00;0.4;647;303;0.8;383;248;1798;223;1685;242;25.3;29.2;1.167
11/06/2004;23.00.00;2.7;782;306;10.0;383;399;1722;79;710;578;13.0;53.5;1.125
12/06/2004;00.00.00;3.4;876;7;10.6;383;331;1810;174;1247;235;20.4;69.5;0.866
12/06/2004;01.00.00;1.6;647;192;4.1;383;289;1802;6;551;228;23.2;65.3;1.136
12/06/2004;02.00.00;0.1;647;196;0.1;383;169;1903;143;1179;228;28.1;44.9;0.413
12/06/2004;03.00.00;2.4;652;281;3.8;383;491;1588;221;1825;616;19.8;46.2;1.161
12/06/2004;04.00.00;2.8;845;211;10.4;383;296;1784;62;551;366;10.6;62.9;1.323
12/06/2004;05.00.00;2.7;777;286;6.7;383;360;1918;191;1629;438;27.9;71.4;0.18
12/06/2004;06.00.00;3.9;1159;115;16.1;457;258;1889;46;551;304;16.1;12.3;1.42
12/06/2004;07.00.00;0.7;647;242;1.5;383;139;1917;212;1806;228;22.1;40.4;1.625
12/06/2004;08.00.00;3.1;974;303;12.5;383;300;1818;90;794;258;12.9;51.6;1.189
12/06/2004;09.00.00;3.8;1056;77;8.6;383;154;1882;77;709;228;7.6;48.3;0.18
12/06/2004;10.00.00;0.1;647;456;1.8;383;312;1755;87;641;272;8.0;47.8;1.045
12/06/2004;11.00.00;2.6;901;331;10.3;383;2;2074;114;885;228;29.4;81.4;0.683
12/06/2004;12.00.00;1.4;647;218;7.2;383;184;1804;105;846;228;17.7;34.8;1.021
12/06/2004;13.00.00;2.0;647;139;3.5;383;243;1794;110;884;228;23.8;38.5;1.154
12/06/2004;14.00.00;2.6;688;201;7.0;383;99;1810;128;1071;228;34.5;32.7;1.268
12/06/2004;15.00.00;1.5;647;225;5.9;383;301;1820;124;936;446;25.5;22.1;1.091
12/06/2004;16.00.00;1.2;647;259;4.1;383;181;1940;113;905;252;33.2;37.7;0.897
12/06/2004;17.00.00;2.2;734;360;7.6;383;245;1852;91;784;228;9.6;32.8;1.572
12/06/2004;18.00.00;0.6;647;172;1.3;383;161;1851;133;915;228;18.0;44.0;0.659
12/06/2004;19.00.00;0.6;647;271;5.1;383;394;1680;131;1132;625;10.9;63.8;0.489
12/06/2004;20.00.00;3.1;897;95;15.1;383;329;1748;128;1193;355;9.5;37.4;0.892
12/06/2004;21.00.00;0.5;647;178;1.9;383;291;1854;112;830;262;13.1;63.2;0.859
12/06/2004;22.00.00;3.1;877;253;10.8;383;255;1878;79;756;283;12.0;64.8;0.666
12/06/2004;23.00.00;2.8;779;283;9.1;383;633;1378;116;950;714;13.3;47.3;1.218
13/06/2004;00.00.00;0.1;647;146;2.9;383;221;1752;99;726;228;18.7;57.4;0.793
13/06/2004;01.00.00;1.2;647;176;5.5;383;139;1923;13;551;228;20.6;63.2;1.28
13/06/2004;02.00.00;3.8;1118;356;10.1;383;66;1839;160;1442;228;25.8;42.9;0.343
13/06/2004;03.00.00;0.8;647;328;1.3;383;384;1765;125;971;355;22.5;45.4;0.697
13/06/2004;04.00.00;1.5;647;237;2.8;383;495;1581;112;810;625;33.6;55.2;1.407
13/06/2004;05.00.00;2.8;903;7;14.3;383;116;1963;138;926;228;34.9;56.8;0.774
13/06/2004;06.00.00;3.2;671;456;11.7;383;202;1840;76;602;278;14.1;48.0;0.697
13/06/2004;07.00.00;1.8;647;216;4.6;383;191;1839;178;1439;311;20.0;61.8;1.595
13/06/2004;08.00.00;1.3;647;188;2.9;383;227;1731;170;1512;315;18.2;45.9;1.558
13/06/2004;09.00.00;4.1;1251;168;14.9;383;2;1954;57;606;228;9.9;58.3;0.542
13/06/2004;10.00.00;4.6;1278;253;16.5;436;369;1695;82;608;586;25.3;55.5;0.908
13/06/2004;11.00.00;3.5;1002;254;12.9;399;428;1645;145;1227;555;24.6;38.3;1.039
13/06/2004;12.00.00;2.3;714;308;6.4;383;2;2056;124;906;228;23.6;72.3;1.161
13/06/2004;13.00.00;1.0;647;130;3.9;383;514;1536;112;903;469;25.5;64.9;0.443
13/06/2004;14.00.00;1.0;647;188;3.4;383;493;1602;134;1062;783;13.0;31.2;0.484
13/06/2004;15.00.00;2.9;828;410;7.3;383;2;2118;23;551;228;28.5;60.4;1.148
13/06/2004;16.00.00;2.7;900;239;6.9;383;2;2064;68;551;228;28.1;43.6;1.379
13/06/2004;17.00.00;4.1;981;201;14.0;383;225;1827;84;740;228;0.8;62.1;0.838
13/06/2004;18.00.00;3.1;801;128;10.2;383;447;1525;149;1284;596;14.5;67.5;0.801
13/06/2004;19.00.00;0.1;647;266;1.4;383;290;1657;9;551;444;22.0;58.3;1.055
13/06/2004;20.00.00;3.6;1101;315;13.2;383;249;1851;121;966;228;40.9;69.1;1.054
13/06/2004;21.00.00;0.8;647;301;5.4;383;333;1792;94;612;446;20.1;58.7;1.082
13/06/2004;22.00.00;1.6;647;193;3.6;383;122;1746;144;1175;228;20.7;41.9;1.946
13/06/2004;23.00.00;2.5;647;252;9.3;383;441;1702;151;1193;575;16.0;13.2;0.641
14/06/2004;00.00.00;4.9;1337;376;17.3;510;230;1770;194;1548;228;17.4;29.3;0.648
14/06/2004;01.00.00;6.5;1944;319;20.2;571;2;1965;56;551;228;30.3;38.8;0.829
14/06/2004;02.00.00;3.0;789;143;9.8;383;124;1971;73;551;228;18.9;57.3;1.025
14/06/2004;03.00.00;1.9;647;7;5.5;383;302;1816;115;852;422;30.0;27.3;0.726
14/06/2004;04.00.00;2.9;751;246;13.5;383;201;1830;180;1391;319;16.3;25.4;0.804
14/06/2004;05.00.00;3.4;1017;293;11.1;383;185;1906;133;965;246;21.3;41.5;0.568
14/06/2004;06.00.00;1.7;647;114;6.3;383;277;1749;118;967;262;3.6;43.4;0.627
14/06/2004;07.00.00;4.7;1297;217;14.4;383;300;1696;171;1419;411;13.4;50.3;0.411
14/06/2004;08.00.00;2.5;647;192;7.0;383;57;2054;93;740;228;15.6;70.2;1.195
14/06/2004;09.00.00;2.8;668;227;6.5;383;433;1759;169;1367;535;17.6;40.0;0.773
14/06/2004;10.00.00;3.1;863;166;12.1;383;225;1767;196;1551;241;17.2;46.0;1.312
14/06/2004;11.00.00;2.7;661;340;10.3;383;310;1709;105;936;229;16.8;63.5;1.229
14/06/2004;12.00.00;3.3;1099;232;10.0;383;260;1862;38;551;317;28.1;33.0;1.756
14/06/2004;13.00.00;1.3;647;134;2.3;383;183;1797;119;982;228;14.4;68.2;0.953
14/06/2004;14.00.00;1.4;647;305;4.7;383;385;1755;191;1599;486;23.2;31.7;1.102
14/06/2004;15.00.00;0.6;647;97;1.0;383;258;1711;136;1091;307;18.4;41.3;0.586
14/06/2004;16.00.00;2.8;745;340;8.4;383;257;1771;46;551;266;15.5;36.3;0.927
14/06/2004;17.00.00;3.2;819;312;7.8;383;2;2076;173;1338;228;35.2;75.1;1.165
14/06/2004;18.00.00;2.8;704;350;9.4;383;371;1625;151;1347;420;23.0;50.5;0.472
14/06/2004;19.00.00;4.5;1179;202;14.9;383;219;1777;160;1272;270;17.1;45.5;1.213
14/06/2004;20.00.00;2.1;647;170;9.0;383;361;1740;167;1286;584;23.0;28.4;1.066
14/06/2004;21.00.00;3.1;1020;225;9.6;383;497;1458;86;570;516;22.7;68.4;0.971
14/06/2004;22.00.00;0.6;647;209;1.3;383;371;1708;163;1380;513;17.3;62.5;1.056
14/06/2004;23.00.00;1.6;647;155;2.0;383;254;1889;82;626;245;10.2;37.2;0.915
15/06/2004;00.00.00;3.1;915;165;12.2;407;202;1907;56;551;228;15.0;49.1;1.103
15/06/2004;01.00.00;3.3;1023;183;12.5;383;632;1490;73;606;790;-1.9;55.4;1.391
15/06/2004;02.00.00;1.7;647;106;5.6;383;319;1745;146;1131;475;13.0;54.3;1.56
15/06/2004;03.00.00;2.0;647;282;3.9;383;278;1896;93;832;251;23.3;40.5;0.789
15/06/2004;04.00.00;0.1;647;213;0.1;383;218;1935;183;1507;282;20.4;74.5;1.121
15/06/2004;05.00.00;1.7;647;188;4.2;383;108;1905;166;1263;228;15.9;45.0;0.621
15/06/2004;06.00.00;3.4;1092;112;12.8;383;2;1948;145;1055;228;21.8;45.5;1.969
15/06/2004;07.00.00;3.0;946;107;10.0;383;478;1685;179;1496;652;25.7;65.4;1.325
15/06/2004;08.00.00;2.9;760;401;6.1;383;126;1989;56;551;228;19.0;61.3;0.636
15/06/2004;09.00.00;2.2;647;158;7.9;383;216;1936;158;1327;228;15.9;64.3;1.596
15/06/2004;10.00.00;2.2;647;276;5.2;383;229;1862;140;1104;228;16.1;81.0;0.354
15/06/2004;11.00.00;1.2;647;233;2.9;383;465;1599;51;551;544;10.9;37.5;0.657
15/06/2004;12.00.00;3.1;777;7;12.0;383;128;1763;78;691;228;24.5;51.4;0.758
15/06/2004;13.00.00;2.7;801;388;10.3;383;285;1926;105;722;383;34.6;35.2;0.909
15/06/2004;14.00.00;2.8;678;282;11.3;383;324;1868;104;966;502;7.9;39.9;1.242
15/06/2004;15.00.00;1.4;647;145;4.5;383;34;1911;111;918;228;13.7;35.4;0.645
15/06/2004;16.00.00;0.1;647;215;2.1;383;19;1999;83;551;228;20.5;47.5;0.816
15/06/2004;17.00.00;3.7;899;108;10.6;383;136;1873;183;1579;228;15.6;62.6;0.938
15/06/2004;18.00.00;1.5;647;391;4.2;383;283;1778;53;551;440;23.0;42.9;1.261
15/06/2004;19.00.00;0.9;647;131;2.4;383;263;1756;55;551;397;11.1;51.5;0.862
15/06/2004;20.00.00;3.1;933;168;10.0;383;227;1873;67;653;266;1.5;33.8;1.106
15/06/2004;21.00.00;1.6;647;148;2.6;383;345;1632;82;608;476;25.5;36.3;1.165
15/06/2004;22.00.00;3.6;1067;225;11.2;383;114;1876;78;619;228;24.2;25.6;1.191
15/06/2004;23.00.00;3.0;933;348;12.5;383;219;1893;193;1736;228;24.9;43.0;0.18
16/06/2004;00.00.00;3.1;862;387;7.8;383;228;1659;81;692;313;33.7;46.2;1.11
16/06/2004;01.00.00;0.2;647;180;0.1;383;119;1929;107;944;228;14.2;48.1;0.295
16/06/2004;02.00.00;3.8;1080;253;9.8;383;598;1477;52;551;727;32.8;36.0;0.992
16/06/2004;03.00.00;2.5;795;225;13.4;383;2;2127;90;612;228;30.2;54.3;0.925
16/06/2004;04.00.00;1.6;647;124;6.2;383;435;1677;141;1158;525;15.6;45.4;1.259
16/06/2004;05.00.00;2.4;705;448;7.0;383;368;1642;145;1181;515;8.7;34.6;0.232
16/06/2004;06.00.00;0.1;647;347;0.5;383;369;1820;160;1376;352;10.2;50.7;0.554
16/06/2004;07.00.00;2.7;791;235;9.2;383;260;1793;65;640;228;23.5;50.1;0.827
16/06/2004;08.00.00;0.7;647;368;1.0;383;450;1650;80;748;504;9.6;46.6;0.844
16/06/2004;09.00.00;0.3;647;333;0.1;383;177;1929;152;1180;301;19.9;67.6;1.105
16/06/2004;10.00.00;0.1;647;225;0.1;383;306;1706;111;779;295;16.3;55.4;0.525
16/06/2004;11.00.00;3.7;1021;248;10.4;383;257;1910;110;920;267;20.1;88.7;1.091
16/06/2004;12.00.00;1.3;647;361;3.3;383;210;1877;141;1123;345;25.3;41.5;0.947
16/06/2004;13.00.00;4.3;1174;128;14.5;383;264;1736;160;1202;428;21.2;50.2;1.566
16/06/2004;14.00.00;1.4;647;377;2.5;383;100;1884;79;580;228;25.0;29.3;0.568
16/06/2004;15.00.00;0.1;647;196;5.5;383;144;1783;108;859;228;33.4;40.5;1.35
16/06/2004;16.00.00;0.6;647;362;3.4;383;487;1634;107;878;665;2.7;16.8;0.906
16/06/2004;17.00.00;3.9;1128;217;9.9;383;686;1436;66;551;791;20.2;57.2;0.737
16/06/2004;18.00.00;1.9;649;250;1.2;383;325;1764;127;1017;446;17.7;65.0;1.609
16/06/2004;19.00.00;1.4;647;214;3.0;383;373;1565;87;691;384;18.1;44.3;0.826
16/06/2004;20.00.00;2.4;707;167;9.0;383;284;1730;112;923;470;1.6;20.8;1.158
16/06/2004;21.00.00;2.9;716;192;10.1;383;315;1668;144;1075;462;19.7;85.4;0.913
16/06/2004;22.00.00;3.7;1235;349;11.7;383;329;1776;125;951;447;14.0;41.5;0.909
16/06/2004;23.00.00;4.2;1244;7;12.2;383;404;1628;70;671;457;23.6;40.8;1.24
17/06/2004;00.00.00;1.6;647;100;3.5;383;481;1652;122;961;632;38.6;62.0;1.297
17/06/2004;01.00.00;0.3;647;149;0.1;383;110;1868;119;995;228;9.2;32.3;0.698
17/06/2004;02.00.00;1.6;647;115;3.0;383;678;1587;86;591;769;20.9;36.7;0.727
17/06/2004;03.00.00;2.5;676;361;7.2;383;267;1790;71;667;367;3.7;60.5;0.18
17/06/2004;04.00.00;0.8;647;337;5.2;383;267;1859;120;1055;228;19.2;71.0;0.865
17/06/2004;05.00.00;0.8;647;274;1.0;383;182;1844;45;551;290;25.6;44.6;1.558
17/06/2004;06.00.00;2.6;747;157;9.6;383;183;1927;61;551;228;21.9;24.7;1.619
17/06/2004;07.00.00;2.1;647;344;8.2;383;340;1665;51;551;466;28.9;64.9;0.999
17/06/2004;08.00.00;2.2;647;67;4.9;383;343;1721;54;620;292;23.4;9.2;1.619
17/06/2004;09.00.00;1.1;647;421;1.8;383;332;1696;90;687;365;4.0;57.3;1.462
17/06/2004;10.00.00;1.8;647;152;8.0;383;176;2008;163;1197;248;33.0;26.2;1.258
17/06/2004;11.00.00;0.9;647;193;0.9;383;2;1903;142;1093;228;6.1;42.8;0.489
17/06/2004;12.00.00;3.4;999;177;10.8;383;2;2164;166;1367;228;32.8;54.2;0.893
17/06/2004;13.00.00;3.6;1041;116;15.6;388;248;1691;83;569;228;23.4;32.4;0.607
17/06/2004;14.00.00;0.1;647;400;2.3;383;297;1820;16;551;438;20.9;41.2;0.574
17/06/2004;15.00.00;0.8;647;292;2.9;383;181;1804;84;559;370;31.8;41.5;1.13
17/06/2004;16.00.00;0.1;647;333;2.0;383;139;1908;167;1452;228;22.7;47.0;1.237
17/06/2004;17.00.00;1.2;647;101;3.9;383;291;1753;94;746;228;25.8;51.8;0.18
17/06/2004;18.00.00;2.0;687;235;8.5;383;229;1749;111;779;397;19.6;49.0;0.815
17/06/2004;19.00.00;0.1;647;267;0.1;383;173;1868;102;749;228;13.0;49.4;0.575
17/06/2004;20.00.00;0.9;647;243;2.5;383;2;1965;146;1120;228;9.7;67.2;1.006
17/06/2004;21.00.00;0.7;647;107;0.1;383;116;1952;152;1224;228;34.9;73.5;0.707
17/06/2004;22.00.00;2.4;782;320;8.1;383;388;1608;38;551;622;30.2;56.9;1.117
17/06/2004;23.00.00;2.2;647;229;6.7;383;98;1958;2;551;228;17.0;53.8;1.471
18/06/2004;00.00.00;1.1;647;127;6.4;383;347;1791;144;1104;479;13.0;23.0;1.027
18/06/2004;01.00.00;2.4;704;41;9.1;383;458;1624;102;707;562;30.9;9.2;1.314
18/06/2004;02.00.00;1.4;647;275;3.4;383;124;1794;144;1082;228;25.6;43.1;1.524
18/06/2004;03.00.00;1.8;647;450;4.9;383;177;1996;99;734;349;26.7;75.1;1.059
18/06/2004;04.00.00;4.5;1323;121;15.1;383;397;1719;137;1006;404;28.6;44.7;0.458
18/06/2004;05.00.00;4.0;988;234;11.7;383;434;1594;106;736;582;27.6;61.1;0.524
18/06/2004;06.00.00;0.3;647;323;1.0;383;147;1921;78;580;228;33.7;45.5;0.956
18/06/2004;07.00.00;3.3;921;97;13.2;383;2;1864;93;820;228;24.8;51.7;1.725
18/06/2004;08.00.00;3.3;978;172;8.9;383;437;1743;104;827;434;7.4;38.1;0.275
18/06/2004;09.00.00;0.5;647;136;0.8;383;335;1901;142;884;436;15.3;61.8;1.17
18/06/2004;10.00.00;3.3;839;311;9.9;446;307;1820;104;918;415;22.0;49.4;1.096
18/06/2004;11.00.00;4.3;1205;343;20.1;535;386;1610;61;551;448;20.7;35.7;1.23
18/06/2004;12.00.00;0.6;647;233;3.1;383;64;1789;192;1658;228;24.5;22.1;0.955
18/06/2004;13.00.00;0.9;647;138;5.0;383;305;1864;127;1088;373;18.3;62.0;1.003
18/06/2004;14.00.00;3.6;1059;175;13.0;383;202;1826;178;1402;228;6.4;55.3;0.985
18/06/2004;15.00.00;2.5;754;158;9.8;383;338;1698;60;551;449;20.4;52.5;0.573
18/06/2004;16.00.00;2.9;855;125;10.3;383;368;1798;100;715;348;3.6;34.2;0.18
18/06/2004;17.00.00;2.6;839;208;9.1;383;395;1636;122;1029;588;4.4;61.9;1.8
18/06/2004;18.00.00;2.7;701;272;5.7;383;337;1790;144;1285;555;22.3;36.8;0.899
18/06/2004;19.00.00;0.3;647;264;1.7;383;284;1774;22;551;421;10.6;64.4;0.564
18/06/2004;20.00.00;3.6;1006;217;11.4;383;289;1788;23;551;347;14.6;33.1;1.437
18/06/2004;21.00.00;3.8;1032;223;13.2;386;302;1888;81;807;410;22.0;27.9;0.802
18/06/2004;22.00.00;1.8;647;210;5.7;383;150;1840;139;1120;228;13.6;48.7;1.109
18/06/2004;23.00.00;2.1;647;94;8.2;383;189;1802;80;551;276;21.3;60.3;1.188
19/06/2004;00.00.00;0.1;647;233;2.2;383;307;1737;106;746;305;27.6;62.4;0.723
19/06/2004;01.00.00;2.9;656;162;3.4;383;345;1627;115;1060;564;11.3;52.3;1.249
19/06/2004;02.00.00;3.0;790;90;8.6;383;146;1957;73;623;228;13.5;68.6;0.902
19/06/2004;03.00.00;2.1;647;253;2.9;383;81;1999;183;1382;228;23.1;53.6;1.371
19/06/2004;04.00.00;3.7;1061;159;12.4;389;2;1997;74;625;228;14.5;50.6;1.424
19/06/2004;05.00.00;1.7;647;239;4.8;383;53;1883;13;551;228;23.0;9.3;1.291
19/06/2004;06.00.00;2.9;912;298;12.1;383;163;1649;65;551;381;22.1;31.3;0.18
19/06/2004;07.00.00;0.7;647;127;2.7;383;177;1791;72;556;228;15.4;67.0;1.147
19/06/2004;08.00.00;2.1;647;226;5.8;383;202;1819;121;969;248;28.6;33.0;1.414
19/06/2004;09.00.00;1.9;647;46;8.0;383;61;1798;123;865;228;8.4;44.2;0.91
19/06/2004;10.00.00;2.5;810;363;7.3;383;2;2197;141;1028;228;22.9;42.1;0.372
19/06/2004;11.00.00;1.6;647;88;4.2;383;265;1820;203;1545;238;1.1;31.4;0.916
19/06/2004;12.00.00;2.0;647;169;7.1;383;265;1831;114;898;228;18.7;38.4;0.554
19/06/2004;13.00.00;3.3;1031;345;13.8;383;341;1715;153;1238;531;18.5;48.2;1.008
19/06/2004;14.00.00;1.5;647;195;6.6;383;370;1762;91;617;381;8.4;29.1;0.838
19/06/2004;15.00.00;0.1;647;104;1.5;383;306;1731;126;968;228;30.3;42.9;1.119
19/06/2004;16.00.00;4.6;1227;285;20.2;513;263;1776;96;732;285;9.2;37.0;0.18
19/06/2004;17.00.00;4.1;1281;283;11.6;383;380;1808;105;707;553;15.3;50.7;1.502
19/06/2004;18.00.00;0.3;647;157;0.1;383;463;1716;120;985;597;27.4;64.0;1.279
19/06/2004;19.00.00;3.1;872;168;10.3;383;142;1885;160;1329;228;19.8;72.4;0.535
19/06/2004;20.00.00;1.4;647;176;7.7;383;363;1870;110;908;566;14.9;50.5;1.06
19/06/2004;21.00.00;2.5;664;198;6.2;383;150;1873;110;776;263;13.2;31.8;1.338
19/06/2004;22.00.00;2.6;681;38;11.7;383;279;1735;128;1072;228;18.2;73.1;0.763
19/06/2004;23.00.00;1.8;647;200;3.0;383;409;1682;155;1233;453;14.9;55.6;0.956
20/06/2004;00.00.00;1.1;647;387;3.1;383;204;1860;45;551;279;18.9;39.4;0.215
20/06/2004;01.00.00;1.2;647;132;4.1;383;100;1824;124;1035;228;12.8;43.3;0.18
20/06/2004;02.00.00;0.9;647;162;1.0;383;175;1898;49;551;255;25.1;37.7;0.482
20/06/2004;03.00.00;1.0;647;105;1.9;383;100;2089;175;1384;334;12.9;61.3;0.773
20/06/2004;04.00.00;2.1;647;276;8.2;383;81;2010;129;1110;228;6.1;65.7;1.65
20/06/2004;05.00.00;1.1;647;332;6.6;383;430;1708;171;1283;336;40.5;54.6;0.981
20/06/2004;06.00.00;3.1;769;330;5.7;383;327;1776;33;551;228;26.0;67.6;0.18
20/06/2004;07.00.00;4.2;1162;99;13.9;383;135;1811;104;1058;236;12.6;47.9;1.059
20/06/2004;08.00.00;1.3;647;265;4.1;383;95;1843;154;1082;228;10.9;88.7;1.153
20/06/2004;09.00.00;2.5;747;354;8.2;383;105;1928;180;1347;228;23.5;46.8;0.672
20/06/2004;10.00.00;2.8;854;266;8.5;383;135;1857;129;1102;228;12.8;16.1;1.006
20/06/2004;11.00.00;2.8;858;263;6.4;383;422;1546;92;609;468;26.3;64.5;1.447
20/06/2004;12.00.00;2.3;665;173;10.3;383;229;1788;100;859;246;22.2;42.2;0.857
20/06/2004;13.00.00;3.2;902;238;12.5;383;572;1578;62;601;533;20.3;67.3;0.806
20/06/2004;14.00.00;2.8;844;335;8.8;383;239;1854;183;1573;335;19.5;54.0;0.711
20/06/2004;15.00.00;0.4;647;249;0.4;383;157;1807;144;1159;246;29.7;37.4;1.167
20/06/2004;16.00.00;3.4;829;99;9.6;383;387;1685;104;741;475;16.4;47.3;0.799
20/06/2004;17.00.00;3.4;1007;174;5.7;383;2;2031;139;1039;228;19.1;24.1;1.004
20/06/2004;18.00.00;1.1;647;332;4.2;383;274;1678;107;962;344;11.9;36.0;0.644
20/06/2004;19.00.00;2.2;647;248;8.6;383;60;1889;98;639;228;22.8;54.5;0.777
20/06/2004;20.00.00;3.1;935;229;10.2;383;2;1997;76;679;228;11.1;61.9;1.766
20/06/2004;21.00.00;1.9;654;165;5.8;383;227;1744;77;551;228;27.8;62.5;0.68
20/06/2004;22.00.00;3.7;1022;330;12.0;383;373;1674;131;1042;465;28.5;38.4;1.598
20/06/2004;23.00.00;5.5;1463;375;15.8;414;278;1976;163;1256;275;4.7;67.2;0.556
21/06/2004;00.00.00;1.0;647;338;2.4;383;260;1671;96;739;383;26.2;49.4;1.634
21/06/2004;01.00.00;0.2;647;355;0.4;383;2;2112;74;706;228;8.1;59.0;0.941
21/06/2004;02.00.00;2.6;671;183;9.6;383;222;1849;158;1226;454;14.5;67.3;1.144
21/06/2004;03.00.00;3.2;919;170;12.9;383;223;1723;116;1017;434;17.8;53.2;0.627
21/06/2004;04.00.00;1.8;647;203;5.4;383;341;1781;5;551;386;14.4;33.3;1.105
21/06/2004;05.00.00;4.2;1056;221;11.3;383;84;1936;79;654;228;15.2;69.1;1.146
21/06/2004;06.00.00;0.3;647;353;1.0;383;372;1798;135;1073;404;24.5;56.4;1.004
21/06/2004;07.00.00;3.1;871;328;14.0;383;168;1918;75;551;298;26.6;56.1;0.433
21/06/2004;08.00.00;1.3;647;269;2.3;383;200;1855;115;815;228;17.1;28.6;0.651
21/06/2004;09.00.00;4.6;1426;82;16.4;383;326;1714;53;551;423;18.0;69.3;0.494
21/06/2004;10.00.00;4.9;1391;57;18.5;439;64;2042;93;714;228;23.0;56.3;0.98
21/06/2004;11.00.00;1.1;647;240;2.7;383;372;1670;60;551;492;9.6;26.0;0.605
21/06/2004;12.00.00;1.4;647;301;3.0;383;38;1856;53;551;228;18.3;45.3;0.52
21/06/2004;13.00.00;3.4;1000;210;11.9;383;346;1571;76;551;391;16.2;47.7;0.529
21/06/2004;14.00.00;1.6;647;399;5.9;383;209;1733;154;1273;368;20.3;49.9;0.64
21/06/2004;15.00.00;2.1;647;115;8.1;383;222;1886;133;1044;307;8.7;45.5;2.01
21/06/2004;16.00.00;2.2;647;103;11.1;383;2;1969;211;1575;228;20.9;49.2;1.166
21/06/2004;17.00.00;0.1;647;154;0.7;383;155;1813;84;703;228;20.3;65.2;1.026
21/06/2004;18.00.00;2.1;647;151;4.4;383;213;1794;161;1363;243;33.8;47.8;1.104
21/06/2004;19.00.00;1.2;647;267;3.9;383;482;1680;202;1537;793;7.7;39.6;0.18
21/06/2004;20.00.00;1.5;647;177;5.2;383;240;1858;166;1410;285;36.5;51.5;1.334
21/06/2004;21.00.00;4.2;1205;70;15.9;457;146;1896;167;1292;275;33.4;67.7;1.293
21/06/2004;22.00.00;0.4;647;302;0.9;383;373;1653;118;921;331;28.3;61.6;1.165
21/06/2004;23.00.00;3.3;1019;50;9.7;383;168;1833;124;950;231;14.0;9.6;1.245
22/06/2004;00.00.00;1.8;647;116;2.9;383;403;1666;68;631;452;25.9;26.9;1.031
22/06/2004;01.00.00;1.8;647;63;6.7;383;285;1699;2;551;466;4.2;18.4;0.94
22/06/2004;02.00.00;3.3;725;237;17.1;392;108;1904;122;1044;228;1.7;56.3;1.021
22/06/2004;03.00.00;2.6;716;235;8.0;383;389;1612;66;551;433;13.4;67.5;0.18
22/06/2004;04.00.00;2.9;907;400;10.3;383;337;1758;92;769;451;10.2;48.1;1.767
22/06/2004;05.00.00;3.5;950;304;10.1;383;383;1731;73;551;375;2.3;51.1;0.319
22/06/2004;06.00.00;1.7;647;354;2.8;383;218;1914;128;1108;271;31.0;32.3;1.456
22/06/2004;07.00.00;1.3;647;245;5.0;383;337;1750;103;802;357;12.3;67.7;1.345
22/06/2004;08.00.00;0.6;647;125;2.1;383;539;1586;173;1486;659;21.7;35.9;1.079
22/06/2004;09.00.00;1.0;647;230;0.1;383;272;1715;78;622;319;40.5;67.6;0.18
22/06/2004;10.00.00;6.3;1889;274;23.3;541;185;1848;121;980;368;17.1;38.7;1.106
22/06/2004;11.00.00;3.9;1076;284;13.3;405;482;1532;103;1013;615;7.7;76.6;1.677
22/06/2004;12.00.00;0.3;647;173;1.0;383;348;1585;98;850;313;32.9;25.0;1.036
22/06/2004;13.00.00;0.3;647;264;0.1;383;177;1837;109;889;228;16.8;31.1;0.869
22/06/2004;14.00.00;2.8;647;129;9.8;383;511;1550;185;1390;578;24.8;69.0;0.924
22/06/2004;15.00.00;2.9;843;118;10.2;383;61;1999;153;1167;228;-1.9;68.6;1.104
22/06/2004;16.00.00;2.9;853;112;10.1;383;326;1661;91;791;505;20.4;44.4;0.18
22/06/2004;17.00.00;1.8;647;220;7.9;383;421;1887;83;642;461;17.5;25.9;1.226
22/06/2004;18.00.00;2.0;647;106;8.9;383;409;1633;75;587;488;15.1;9.2;0.615
22/06/2004;19.00.00;2.6;763;177;12.4;383;108;1907;118;861;228;25.7;72.7;1.152
22/06/2004;20.00.00;2.3;647;303;5.6;383;56;1909;40;551;290;12.6;56.1;1.721
22/06/2004;21.00.00;0.1;647;120;0.1;383;281;1837;102;829;325;15.8;51.7;0.772
22/06/2004;22.00.00;1.8;647;170;6.6;383;353;1699;131;1107;557;18.8;37.2;0.575
22/06/2004;23.00.00;1.0;647;224;1.5;383;81;1856;78;724;228;24.9;42.4;1.03
23/06/2004;00.00.00;2.4;647;241;6.4;383;292;1619;114;955;428;16.0;63.7;1.68
23/06/2004;01.00.00;6.3;1796;170;21.2;609;23;2027;125;912;228;16.7;29.9;1.11
23/06/2004;02.00.00;2.7;696;292;10.3;383;408;1725;28;551;554;16.7;63.5;1.447
23/06/2004;03.00.00;1.7;647;274;8.0;383;158;1900;122;1041;228;16.6;60.0;1.255
23/06/2004;04.00.00;3.4;936;326;10.6;383;220;1806;90;737;338;7.5;76.0;1.469
23/06/2004;05.00.00;2.8;764;210;10.0;383;378;1671;201;1753;518;24.1;58.1;0.744
23/06/2004;06.00.00;2.7;773;169;9.2;383;363;1771;122;982;486;24.6;63.9;1.6
23/06/2004;07.00.00;3.0;843;153;9.6;383;318;1737;68;551;416;5.0;24.9;1.249
23/06/2004;08.00.00;5.0;1469;247;14.5;460;403;1767;25;551;446;14.4;45.0;0.451
23/06/2004;09.00.00;0.6;647;182;0.1;383;308;1745;110;824;428;28.6;47.3;0.921
23/06/2004;10.00.00;2.8;759;163;10.3;383;467;1615;175;1544;432;18.8;55.4;1.069
23/06/2004;11.00.00;0.9;647;175;1.1;383;2;2028;83;765;228;15.4;50.9;1.043
23/06/2004;12.00.00;2.9;762;153;5.8;383;236;1921;128;981;335;9.1;66.1;0.973
23/06/2004;13.00.00;0.9;647;236;2.7;383;230;1909;148;1172;319;28.1;51.4;1.102
23/06/2004;14.00.00;1.6;647;83;7.9;383;212;1826;146;1059;292;12.4;34.2;1.102
23/06/2004;15.00.00;1.7;647;246;0.1;383;322;1712;112;790;327;23.5;31.7;0.786
23/06/2004;16.00.00;3.5;962;282;10.7;383;278;1680;81;740;286;33.4;74.8;1.166
23/06/2004;17.00.00;3.4;931;162;12.3;383;372;1757;100;879;465;19.0;53.9;1.314
23/06/2004;18.00.00;0.4;647;400;0.1;383;64;1805;61;551;228;29.4;51.2;1.711
23/06/2004;19.00.00;2.2;647;219;6.7;383;596;1659;67;689;621;21.7;53.4;1.857
23/06/2004;20.00.00;1.2;647;69;1.4;383;186;1918;160;1318;228;26.1;52.4;0.857
23/06/2004;21.00.00;0.4;647;191;0.1;383;289;1708;129;1049;375;16.0;43.8;0.821
23/06/2004;22.00.00;1.8;647;223;5.1;383;214;1926;126;1031;256;11.0;59.3;0.869
23/06/2004;23.00.00;1.7;647;260;3.3;383;258;1837;78;551;394;14.3;66.3;0.529
24/06/2004;00.00.00;5.5;1453;193;15.3;383;164;1906;170;1439;228;15.2;63.4;1.067
24/06/2004;01.00.00;2.8;647;121;8.7;383;277;1756;101;890;459;20.2;48.3;2.23
24/06/2004;02.00.00;0.2;647;113;5.2;383;334;1776;119;973;586;23.7;31.1;0.649
24/06/2004;03.00.00;1.4;647;155;5.9;383;2;1885;168;1261;228;5.6;27.0;0.753
24/06/2004;04.00.00;3.6;1208;165;13.5;383;195;1848;78;713;228;19.3;65.4;0.332
24/06/2004;05.00.00;5.1;1464;110;17.8;466;189;1793;82;551;228;20.5;40.8;1.381
24/06/2004;06.00.00;0.1;647;148;0.1;383;601;1496;162;1238;717;18.4;51.6;1.078
24/06/2004;07.00.00;0.1;647;280;0.9;383;377;1642;152;1262;517;9.7;34.1;0.67
24/06/2004;08.00.00;4.8;1331;374;17.5;388;475;1568;129;1003;542;21.3;52.4;0.577
24/06/2004;09.00.00;2.7;775;289;10.3;383;331;1837;8;551;399;21.0;68.0;0.77
24/06/2004;10.00.00;0.9;647;342;3.4;383;258;1678;174;1505;268;24.6;71.1;1.279
24/06/2004;11.00.00;2.9;800;310;10.3;383;301;1791;83;760;336;16.2;25.4;1.143
24/06/2004;12.00.00;0.1;647;297;5.2;383;417;1575;85;766;510;20.4;61.0;0.655
24/06/2004;13.00.00;2.2;647;185;8.6;383;513;1694;103;853;694;22.5;33.9;0.756
24/06/2004;14.00.00;2.6;751;231;7.7;383;292;1800;55;551;425;18.4;78.9;1.379
24/06/2004;15.00.00;3.4;1026;178;10.9;383;150;1767;171;1510;228;7.3;82.0;0.237
24/06/2004;16.00.00;0.7;647;197;0.2;383;387;1716;121;1084;519;-0.1;55.5;0.557
24/06/2004;17.00.00;2.3;681;224;12.0;383;115;1851;146;1165;228;11.5;50.7;1.055
24/06/2004;18.00.00;0.9;647;285;5.9;383;305;1773;75;823;359;4.4;45.8;1.043
24/06/2004;19.00.00;2.5;759;258;8.2;383;350;1613;160;1272;393;20.0;74.2;1.268
24/06/2004;20.00.00;0.9;647;202;7.2;383;229;1914;181;1481;323;9.8;51.7;1.331
24/06/2004;21.00.00;1.6;647;223;6.3;383;107;1754;51;551;228;12.8;54.0;1.263
24/06/2004;22.00.00;0.8;647;259;1.6;383;176;1794;59;551;228;32.2;45.1;0.244
24/06/2004;23.00.00;3.1;817;281;11.6;383;197;1755;74;573;410;14.8;49.8;1.321
25/06/2004;00.00.00;3.4;944;73;11.5;383;84;1962;157;1289;228;27.5;58.0;1.161
25/06/2004;01.00.00;1.8;705;115;7.5;383;186;1811;121;973;228;18.3;56.4;1.014
25/06/2004;02.00.00;2.2;647;323;4.3;383;23;1966;109;708;228;6.5;64.3;1.397
25/06/2004;03.00.00;0.1;647;212;0.1;383;336;1679;130;1125;438;17.7;53.0;1.5
25/06/2004;04.00.00;1.7;647;177;8.5;383;297;1652;205;1596;386;-0.5;46.5;0.739
25/06/2004;05.00.00;2.1;647;192;10.0;383;286;1752;29;551;413;19.8;54.5;0.265
25/06/2004;06.00.00;5.8;1803;192;21.5;524;186;1746;98;881;228;10.5;52.9;0.82
25/06/2004;07.00.00;0.6;647;271;6.3;383;207;1687;2;551;270;17.8;36.9;0.54
25/06/2004;08.00.00;4.2;1248;112;14.6;407;119;1954;137;1152;228;12.8;13.1;0.921
25/06/2004;09.00.00;3.5;962;220;12.4;383;323;1642;165;1311;452;27.5;32.5;1.247
25/06/2004;10.00.00;2.5;732;241;6.3;383;38;2085;98;804;228;18.3;27.8;0.733
25/06/2004;11.00.00;4.6;1354;255;13.6;402;258;1906;144;1130;245;15.5;64.1;0.667
25/06/2004;12.00.00;2.7;702;239;4.6;383;149;1951;39;551;228;14.1;33.1;0.18
25/06/2004;13.00.00;2.7;703;267;8.0;383;514;1497;135;1142;636;19.7;73.3;1.177
25/06/2004;14.00.00;2.1;713;163;2.5;383;326;1908;230;1865;464;15.0;36.3;1.318
25/06/2004;15.00.00;3.9;1160;128;14.5;484;245;1615;94;895;392;-0.5;59.3;0.641
25/06/2004;16.00.00;3.7;1095;451;12.6;383;76;1867;133;885;228;13.6;81.5;0.592
25/06/2004;17.00.00;1.3;647;189;0.1;383;37;2036;84;771;228;18.0;59.2;0.947
25/06/2004;18.00.00;0.3;647;200;0.6;383;321;1802;121;940;445;12.0;81.8;0.315
25/06/2004;19.00.00;1.9;683;282;9.9;383;521;1525;166;1290;604;20.0;32.9;1.425
25/06/2004;20.00.00;1.0;647;369;3.0;383;308;1690;141;1180;282;18.9;69.3;0.665
25/06/2004;21.00.00;2.1;647;166;4.6;383;272;1764;108;793;274;0.4;37.0;1.328
25/06/2004;22.00.00;3.9;971;123;8.9;383;275;1773;107;822;333;12.3;65.8;0.961
25/06/2004;23.00.00;1.5;647;99;1.3;383;261;1753;55;551;297;28.6;48.0;0.291
26/06/2004;00.00.00;2.1;647;369;7.8;383;277;1910;161;1252;312;22.3;53.1;0.62
26/06/2004;01.00.00;2.2;726;119;6.3;383;141;1832;148;1135;228;23.0;48.6;0.18
26/06/2004;02.00.00;3.3;730;215;10.0;383;97;2039;52;551;228;25.8;43.8;1.041
26/06/2004;03.00.00;0.1;647;125;0.1;383;262;1822;121;999;337;16.0;51.2;0.695
26/06/2004;04.00.00;1.3;647;80;3.9;383;474;1701;68;551;530;13.5;56.4;0.858
26/06/2004;05.00.00;2.4;647;190;5.4;383;364;1588;91;789;340;24.8;23.5;1.538
26/06/2004;06.00.00;3.8;1033;128;12.9;434;57;2036;151;1384;228;26.9;44.3;1.363
26/06/2004;07.00.00;1.5;647;152;1.8;383;206;1913;160;1284;228;27.9;60.1;0.846
26/06/2004;08.00.00;0.1;647;408;0.1;383;357;1660;147;1211;516;12.9;51.7;0.957
26/06/2004;09.00.00;3.0;778;258;11.7;383;478;1685;100;821;581;23.3;65.5;0.673
26/06/2004;10.00.00;1.3;647;306;4.8;383;520;1465;135;1006;765;17.1;23.9;1.258
26/06/2004;11.00.00;0.5;647;296;2.9;383;213;1791;75;632;363;23.7;54.3;1.829
26/06/2004;12.00.00;1.3;647;208;8.4;383;372;1795;149;1210;490;17.3;62.0;0.657
26/06/2004;13.00.00;1.9;647;176;5.9;383;284;1758;112;1038;300;17.8;44.2;1.142
26/06/2004;14.00.00;1.3;647;241;4.2;383;227;1796;90;741;243;24.4;42.5;0.664
26/06/2004;15.00.00;0.1;647;234;0.1;383;255;1907;78;723;431;15.4;71.9;1.353
26/06/2004;16.00.00;3.4;957;163;10.0;383;257;1637;145;1198;347;15.0;9.2;1.24
26/06/2004;17.00.00;3.9;1107;230;10.6;383;425;1645;106;810;405;26.5;40.6;1.204
26/06/2004;18.00.00;3.1;980;150;10.0;383;31;1969;89;621;228;21.3;39.4;0.389
26/06/2004;19.00.00;0.6;647;201;2.5;383;317;1682;89;739;494;10.1;59.5;0.18
26/06/2004;20.00.00;1.9;647;186;6.8;383;481;1724;53;551;666;27.3;66.3;1.164
26/06/2004;21.00.00;2.1;647;97;7.0;383;465;1555;120;960;590;29.7;67.2;0.446
26/06/2004;22.00.00;3.0;720;7;11.4;437;333;1661;126;963;508;20.4;38.5;0.905
26/06/2004;23.00.00;3.1;786;128;9.9;383;130;1698;41;551;228;15.4;53.4;0.809
27/06/2004;00.00.00;1.1;647;389;2.8;383;364;1796;61;551;390;30.9;40.1;1.414
27/06/2004;01.00.00;2.3;647;188;5.4;383;448;1614;33;551;529;30.4;66.7;1.331
27/06/2004;02.00.00;2.8;671;291;5.8;383;167;1840;170;1361;228;10.9;53.7;0.835
27/06/2004;03.00.00;4.2;1188;16;16.3;414;300;1742;142;1147;420;15.9;47.9;1.132
27/06/2004;04.00.00;3.1;765;122;8.6;383;214;1923;165;1269;321;17.6;52.3;1.139
27/06/2004;05.00.00;3.3;939;89;8.6;383;152;2007;190;1518;228;31.1;64.8;1.346
27/06/2004;06.00.00;2.3;813;198;6.4;383;197;1703;134;937;228;25.1;54.5;0.204
27/06/2004;07.00.00;4.1;1048;448;12.6;383;265;1750;110;914;460;15.4;44.0;0.65
27/06/2004;08.00.00;2.7;739;261;12.0;383;105;1824;122;894;228;18.0;45.7;1.356
27/06/2004;09.00.00;0.9;647;379;2.4;383;80;1917;82;625;228;17.1;61.4;0.455
27/06/2004;10.00.00;4.1;1128;193;18.4;524;109;1904;74;551;228;11.9;31.6;0.491
27/06/2004;11.00.00;3.1;926;347;10.1;383;296;1625;92;854;294;22.2;65.2;0.923
27/06/2004;12.00.00;1.5;647;414;9.0;383;21;2012;101;784;228;21.6;16.1;0.766
27/06/2004;13.00.00;1.5;647;207;6.5;383;2;1962;33;551;228;22.7;50.2;1.184
27/06/2004;14.00.00;2.6;789;166;8.9;383;455;1697;53;596;462;19.8;37.7;1.495
27/06/2004;15.00.00;2.8;987;92;12.1;383;90;1929;52;559;228;9.3;88.7;0.204
27/06/2004;16.00.00;2.4;816;188;10.0;383;216;1689;50;551;331;12.9;9.5;1.029
27/06/2004;17.00.00;2.6;682;225;9.5;383;387;1739;143;1193;419;18.5;43.5;0.935
27/06/2004;18.00.00;4.5;1152;410;19.1;407;25;1872;96;706;228;25.2;37.3;0.502
27/06/2004;19.00.00;3.7;989;94;10.7;383;25;1880;103;916;228;20.3;63.2;0.18
27/06/2004;20.00.00;2.4;647;223;5.7;383;149;1855;131;1080;228;8.2;70.3;0.635
27/06/2004;21.00.00;3.5;1007;45;9.7;383;393;1662;152;1169;447;1.8;47.3;0.33
27/06/2004;22.00.00;0.7;647;177;5.8;383;242;1665;134;1090;333;17.7;9.2;1.084
27/06/2004;23.00.00;2.7;752;247;11.6;383;244;1792;191;1495;295;21.3;81.5;0.712
28/06/2004;00.00.00;4.7;1378;266;13.9;383;200;1832;114;797;228;24.3;66.0;0.683
28/06/2004;01.00.00;1.8;647;273;1.2;383;332;1724;122;1088;472;32.0;79.8;1.271
28/06/2004;02.00.00;1.0;647;255;2.7;383;465;1492;83;551;563;27.0;46.4;1.77
28/06/2004;03.00.00;1.2;647;273;1.9;383;702;1449;22;551;921;22.9;54.7;0.879
28/06/2004;04.00.00;0.6;647;222;1.0;383;223;1870;116;917;308;13.7;40.0;1.212
28/06/2004;05.00.00;1.1;647;118;1.3;383;479;1508;154;1271;572;29.5;12.5;1.369
28/06/2004;06.00.00;1.6;647;42;2.0;383;398;1594;77;661;572;9.3;42.0;0.472
28/06/2004;07.00.00;0.2;647;166;4.3;383;286;1833;88;628;364;26.8;33.7;0.363
28/06/2004;08.00.00;2.2;647;205;5.6;383;2;2124;159;1255;228;33.1;47.4;0.896
28/06/2004;09.00.00;3.4;1004;337;13.7;502;188;1836;110;877;228;29.2;22.0;1.188
28/06/2004;10.00.00;0.9;647;208;2.4;383;194;1808;68;551;228;14.9;59.9;0.684
28/06/2004;11.00.00;4.3;1168;199;11.4;383;300;1775;67;619;376;4.8;54.8;0.281
28/06/2004;12.00.00;2.9;769;254;10.2;383;215;1935;144;1059;228;12.0;12.8;1.562
28/06/2004;13.00.00;3.6;957;192;10.7;383;159;1804;106;869;228;18.4;9.2;1.274
28/06/2004;14.00.00;1.2;647;295;3.5;383;556;1516;106;711;684;15.8;34.5;0.886
28/06/2004;15.00.00;3.3;885;406;11.0;383;446;1602;46;551;453;19.9;62.9;0.588
28/06/2004;16.00.00;0.6;647;426;0.4;383;2;1885;135;1100;228;3.5;85.3;0.418
28/06/2004;17.00.00;3.4;952;227;7.6;383;202;1905;162;1453;360;24.3;31.5;0.625
28/06/2004;18.00.00;2.4;647;250;7.5;383;342;1746;95;715;520;13.0;39.5;1.679
28/06/2004;19.00.00;2.9;868;367;11.3;383;449;1478;132;1047;525;18.0;27.4;0.857
28/06/2004;20.00.00;0.5;647;203;0.1;383;181;1853;93;728;232;14.2;45.3;1.093
28/06/2004;21.00.00;0.9;647;282;3.2;383;213;1962;141;1266;228;24.0;45.6;2.171
28/06/2004;22.00.00;3.0;853;110;12.6;383;260;1813;136;1047;372;13.5;65.6;1.738
28/06/2004;23.00.00;0.8;647;188;2.5;383;347;1850;94;774;403;4.3;23.9;1.062
29/06/2004;00.00.00;2.8;825;327;9.1;383;11;1946;10;551;228;22.5;65.9;1.707
29/06/2004;01.00.00;0.2;647;149;0.9;383;2;2075;74;584;228;5.3;62.0;1.187
29/06/2004;02.00.00;3.3;1027;205;9.3;383;437;1754;129;1037;438;16.6;39.1;1.782
29/06/2004;03.00.00;0.4;647;68;0.1;383;94;1918;155;1331;228;26.7;36.0;1.011
29/06/2004;04.00.00;2.9;857;408;7.4;383;570;1510;83;788;758;22.6;44.8;1.289
29/06/2004;05.00.00;3.0;757;337;10.4;383;113;1996;177;1309;443;18.2;36.1;1.233
29/06/2004;06.00.00;1.2;647;235;5.3;383;217;1869;184;1540;228;18.5;43.0;0.671
29/06/2004;07.00.00;3.0;717;266;11.1;383;302;1834;146;1272;312;9.6;17.9;1.302
29/06/2004;08.00.00;2.5;780;255;7.3;383;2;2031;58;551;228;21.3;43.5;0.581
29/06/2004;09.00.00;1.4;647;349;6.7;383;684;1446;147;1271;721;21.9;42.1;0.79
29/06/2004;10.00.00;0.7;647;168;3.0;383;185;1844;87;597;379;19.7;51.6;1.325
29/06/2004;11.00.00;0.1;647;287;0.5;383;117;1877;84;716;228;18.1;70.5;1.156
29/06/2004;12.00.00;2.6;732;320;1.8;383;67;1977;134;1177;228;16.9;45.8;1.011
29/06/2004;13.00.00;0.1;647;333;0.1;383;301;1744;133;1018;412;24.3;32.3;1.127
29/06/2004;14.00.00;2.3;647;7;4.3;383;290;1787;134;976;302;13.1;19.6;0.982
29/06/2004;15.00.00;1.8;647;161;7.0;383;72;1878;144;1247;228;7.3;58.6;1.42
29/06/2004;16.00.00;3.1;681;121;10.1;383;36;1902;110;848;228;25.2;52.9;1.927
29/06/2004;17.00.00;1.7;647;232;3.4;383;407;1720;43;551;600;7.4;47.3;1.568
29/06/2004;18.00.00;1.7;647;26;6.0;383;145;1914;212;1553;228;12.1;51.7;0.86
29/06/2004;19.00.00;3.2;915;23;7.3;383;2;1964;94;712;228;21.4;63.2;1.202
29/06/2004;20.00.00;2.6;725;424;6.3;383;223;1931;78;574;317;20.7;54.3;0.682
29/06/2004;21.00.00;2.6;718;276;6.9;383;184;1786;54;551;228;16.7;54.3;1.486
29/06/2004;22.00.00;2.8;850;229;10.1;383;544;1599;120;915;556;29.3;73.3;1.005
29/06/2004;23.00.00;0.1;647;252;3.1;383;166;1903;114;1012;331;25.8;49.9;1.321
30/06/2004;00.00.00;3.2;918;231;9.1;383;198;1845;107;885;228;17.1;37.4;1.134
30/06/2004;01.00.00;3.0;894;312;12.3;383;279;1877;184;1348;228;13.5;71.2;0.18
30/06/2004;02.00.00;0.7;647;157;2.4;383;158;2003;144;1188;228;20.1;39.3;0.992
30/06/2004;03.00.00;1.8;647;235;6.3;383;313;1657;64;571;348;19.5;28.3;1.11
30/06/2004;04.00.00;2.1;647;239;6.6;383;90;1745;212;1708;228;27.5;56.0;1.17
30/06/2004;05.00.00;2.0;647;118;5.9;383;209;1793;40;551;228;16.4;60.0;0.637
30/06/2004;06.00.00;2.6;821;339;9.3;383;308;1674;107;796;361;26.2;35.5;0.478
30/06/2004;07.00.00;4.2;1249;175;14.8;383;420;1628;77;657;592;7.3;63.3;1.084
30/06/2004;08.00.00;3.7;973;314;10.0;383;156;2020;130;1093;228;20.8;48.8;1.045
30/06/2004;09.00.00;0.3;647;228;0.6;383;154;2092;143;1170;228;12.3;41.0;0.83
30/06/2004;10.00.00;3.0;865;373;13.0;383;481;1538;93;885;608;18.0;49.5;0.784
30/06/2004;11.00.00;4.0;1013;119;13.2;383;161;1888;163;1290;257;16.2;38.5;1.496
30/06/2004;12.00.00;2.7;881;114;9.2;383;237;1826;122;876;280;9.1;48.8;0.696
30/06/2004;13.00.00;3.7;1028;131;14.1;383;508;1621;183;1598;660;12.1;77.4;0.772
30/06/2004;14.00.00;5.0;1413;230;14.9;383;256;1685;157;1109;265;14.3;43.3;0.18
30/06/2004;15.00.00;3.6;957;364;11.4;383;208;1932;90;691;228;32.0;42.7;1.323
30/06/2004;16.00.00;2.5;647;369;9.6;383;219;1896;163;1235;333;13.7;34.4;1.061
30/06/2004;17.00.00;3.6;963;7;14.0;383;132;1855;82;648;228;2.8;41.4;1.625
30/06/2004;18.00.00;2.4;676;241;2.8;383;314;1846;143;1133;330;12.1;27.5;0.645
30/06/2004;19.00.00;2.2;665;7;5.5;383;104;1800;138;1029;228;3.9;41.2;0.38
30/06/2004;20.00.00;1.7;647;293;3.3;383;365;1572;88;790;515;9.6;37.0;0.678
30/06/2004;21.00.00;4.3;1242;324;13.6;383;248;1822;17;551;291;-1.5;44.8;1.358
30/06/2004;22.00.00;1.0;647;214;1.4;383;282;1808;183;1568;298;13.0;31.3;1.442
30/06/2004;23.00.00;4.3;1242;225;15.1;434;510;1578;133;971;731;21.0;88.7;1.045
01/07/2004;00.00.00;2.8;916;224;9.5;383;24;2069;113;825;228;14.7;35.2;1.026
01/07/2004;01.00.00;0.2;647;143;2.4;383;249;1747;113;822;279;15.1;42.1;1.639
01/07/2004;02.00.00;2.7;810;259;10.4;383;343;1821;159;1319;286;38.4;53.4;1.238
01/07/2004;03.00.00;0.1;647;196;1.7;383;151;1941;217;1882;228;13.2;55.8;1.0
01/07/2004;04.00.00;3.0;726;306;9.0;383;391;1835;156;1226;585;19.7;61.5;0.716
01/07/2004;05.00.00;3.4;865;207;11.1;383;162;1728;130;860;228;18.8;44.6;1.267
01/07/2004;06.00.00;1.3;647;136;3.3;383;290;1728;126;1051;292;20.0;34.5;0.518
01/07/2004;07.00.00;2.3;649;72;4.7;383;227;1745;130;1096;269;13.1;74.2;0.514
01/07/2004;08.00.00;4.9;1403;40;17.5;383;270;1845;64;551;368;24.1;34.0;0.925
01/07/2004;09.00.00;1.4;647;342;4.4;383;257;1919;141;1173;332;27.5;45.3;1.611
01/07/2004;10.00.00;0.7;647;174;0.1;383;241;1777;50;551;292;18.5;49.9;0.503
01/07/2004;11.00.00;4.2;1283;250;14.6;425;173;1909;134;909;228;27.3;59.5;1.447
01/07/2004;12.00.00;4.9;1378;387;15.2;383;144;2000;90;812;282;22.3;56.4;1.264
01/07/2004;13.00.00;2.2;647;164;2.8;383;294;1790;154;1330;228;19.3;39.1;0.547
01/07/2004;14.00.00;3.6;993;158;8.7;383;254;1852;131;1025;395;9.7;52.5;1.119
01/07/2004;15.00.00;4.0;1063;205;11.5;383;140;1729;96;820;330;17.0;22.6;0.711
01/07/2004;16.00.00;1.1;647;220;4.0;383;298;1886;64;674;417;26.0;86.4;0.713
01/07/2004;17.00.00;1.5;647;397;6.3;383;175;1835;183;1418;228;14.9;35.3;1.473
01/07/2004;18.00.00;3.9;1126;366;13.9;383;483;1826;108;963;603;18.6;64.3;0.95
01/07/2004;19.00.00;4.5;1361;276;15.6;389;626;1430;196;1591;659;9.4;32.4;0.93
01/07/2004;20.00.00;2.9;661;355;9.3;383;458;1671;53;551;473;21.0;59.9;0.995
01/07/2004;21.00.00;0.9;647;201;6.4;383;449;1706;100;661;583;21.7;31.7;1.519
01/07/2004;22.00.00;4.9;1276;246;17.2;383;370;1503;4;551;491;36.8;64.2;0.9
01/07/2004;23.00.00;1.4;647;189;4.9;383;213;1971;149;1089;286;19.9;81.4;1.313
02/07/2004;00.00.00;1.7;647;95;6.5;383;2;2057;153;1303;228;20.4;50.2;1.316
02/07/2004;01.00.00;2.6;789;332;7.6;383;89;1809;83;551;295;16.8;58.6;0.337
02/07/2004;02.00.00;4.3;1229;268;13.7;383;142;1915;81;664;228;17.3;65.6;1.445
02/07/2004;03.00.00;3.3;1044;219;6.5;383;430;1684;94;729;507;15.6;39.2;1.493
02/07/2004;04.00.00;2.7;716;217;8.0;383;285;1761;101;946;348;28.9;65.1;1.265
02/07/2004;05.00.00;2.8;840;74;12.5;383;145;1836;86;707;228;13.9;41.3;0.812
02/07/2004;06.00.00;2.2;647;125;7.4;383;2;1992;164;1368;228;27.2;85.8;0.667
02/07/2004;07.00.00;2.9;689;249;9.6;383;600;1588;90;689;918;17.3;28.4;0.967
02/07/2004;08.00.00;0.1;647;167;2.3;383;327;1803;21;551;325;11.3;51.7;0.296
02/07/2004;09.00.00;1.7;647;197;6.3;383;385;1692;100;890;409;13.5;31.6;1.17
02/07/2004;10.00.00;2.5;785;208;6.4;383;164;1887;88;708;228;12.5;69.3;0.499
02/07/2004;11.00.00;0.5;647;153;1.8;383;224;1810;50;551;228;13.7;88.7;1.143
02/07/2004;12.00.00;2.7;660;126;6.3;383;193;1767;122;1067;233;8.3;53.8;0.84
02/07/2004;13.00.00;1.9;647;64;6.3;383;255;1790;20;551;272;12.0;81.8;1.159
02/07/2004;14.00.00;4.6;1451;204;13.1;383;528;1518;131;1170;623;-1.8;63.1;0.809
02/07/2004;15.00.00;4.4;1227;276;15.8;383;61;1870;111;994;228;18.8;77.5;0.967
02/07/2004;16.00.00;1.5;647;61;3.8;383;239;1614;85;665;269;13.5;62.9;0.715
02/07/2004;17.00.00;1.9;647;215;4.6;383;301;1726;57;551;238;16.2;78.9;1.104
02/07/2004;18.00.00;2.0;647;244;6.3;383;228;1880;42;551;248;11.4;76.5;1.369
02/07/2004;19.00.00;1.5;647;123;5.6;383;398;1779;155;1137;468;28.9;40.7;1.483
02/07/2004;20.00.00;2.4;718;353;5.3;383;2;2034;98;781;228;2.9;41.2;0.854
02/07/2004;21.00.00;1.1;647;181;2.4;383;534;1468;32;551;620;25.5;45.6;0.18
02/07/2004;22.00.00;0.6;647;208;2.0;383;36;1958;112;767;228;5.4;38.5;0.799
02/07/2004;23.00.00;3.0;859;202;12.3;383;73;1849;99;800;228;12.1;58.5;1.278
03/07/2004;00.00.00;3.0;887;49;4.6;383;177;2010;180;1420;293;20.9;74.0;1.408
03/07/2004;01.00.00;1.0;647;313;4.5;383;146;1851;93;651;337;33.6;57.9;1.761
03/07/2004;02.00.00;3.4;887;127;10.1;383;310;1711;160;1259;321;24.2;43.7;0.734
03/07/2004;03.00.00;1.3;647;195;3.1;383;293;1839;102;923;381;-1.9;53.1;1.622
03/07/2004;04.00.00;2.5;694;274;6.7;383;263;1786;56;551;335;20.8;15.7;0.875
03/07/2004;05.00.00;3.3;946;356;9.8;383;29;2062;135;1135;228;11.5;29.8;1.18
03/07/2004;06.00.00;2.1;647;115;8.0;383;224;1730;171;1457;228;37.2;43.9;1.17
03/07/2004;07.00.00;2.8;852;175;7.8;383;249;1807;156;1283;369;20.5;57.8;1.504
03/07/2004;08.00.00;1.4;647;349;7.9;383;434;1692;128;995;491;25.6;44.8;0.356
03/07/2004;09.00.00;1.9;647;262;7.2;383;276;1569;160;1294;424;11.0;52.5;0.457
03/07/2004;10.00.00;1.9;647;281;6.4;383;304;1701;121;883;364;10.5;45.0;1.046
03/07/2004;11.00.00;1.1;647;118;3.2;383;546;1513;116;940;746;17.6;42.3;0.57
03/07/2004;12.00.00;1.9;647;181;8.5;383;68;1949;42;551;228;12.0;29.6;1.035
03/07/2004;13.00.00;0.1;647;202;3.0;383;186;1825;123;1090;285;20.6;56.6;1.361
03/07/2004;14.00.00;1.5;647;136;2.4;383;72;1965;185;1457;228;14.4;41.3;1.573
03/07/2004;15.00.00;1.8;647;58;4.2;383;491;1587;34;551;579;17.8;51.3;0.634
03/07/2004;16.00.00;1.8;647;169;7.0;383;502;1689;50;551;573;25.7;38.3;0.566
03/07/2004;17.00.00;1.8;647;346;7.7;383;479;1784;97;830;611;18.3;59.0;1.197
03/07/2004;18.00.00;2.1;647;223;6.0;383;329;1616;47;551;451;15.9;50.9;1.33
03/07/2004;19.00.00;2.8;786;348;7.5;383;304;1758;145;1126;364;12.3;53.6;0.735
03/07/2004;20.00.00;3.4;950;235;11.0;383;175;1946;30;551;273;13.8;36.0;0.671
03/07/2004;21.00.00;1.2;647;145;6.9;383;363;1652;145;1236;377;23.7;35.1;1.314
03/07/2004;22.00.00;0.5;647;339;1.6;383;49;1982;161;1328;228;16.9;54.3;1.422
03/07/2004;23.00.00;0.7;647;238;0.1;383;49;1930;144;1212;228;10.3;24.8;1.007
04/07/2004;00.00.00;1.5;647;309;4.9;383;181;1774;113;987;238;14.8;63.8;1.226
04/07/2004;01.00.00;1.7;647;116;6.9;383;534;1490;138;1058;632;24.6;47.1;0.677
04/07/2004;02.00.00;1.1;647;316;3.2;383;167;1668;57;551;273;15.4;32.4;0.782
04/07/2004;03.00.00;0.3;647;319;3.6;383;188;1862;125;869;351;-1.9;23.5;0.924
04/07/2004;04.00.00;1.5;647;245;6.6;383;290;1786;83;676;395;25.2;66.2;0.76
04/07/2004;05.00.00;2.4;758;141;7.6;383;383;1617;155;1183;333;16.0;10.8;0.345
04/07/2004;06.00.00;3.0;900;213;9.6;383;437;1627;147;1212;463;24.4;57.0;0.774
04/07/2004;07.00.00;1.4;647;276;0.7;383;74;1824;74;685;228;14.7;51.4;1.149
04/07/2004;08.00.00;1.6;647;240;7.5;383;231;1857;129;1113;239;21.8;59.8;0.831
04/07/2004;09.00.00;0.9;647;275;2.1;383;280;1743;131;1064;343;22.6;30.6;1.34
04/07/2004;10.00.00;2.1;647;314;5.9;383;295;1825;90;728;313;12.1;37.6;0.849
04/07/2004;11.00.00;1.0;647;156;2.0;383;378;1671;114;911;523;7.3;54.5;0.593
04/07/2004;12.00.00;3.0;736;108;10.4;383;371;1623;137;1270;488;8.8;49.9;1.045
04/07/2004;13.00.00;0.1;647;214;0.1;383;249;1757;91;682;249;19.6;63.9;1.301
04/07/2004;14.00.00;1.6;647;186;3.3;383;422;1782;70;570;575;16.8;48.2;0.643
04/07/2004;15.00.00;2.6;728;292;8.1;383;394;1852;123;977;546;17.8;72.7;0.238
04/07/2004;16.00.00;2.4;730;115;6.5;383;381;1573;184;1410;506;21.4;51.4;1.131
04/07/2004;17.00.00;5.9;1604;314;19.6;538;165;1940;105;815;228;15.4;76.6;1.304
04/07/2004;18.00.00;2.6;752;346;7.3;383;355;1627;96;770;722;14.4;78.2;0.303
04/07/2004;19.00.00;0.7;647;218;5.6;383;430;1595;74;551;403;11.4;78.8;1.403
04/07/2004;20.00.00;2.0;647;223;7.8;383;167;1882;168;1477;228;21.0;36.5;0.784
04/07/2004;21.00.00;0.1;647;145;1.7;383;266;1826;155;1298;320;31.6;69.7;0.895
04/07/2004;22.00.00;2.0;647;166;5.3;383;485;1553;105;935;684;14.0;48.6;0.846
04/07/2004;23.00.00;1.0;647;179;8.0;383;306;1803;75;588;347;21.6;48.7;0.854
05/07/2004;00.00.00;3.4;1013;355;10.1;383;232;1908;74;573;371;28.6;63.0;0.895
05/07/2004;01.00.00;1.4;647;211;3.0;383;469;1682;71;558;518;12.6;43.0;1.076
05/07/2004;02.00.00;2.0;647;92;7.8;383;174;1783;89;658;246;32.0;20.7;0.863
05/07/2004;03.00.00;1.3;647;242;4.4;383;2;1962;86;792;228;10.5;49.4;1.608
05/07/2004;04.00.00;4.6;1290;296;13.0;383;126;1968;77;732;228;22.4;81.2;1.043
05/07/2004;05.00.00;1.7;678;215;9.8;383;419;1788;166;1376;567;9.1;43.1;1.189
05/07/2004;06.00.00;4.7;1350;357;17.0;383;325;1637;189;1648;507;22.2;47.7;1.804
05/07/2004;07.00.00;3.3;758;291;10.5;383;256;1819;60;677;301;12.8;55.7;1.326
05/07/2004;08.00.00;2.8;747;118;13.8;385;408;1732;85;832;413;-0.4;42.8;2.113
05/07/2004;09.00.00;2.7;647;165;10.2;383;271;1671;67;551;303;29.2;45.6;0.903
05/07/2004;10.00.00;2.7;729;239;8.6;383;211;1911;128;832;249;19.7;51.2;1.323
05/07/2004;11.00.00;0.1;647;59;4.9;383;373;1870;96;832;527;13.7;42.0;1.193
05/07/2004;12.00.00;1.8;647;249;6.9;383;187;1903;63;551;228;16.1;71.3;1.092
05/07/2004;13.00.00;3.3;811;50;11.9;383;321;1788;192;1547;438;16.5;85.0;1.205
05/07/2004;14.00.00;2.1;647;315;5.9;383;124;1840;136;1072;228;15.1;56.8;1.035
05/07/2004;15.00.00;0.2;647;304;0.7;383;84;1893;65;635;228;14.9;40.7;1.332
05/07/2004;16.00.00;2.1;647;265;5.8;383;113;1857;185;1358;235;16.9;57.7;0.711
05/07/2004;17.00.00;4.5;1261;153;17.4;403;242;1735;57;586;313;33.9;29.6;0.527
05/07/2004;18.00.00;3.9;979;234;9.2;383;146;1863;142;1278;228;-0.2;25.5;1.146
05/07/2004;19.00.00;2.1;647;169;9.3;383;151;1903;229;1844;228;1.9;47.6;1.369
05/07/2004;20.00.00;3.5;1128;120;9.4;383;222;1753;106;876;272;21.6;70.4;1.23
05/07/2004;21.00.00;1.6;647;185;5.1;383;234;1784;99;698;243;-1.9;72.9;0.343
05/07/2004;22.00.00;0.1;647;284;0.1;383;8;2018;121;1048;228;14.0;55.7;1.375
05/07/2004;23.00.00;0.9;647;222;1.7;383;2;1829;219;1860;228;11.7;60.9;1.006
06/07/2004;00.00.00;4.3;1142;355;15.3;383;307;1830;183;1532;389;17.7;53.0;1.485
06/07/2004;01.00.00;1.8;647;290;5.6;383;267;1803;91;634;317;13.0;47.3;0.439
06/07/2004;02.00.00;1.8;647;280;4.5;383;36;1989;127;892;228;16.8;28.6;1.467
06/07/2004;03.00.00;1.7;647;65;5.8;383;312;1842;157;1239;303;11.8;69.3;0.977
06/07/2004;04.00.00;4.8;1412;190;14.0;383;312;1825;92;745;228;7.9;41.8;1.866
06/07/2004;05.00.00;4.4;1295;116;13.1;383;199;1888;58;551;228;15.9;63.0;1.142
06/07/2004;06.00.00;5.3;1512;200;13.8;383;545;1585;165;1301;548;22.1;48.4;1.271
06/07/2004;07.00.00;1.9;647;152;5.3;383;440;1647;137;1184;557;23.0;32.8;0.784
06/07/2004;08.00.00;2.6;731;182;9.2;383;184;1805;128;1116;228;19.4;34.9;0.876
06/07/2004;09.00.00;0.1;647;318;0.4;383;187;1772;166;1366;228;28.2;39.2;0.933
06/07/2004;10.00.00;4.2;1182;263;17.1;383;22;2012;58;551;228;18.7;50.9;1.047
06/07/2004;11.00.00;0.5;647;313;6.9;383;433;1684;101;781;461;24.6;69.1;0.903
06/07/2004;12.00.00;2.5;821;65;6.9;383;283;1784;239;1825;420;15.9;61.1;1.256
06/07/2004;13.00.00;0.6;647;223;0.3;383;371;1594;140;1076;355;21.7;35.5;1.444
06/07/2004;14.00.00;1.3;647;309;6.5;383;2;1785;143;1078;228;33.7;26.7;1.237
06/07/2004;15.00.00;1.0;647;361;3.8;383;364;1712;118;1041;340;19.4;60.4;1.095
06/07/2004;16.00.00;1.3;647;70;6.4;383;168;1718;24;551;323;27.6;81.9;0.87
06/07/2004;17.00.00;1.4;647;184;5.3;383;335;1757;73;551;380;18.1;65.3;0.18
06/07/2004;18.00.00;1.4;647;316;4.0;383;325;1895;156;1269;477;8.0;83.6;1.289
06/07/2004;19.00.00;3.3;1032;199;10.2;383;242;1832;86;553;290;19.3;40.5;0.712
06/07/2004;20.00.00;0.6;647;131;2.8;383;139;1853;104;752;263;22.3;49.0;0.792
06/07/2004;21.00.00;2.5;647;70;7.4;383;307;1670;126;1082;302;24.8;71.6;0.78
06/07/2004;22.00.00;3.9;1078;127;14.8;383;118;1859;66;551;228;12.5;21.2;1.114
06/07/2004;23.00.00;1.4;647;57;2.0;383;406;1671;51;551;551;44.6;55.5;1.429
07/07/2004;00.00.00;1.1;647;223;6.1;383;135;1977;112;817;228;26.6;54.4;0.722
07/07/2004;01.00.00;1.8;647;303;2.1;383;249;1811;95;634;228;28.1;72.8;0.376
07/07/2004;02.00.00;3.8;1029;98;12.5;383;131;1871;123;877;228;25.0;32.5;1.135
07/07/2004;03.00.00;2.4;648;242;7.1;383;270;1837;44;551;362;11.3;45.2;0.524
07/07/2004;04.00.00;1.4;647;298;1.5;383;88;2047;87;563;228;14.7;37.4;0.813
07/07/2004;05.00.00;2.8;795;217;4.9;383;122;1927;146;1148;237;22.5;47.2;0.645
07/07/2004;06.00.00;0.6;647;64;0.1;383;597;1537;254;2035;792;3.2;28.1;1.027
07/07/2004;07.00.00;3.1;913;254;10.0;383;375;1567;118;1009;445;14.2;58.0;1.183
07/07/2004;08.00.00;2.7;748;212;7.5;383;302;1649;145;1235;398;14.0;51.9;1.239
07/07/2004;09.00.00;1.7;647;203;3.4;383;324;1621;136;981;448;22.8;44.3;0.914
07/07/2004;10.00.00;1.0;647;166;5.8;383;292;1750;127;910;419;10.1;53.8;1.56
07/07/2004;11.00.00;0.9;647;226;0.4;383;232;1747;145;1055;319;34.1;56.5;0.676
07/07/2004;12.00.00;2.9;918;266;10.6;383;361;1670;66;599;387;43.8;74.3;0.513
07/07/2004;13.00.00;3.9;975;445;10.6;383;119;1836;95;794;228;21.5;47.4;0.577
07/07/2004;14.00.00;1.3;647;228;1.8;383;490;1547;124;971;600;28.0;71.6;2.044
07/07/2004;15.00.00;2.8;859;361;7.7;383;264;1640;66;551;417;22.0;35.2;0.513
07/07/2004;16.00.00;0.1;647;251;1.6;383;368;1722;133;1082;548;13.7;38.4;1.486
07/07/2004;17.00.00;1.3;647;208;1.5;383;486;1666;21;551;609;10.5;76.2;0.897
07/07/2004;18.00.00;2.1;647;232;7.3;383;321;1748;151;1320;348;20.7;69.7;1.314
07/07/2004;19.00.00;0.9;647;101;0.9;383;121;1931;105;728;228;12.6;20.2;0.18
07/07/2004;20.00.00;0.8;647;247;1.1;383;432;1691;146;1256;431;26.1;11.8;0.838
07/07/2004;21.00.00;1.2;647;28;4.7;383;505;1629;160;1167;557;12.9;74.6;1.263
07/07/2004;22.00.00;2.6;672;136;12.5;383;2;2066;180;1413;228;19.8;46.8;1.219
07/07/2004;23.00.00;1.9;712;228;4.2;383;230;1910;125;965;356;11.1;38.3;1.598
08/07/2004;00.00.00;0.1;647;331;1.8;383;290;1893;29;551;228;10.6;53.4;0.387
08/07/2004;01.00.00;0.1;647;353;0.1;383;205;1681;28;551;279;29.6;39.1;1.237
08/07/2004;02.00.00;1.3;647;195;3.2;383;55;1993;52;551;252;14.3;49.1;1.105
08/07/2004;03.00.00;2.8;694;232;11.1;383;110;1814;147;1094;228;14.8;44.0;0.944
08/07/2004;04.00.00;0.1;647;311;0.1;383;2;2110;45;551;228;12.8;42.6;1.022
08/07/2004;05.00.00;1.5;647;91;2.3;383;392;1691;101;708;437;14.0;16.3;0.775
08/07/2004;06.00.00;1.4;647;256;5.4;383;456;1657;92;710;426;17.1;31.5;0.625
08/07/2004;07.00.00;4.1;1271;139;16.3;383;454;1646;130;1042;473;1.8;67.8;1.224
08/07/2004;08.00.00;1.6;686;201;6.7;383;241;1823;147;1158;232;24.5;62.1;1.367
08/07/2004;09.00.00;2.7;772;174;5.8;383;287;1901;117;1008;278;21.2;52.6;1.03
08/07/2004;10.00.00;2.3;647;259;6.3;383;409;1771;151;1031;502;25.0;62.6;1.082
08/07/2004;11.00.00;0.1;647;270;2.3;383;210;1960;60;551;228;28.4;50.3;1.067
08/07/2004;12.00.00;3.2;881;302;13.5;383;100;1903;161;1229;228;19.2;19.9;1.725
08/07/2004;13.00.00;2.5;760;251;8.3;383;158;1703;119;1001;236;18.8;30.1;0.479
08/07/2004;14.00.00;2.9;697;234;8.0;383;272;1841;149;1198;495;22.8;57.3;1.119
08/07/2004;15.00.00;7.6;2040;394;27.8;707;136;1801;88;792;228;7.5;19.4;0.897
08/07/2004;16.00.00;0.1;647;73;0.2;383;318;1716;14;551;315;15.1;35.3;0.8
08/07/2004;17.00.00;4.6;1143;379;13.4;383;38;1964;144;1258;228;25.8;36.9;1.444
08/07/2004;18.00.00;1.7;647;190;4.0;383;208;1833;106;861;338;24.9;53.3;1.175
08/07/2004;19.00.00;2.6;779;272;5.8;383;308;1805;170;1262;309;35.6;45.5;0.938
08/07/2004;20.00.00;2.1;678;187;12.3;383;266;1713;133;1000;250;17.4;52.2;1.34
08/07/2004;21.00.00;1.6;647;151;7.8;383;133;1943;254;1990;289;27.7;57.1;0.704
08/07/2004;22.00.00;1.4;647;264;3.0;383;358;1698;174;1401;343;17.5;55.1;1.598
08/07/2004;23.00.00;2.6;647;317;11.8;389;286;1979;101;880;483;9.2;63.6;1.121
09/07/2004;00.00.00;0.1;647;262;1.4;383;2;1871;36;551;228;19.4;51.8;1.304
09/07/2004;01.00.00;3.2;985;166;11.2;383;315;1757;71;622;481;16.2;32.1;0.722
09/07/2004;02.00.00;1.6;647;561;3.6;383;181;1904;67;551;298;14.6;27.8;0.783
09/07/2004;03.00.00;0.6;647;331;0.8;383;165;1834;87;774;282;9.4;55.8;1.122
09/07/2004;04.00.00;1.5;647;306;4.8;383;119;1858;106;864;228;15.9;47.2;0.426
09/07/2004;05.00.00;3.9;1046;184;8.6;383;92;2031;128;1089;228;11.3;48.7;1.608
09/07/2004;06.00.00;1.4;647;158;3.5;383;277;1845;178;1313;434;33.9;37.8;0.854
09/07/2004;07.00.00;2.7;671;191;8.5;383;329;1672;71;605;376;25.3;47.8;1.328
09/07/2004;08.00.00;1.1;647;320;6.2;383;269;1665;46;551;228;8.7;23.1;1.286
09/07/2004;09.00.00;3.2;737;123;9.0;383;391;1734;152;1121;364;13.2;25.1;1.643
09/07/2004;10.00.00;3.1;884;116;11.6;383;334;1757;176;1467;275;14.8;88.7;0.604
09/07/2004;11.00.00;4.7;1313;269;11.0;383;2;2044;89;681;228;16.3;12.3;1.129
09/07/2004;12.00.00;1.9;647;248;8.4;383;105;1904;162;1346;228;11.3;31.2;1.28
09/07/2004;13.00.00;3.1;879;144;8.1;383;427;1726;149;1121;463;17.1;29.0;0.501
09/07/2004;14.00.00;2.3;722;114;7.6;383;51;2086;30;551;228;26.1;29.0;0.846
09/07/2004;15.00.00;4.0;1092;354;13.5;383;2;2120;82;650;228;15.0;41.0;1.079
09/07/2004;16.00.00;1.1;647;251;4.1;383;526;1513;90;683;680;8.5;26.6;0.825
09/07/2004;17.00.00;3.2;915;88;10.0;383;291;1966;208;1746;440;1.9;60.8;0.18
09/07/2004;18.00.00;1.9;647;95;3.5;383;141;1939;137;1092;228;2.3;50.3;0.312
09/07/2004;19.00.00;2.1;741;183;4.8;383;116;1792;88;963;228;20.3;56.6;1.865
09/07/2004;20.00.00;2.3;647;287;9.3;383;342;1761;79;729;419;19.0;53.2;1.482
09/07/2004;21.00.00;2.5;753;274;6.8;383;319;1763;37;551;329;16.4;37.0;1.257
09/07/2004;22.00.00;2.0;647;325;6.2;383;296;1753;164;1319;325;13.3;35.6;0.952
09/07/2004;23.00.00;2.5;674;76;4.9;383;217;1810;131;1061;310;14.6;71.4;0.736
10/07/2004;00.00.00;4.4;1269;239;15.7;383;50;2016;142;1057;228;20.1;50.9;1.162
10/07/2004;01.00.00;3.5;1007;353;8.7;383;240;1864;51;551;331;13.3;51.1;0.623
10/07/2004;02.00.00;3.4;829;344;12.6;383;408;1625;148;1152;582;18.4;50.7;1.404
10/07/2004;03.00.00;1.5;647;252;2.7;383;163;1826;101;792;228;16.0;50.5;1.221
10/07/2004;04.00.00;0.9;647;441;4.9;383;337;1683;78;642;566;18.8;24.3;1.037
10/07/2004;05.00.00;3.5;939;275;11.2;383;184;1838;137;1027;286;0.5;55.4;0.893
10/07/2004;06.00.00;3.4;841;317;9.7;383;368;1776;55;551;413;24.5;88.7;0.887
10/07/2004;07.00.00;4.2;1269;222;16.7;475;96;2019;121;932;228;20.2;50.2;1.13
10/07/2004;08.00.00;1.3;647;143;4.0;383;248;1784;100;763;283;14.2;78.4;0.522
10/07/2004;09.00.00;1.8;647;134;5.1;383;315;1835;164;1302;315;15.5;51.5;1.95
10/07/2004;10.00.00;0.1;647;235;2.1;383;142;1921;155;1187;268;22.2;54.1;0.836
10/07/2004;11.00.00;1.6;647;197;2.2;383;301;1769;117;813;416;17.0;54.5;0.52
10/07/2004;12.00.00;3.5;941;49;6.3;383;241;1956;126;1025;238;22.8;16.0;1.325
10/07/2004;13.00.00;1.5;647;120;7.1;383;239;1834;141;950;228;18.9;23.3;0.816
10/07/2004;14.00.00;3.0;904;187;8.1;383;142;1875;112;720;228;25.4;46.0;0.808
10/07/2004;15.00.00;1.9;647;287;7.8;383;398;1747;73;593;558;10.3;78.4;1.023
10/07/2004;16.00.00;2.6;722;216;8.4;383;101;1820;89;704;228;19.0;41.1;0.794
10/07/2004;17.00.00;0.5;647;211;0.1;383;288;1751;54;551;234;3.8;57.8;0.781
10/07/2004;18.00.00;2.3;667;124;8.5;383;116;1928;157;1312;228;10.3;33.1;0.941
10/07/2004;19.00.00;0.1;647;220;0.1;383;235;1868;132;898;361;7.2;65.1;1.56
10/07/2004;20.00.00;1.9;647;343;3.9;383;344;1743;92;692;402;16.7;24.0;0.923
10/07/2004;21.00.00;0.1;647;232;0.1;383;201;1735;78;589;238;15.3;67.4;0.929
10/07/2004;22.00.00;3.8;1158;74;8.8;383;2;1927;124;1019;228;13.1;48.3;1.432
10/07/2004;23.00.00;3.2;950;99;11.2;383;40;1933;45;551;228;7.3;45.8;0.211
11/07/2004;00.00.00;2.8;936;273;7.1;383;2;2017;61;551;228;4.7;60.7;1.252
11/07/2004;01.00.00;4.3;1329;196;13.6;383;256;1691;112;900;273;8.9;71.9;1.271
11/07/2004;02.00.00;0.8;647;210;2.3;383;245;1916;230;1819;264;25.0;22.5;1.045
11/07/2004;03.00.00;4.6;1219;159;12.8;383;192;1871;134;1004;245;18.2;60.7;0.862
11/07/2004;04.00.00;3.5;862;265;8.0;383;150;1902;121;979;228;10.6;20.8;1.017
11/07/2004;05.00.00;1.8;647;189;10.9;383;279;1762;56;551;384;17.2;37.6;0.882
11/07/2004;06.00.00;3.7;1107;200;11.9;383;24;1864;68;565;228;20.1;9.2;1.104
11/07/2004;07.00.00;0.6;647;137;5.6;383;392;1693;178;1537;524;18.8;44.4;0.906
11/07/2004;08.00.00;1.0;647;305;5.5;383;257;1853;90;698;319;13.7;52.4;1.433
11/07/2004;09.00.00;1.3;647;196;3.5;383;101;1906;116;1096;228;13.7;65.3;0.852
11/07/2004;10.00.00;1.4;647;275;4.9;383;181;1939;141;1179;228;14.2;54.4;0.925
11/07/2004;11.00.00;0.7;647;104;2.5;383;225;1814;92;859;321;27.7;49.9;1.31
11/07/2004;12.00.00;3.9;1147;382;16.0;449;34;2027;88;739;228;22.7;64.8;1.275
11/07/2004;13.00.00;1.8;647;339;7.4;383;348;1712;30;551;365;28.3;71.9;1.06
11/07/2004;14.00.00;2.6;707;36;6.8;383;393;1715;54;551;359;18.9;66.8;0.875
11/07/2004;15.00.00;1.4;647;141;5.0;383;263;1858;141;1003;269;10.1;84.4;0.923
11/07/2004;16.00.00;0.1;647;263;1.9;383;389;1601;91;578;311;28.4;39.9;2.127
11/07/2004;17.00.00;2.5;647;92;5.7;383;651;1530;145;1141;859;15.4;70.7;1.392
11/07/2004;18.00.00;0.1;647;205;1.3;383;2;2082;36;551;228;9.1;24.1;1.184
11/07/2004;19.00.00;2.1;647;258;9.3;383;253;1972;151;1169;325;10.3;27.8;0.974
11/07/2004;20.00.00;0.2;647;200;0.1;383;40;1973;111;787;228;23.5;48.8;1.604
11/07/2004;21.00.00;4.9;1310;269;14.3;424;484;1444;42;551;723;19.1;40.9;0.18
11/07/2004;22.00.00;3.4;970;152;13.3;448;283;1630;167;1255;396;12.2;61.0;1.316
11/07/2004;23.00.00;2.3;683;7;6.6;383;139;1817;45;551;228;12.1;56.8;1.062
12/07/2004;00.00.00;3.9;1151;311;10.6;383;206;1937;164;1320;228;39.6;75.8;1.101
12/07/2004;01.00.00;1.0;647;310;4.9;383;450;1815;111;978;490;21.6;58.2;1.508
12/07/2004;02.00.00;2.9;709;455;10.5;383;315;1715;70;628;366;16.5;57.0;1.638
12/07/2004;03.00.00;2.4;655;8;8.0;383;334;1736;201;1561;432;21.6;29.7;1.004
12/07/2004;04.00.00;2.5;751;289;10.3;383;473;1414;132;1042;596;2.8;44.7;0.988
12/07/2004;05.00.00;3.9;1139;30;15.0;455;392;1738;171;1501;448;10.3;64.8;0.628
12/07/2004;06.00.00;3.2;926;384;10.0;383;417;1676;133;1158;617;11.5;88.7;0.958
12/07/2004;07.00.00;2.6;684;264;12.1;383;226;1798;102;891;228;28.5;34.7;1.618
12/07/2004;08.00.00;0.1;647;127;3.5;383;2;1921;71;600;228;2.2;69.0;0.872
12/07/2004;09.00.00;0.8;647;292;0.1;383;261;1762;104;842;369;10.4;49.3;0.248
12/07/2004;10.00.00;2.0;647;165;4.3;383;144;1776;120;1127;285;18.3;51.0;0.593
12/07/2004;11.00.00;2.3;647;246;2.8;383;366;1637;152;1307;455;14.3;35.1;0.822
12/07/2004;12.00.00;0.6;647;237;1.2;383;2;1896;94;762;228;10.1;40.9;0.703
12/07/2004;13.00.00;5.5;1564;383;15.3;392;372;1620;137;1159;584;15.8;47.5;1.253
12/07/2004;14.00.00;4.3;1192;390;12.0;383;274;1687;193;1528;301;31.0;64.0;1.183
12/07/2004;15.00.00;3.0;785;161;11.8;383;300;1806;120;836;292;24.9;74.6;1.416
12/07/2004;16.00.00;2.3;647;318;3.7;383;340;1635;18;551;339;4.8;40.8;0.879
12/07/2004;17.00.00;1.9;647;251;6.2;383;241;1802;115;885;228;18.6;39.6;1.106
12/07/2004;18.00.00;0.8;647;83;2.9;383;195;1756;108;825;228;3.9;61.8;0.611
12/07/2004;19.00.00;2.3;647;151;7.1;383;419;1580;106;797;427;20.2;44.8;0.884
12/07/2004;20.00.00;2.5;687;439;8.3;383;336;1643;36;551;310;25.4;67.2;1.012
12/07/2004;21.00.00;0.4;647;251;0.1;383;351;1797;126;1114;503;7.0;59.8;1.04
12/07/2004;22.00.00;2.6;778;312;6.8;383;233;1798;87;846;244;21.0;38.9;1.369
12/07/2004;23.00.00;1.9;647;197;9.3;383;262;1730;107;968;228;30.1;64.7;1.162
13/07/2004;00.00.00;0.1;647;166;0.1;383;243;1724;158;1095;261;0.5;57.5;0.964
13/07/2004;01.00.00;0.9;647;220;6.4;383;2;1890;74;678;228;18.8;45.2;1.836
13/07/2004;02.00.00;1.6;647;192;2.2;383;34;1914;108;923;228;19.2;56.9;0.607
13/07/2004;03.00.00;4.8;1465;76;12.3;383;227;1703;103;823;255;17.1;32.2;1.359
13/07/2004;04.00.00;2.9;897;122;7.5;383;2;1963;105;800;228;9.5;42.1;1.003
13/07/2004;05.00.00;0.3;647;285;3.2;383;229;1760;91;709;347;20.3;62.4;1.195
13/07/2004;06.00.00;2.8;753;181;8.0;383;109;1850;94;833;228;14.8;44.4;0.562
13/07/2004;07.00.00;0.1;647;220;1.0;383;234;1911;193;1578;228;20.0;56.7;0.554
13/07/2004;08.00.00;3.7;891;240;11.9;383;272;1762;92;839;317;12.2;24.3;0.886
13/07/2004;09.00.00;1.5;647;247;4.7;383;2;1983;125;1073;228;18.3;48.0;0.985
13/07/2004;10.00.00;2.0;647;326;9.0;383;295;1865;118;1059;364;39.2;53.1;0.564
13/07/2004;11.00.00;4.0;1180;113;14.4;403;177;1749;116;982;417;5.6;38.4;0.791
13/07/2004;12.00.00;0.3;647;272;0.1;383;2;1959;136;997;228;-1.9;50.9;1.128
13/07/2004;13.00.00;0.2;647;289;0.1;383;175;1735;82;551;270;19.1;52.8;0.746
13/07/2004;14.00.00;1.3;647;311;7.8;383;304;1762;180;1493;338;15.4;31.6;1.647
13/07/2004;15.00.00;3.6;1052;83;12.2;383;183;1901;68;598;228;16.4;9.2;0.765
13/07/2004;16.00.00;0.1;647;242;0.1;383;174;1666;105;791;309;9.7;33.6;0.971
13/07/2004;17.00.00;0.1;647;381;0.1;383;269;1853;56;551;337;21.0;13.2;0.9
13/07/2004;18.00.00;1.5;647;208;6.6;383;172;1886;156;1212;336;29.4;61.3;0.497
13/07/2004;19.00.00;2.9;832;263;10.8;383;205;1838;68;551;242;12.2;68.3;0.982
13/07/2004;20.00.00;3.8;926;292;10.4;383;43;1866;149;1079;228;25.8;29.1;0.664
13/07/2004;21.00.00;1.5;647;120;6.3;383;166;1928;125;1009;228;20.2;30.9;1.464
13/07/2004;22.00.00;1.6;647;392;8.2;383;534;1707;121;930;586;21.3;42.6;1.045
13/07/2004;23.00.00;3.8;1048;265;15.0;500;273;1748;166;1362;362;19.4;37.6;0.937
14/07/2004;00.00.00;0.1;647;267;3.5;383;287;1744;83;551;354;14.4;36.2;0.863
14/07/2004;01.00.00;1.6;647;60;6.3;383;147;1883;183;1515;228;23.3;19.7;1.439
14/07/2004;02.00.00;2.4;647;293;7.4;383;185;1819;94;715;238;13.5;48.1;1.028
14/07/2004;03.00.00;2.8;746;266;8.1;383;211;1816;133;984;228;25.8;33.3;0.568
14/07/2004;04.00.00;1.4;647;372;4.6;383;379;1778;103;794;521;27.1;22.2;1.325
14/07/2004;05.00.00;2.2;647;188;5.3;383;429;1651;142;1013;462;16.4;40.7;1.291
14/07/2004;06.00.00;0.1;647;124;0.1;383;176;1882;64;551;228;9.5;51.3;0.639
14/07/2004;07.00.00;1.2;647;153;6.5;383;242;1968;118;954;228;17.8;45.2;0.867
14/07/2004;08.00.00;2.8;771;170;5.7;383;210;1949;113;916;332;26.9;57.5;1.847
14/07/2004;09.00.00;0.8;647;111;0.1;383;362;1626;133;1108;469;14.0;82.0;1.123
14/07/2004;10.00.00;2.2;801;340;8.8;383;317;1885;132;1014;563;19.0;48.1;2.23
14/07/2004;11.00.00;2.8;884;344;8.2;383;232;1924;71;635;379;16.1;72.8;1.535
14/07/2004;12.00.00;1.7;647;199;1.5;383;400;1799;175;1426;445;14.9;24.9;2.003
14/07/2004;13.00.00;2.4;647;180;7.5;383;325;1689;110;947;266;31.2;9.2;0.709
14/07/2004;14.00.00;0.8;647;45;2.2;383;128;1914;148;1317;228;25.4;34.6;1.981
14/07/2004;15.00.00;1.9;663;284;5.1;383;247;1770;52;551;284;11.7;42.0;0.51
14/07/2004;16.00.00;3.0;827;375;11.0;383;218;1834;93;714;228;1.7;28.6;0.927
14/07/2004;17.00.00;2.4;647;157;4.9;383;94;2064;164;1257;228;21.7;59.5;0.712
14/07/2004;18.00.00;1.3;647;206;4.3;383;211;1841;191;1703;335;11.2;38.4;1.023
14/07/2004;19.00.00;2.5;750;259;7.5;383;420;1526;133;1114;435;20.0;46.0;1.247
14/07/2004;20.00.00;3.2;937;381;10.2;383;413;1639;108;893;426;16.2;48.3;0.962
14/07/2004;21.00.00;0.1;647;236;0.1;383;385;1639;62;591;504;28.2;69.6;1.121
14/07/2004;22.00.00;3.8;1111;236;11.0;383;365;1851;151;1211;394;16.7;38.5;0.886
14/07/2004;23.00.00;1.7;647;235;5.4;383;277;1712;127;1059;334;19.7;40.6;1.222
15/07/2004;00.00.00;2.7;777;82;9.9;383;153;1844;2;551;228;35.5;69.9;1.185
15/07/2004;01.00.00;3.8;1140;80;15.9;493;332;1704;29;551;349;27.4;74.0;0.889
15/07/2004;02.00.00;0.2;647;141;2.3;383;2;2126;129;1110;228;3.8;73.9;0.909
15/07/2004;03.00.00;1.2;647;314;4.6;383;143;1962;73;551;228;15.7;73.1;0.512
15/07/2004;04.00.00;1.7;647;186;8.1;383;415;1713;63;564;524;13.6;9.3;1.058
15/07/2004;05.00.00;1.1;647;167;2.8;383;170;1882;108;950;325;22.6;32.3;1.192
15/07/2004;06.00.00;4.6;1224;166;17.8;513;343;1742;129;856;483;13.5;83.9;1.389
15/07/2004;07.00.00;1.0;647;204;5.3;383;190;1853;181;1536;228;5.6;58.6;0.526
15/07/2004;08.00.00;1.4;647;379;3.5;383;330;1900;73;610;335;18.9;79.0;0.672
15/07/2004;09.00.00;2.4;803;203;11.6;383;10;1890;133;993;228;25.6;64.3;1.231
15/07/2004;10.00.00;0.5;647;143;2.4;383;440;1426;63;551;523;16.8;57.9;1.232
15/07/2004;11.00.00;1.6;647;220;9.5;383;75;1975;89;708;228;16.2;58.5;1.338
15/07/2004;12.00.00;2.6;740;384;8.9;383;37;2082;122;962;228;17.3;46.4;1.984
15/07/2004;13.00.00;1.7;647;170;4.3;383;432;1668;105;934;522;11.9;49.7;0.524
15/07/2004;14.00.00;2.0;647;105;4.9;383;245;1645;47;551;419;16.2;29.9;0.718
15/07/2004;15.00.00;1.4;647;170;3.8;383;199;1900;137;1014;294;15.6;39.6;1.083
15/07/2004;16.00.00;0.1;647;230;0.1;383;485;1526;148;1064;593;22.8;41.6;1.035
15/07/2004;17.00.00;2.6;647;283;10.9;383;357;1611;226;1821;528;27.5;55.4;1.15
15/07/2004;18.00.00;4.6;1359;313;14.7;411;177;1779;123;989;270;24.0;61.4;1.652
15/07/2004;19.00.00;2.2;647;118;3.7;383;225;1690;121;1076;244;14.6;65.0;1.911
15/07/2004;20.00.00;2.5;647;127;8.3;383;410;1688;127;981;488;3.1;81.4;0.699
15/07/2004;21.00.00;3.1;816;187;10.2;383;98;1869;47;551;228;16.2;65.1;1.291
15/07/2004;22.00.00;0.4;647;283;0.3;383;466;1520;50;551;579;23.1;62.4;1.598
15/07/2004;23.00.00;4.5;1250;98;15.0;399;178;2047;109;656;247;25.8;26.4;0.761
16/07/2004;00.00.00;2.4;659;160;7.7;383;112;1867;2;551;228;16.1;21.6;1.101
16/07/2004;01.00.00;4.4;1349;161;15.5;437;412;1674;58;551;452;13.4;55.2;0.872
16/07/2004;02.00.00;1.1;647;307;4.7;383;358;1837;89;765;425;8.4;43.8;0.377
16/07/2004;03.00.00;4.7;1185;268;15.8;397;2;2052;161;1304;228;24.5;51.5;0.706
16/07/2004;04.00.00;3.2;932;303;7.8;383;229;1968;125;924;426;5.8;30.4;0.936
16/07/2004;05.00.00;2.9;756;345;13.6;383;76;1882;40;551;228;25.1;49.2;1.575
16/07/2004;06.00.00;2.5;673;188;4.8;383;368;1789;111;886;392;13.4;40.6;1.143
16/07/2004;07.00.00;1.8;647;105;5.5;383;509;1631;141;1142;646;8.7;56.9;1.134
16/07/2004;08.00.00;3.8;1055;105;10.1;383;328;1816;147;1219;564;29.2;59.2;0.963
16/07/2004;09.00.00;2.3;675;43;8.3;383;129;1963;163;1307;228;8.1;54.5;1.103
16/07/2004;10.00.00;0.1;647;174;0.6;383;382;1632;170;1503;301;6.5;29.9;1.132
16/07/2004;11.00.00;0.6;647;181;1.5;383;238;2035;140;1190;299;33.8;46.7;0.301
16/07/2004;12.00.00;1.9;647;292;9.1;383;234;1631;136;1170;228;22.8;77.8;1.258
16/07/2004;13.00.00;2.6;673;219;10.5;383;171;1793;124;1059;251;21.2;40.4;0.992
16/07/2004;14.00.00;2.1;647;171;6.0;383;262;1844;153;1233;376;19.8;37.5;1.484
16/07/2004;15.00.00;3.9;1011;206;13.9;383;235;1835;75;660;264;12.6;62.1;0.637
16/07/2004;16.00.00;0.1;647;119;3.4;383;2;2009;103;925;228;14.0;39.5;1.672
16/07/2004;17.00.00;2.4;647;315;9.7;383;249;1857;79;645;242;31.9;33.7;0.664
16/07/2004;18.00.00;0.1;647;143;0.1;383;224;1752;133;1154;275;17.3;37.3;1.468
16/07/2004;19.00.00;3.2;925;109;7.1;383;299;1827;100;700;253;12.7;65.5;0.815
16/07/2004;20.00.00;2.0;647;295;7.1;383;2;1988;161;1381;228;28.7;45.7;1.254
16/07/2004;21.00.00;2.7;750;272;10.1;383;324;1852;115;862;330;12.0;62.8;1.532
16/07/2004;22.00.00;0.9;647;54;1.5;383;250;1775;164;1208;322;21.8;69.1;1.216
16/07/2004;23.00.00;3.9;1147;299;12.7;383;321;1780;11;551;413;29.1;41.6;0.899
17/07/2004;00.00.00;3.6;967;147;11.4;383;2;2049;78;644;228;16.5;46.3;0.799
17/07/2004;01.00.00;3.0;796;182;12.3;383;57;2026;158;1291;228;0.6;45.0;0.882
17/07/2004;02.00.00;2.0;647;235;10.0;383;2;2001;113;1015;228;25.1;35.5;0.534
17/07/2004;03.00.00;3.0;899;273;11.8;383;268;1762;163;1264;396;28.2;66.1;1.086
17/07/2004;04.00.00;1.2;647;260;3.5;383;193;1783;125;1131;269;18.2;41.8;1.511
17/07/2004;05.00.00;3.3;793;213;13.0;383;223;1859;68;677;228;16.3;31.4;1.445
17/07/2004;06.00.00;4.5;1244;177;15.6;435;32;1821;199;1610;228;17.9;78.0;1.512
17/07/2004;07.00.00;3.6;898;257;11.5;383;60;1975;81;583;228;18.7;45.1;1.309
17/07/2004;08.00.00;1.1;647;206;7.8;383;2;2029;77;816;228;15.2;47.9;0.275
17/07/2004;09.00.00;2.7;666;389;7.0;383;40;2117;152;1356;228;32.1;39.2;0.859
17/07/2004;10.00.00;0.3;647;273;2.3;383;146;1829;69;569;228;19.6;29.5;1.214
17/07/2004;11.00.00;3.0;847;130;11.1;383;154;1891;50;551;262;18.2;23.6;0.824
17/07/2004;12.00.00;2.8;755;172;8.3;383;235;1824;76;658;228;24.2;63.7;0.873
17/07/2004;13.00.00;0.1;647;222;1.4;383;362;1621;152;1171;489;14.6;39.4;1.093
17/07/2004;14.00.00;0.5;647;341;3.6;383;140;1887;215;1795;228;16.0;13.1;1.019
17/07/2004;15.00.00;1.8;647;352;6.1;383;320;1636;113;924;449;22.0;35.1;1.274
17/07/2004;16.00.00;1.7;647;180;6.5;383;365;1784;78;551;503;17.7;44.1;0.693
17/07/2004;17.00.00;0.5;647;129;1.7;383;421;1709;172;1283;436;24.0;36.4;0.18
17/07/2004;18.00.00;2.7;670;117;10.2;383;320;1777;83;606;455;15.5;57.4;0.577
17/07/2004;19.00.00;2.5;725;241;7.5;383;257;1743;91;864;230;21.3;41.8;1.524
17/07/2004;20.00.00;1.9;647;436;5.4;383;80;2048;132;1011;228;24.5;63.6;1.043
17/07/2004;21.00.00;1.1;647;269;3.5;383;287;1683;167;1160;333;26.2;63.7;0.88
17/07/2004;22.00.00;3.6;1123;66;13.9;383;188;1853;116;914;256;2.1;31.9;1.532
17/07/2004;23.00.00;4.5;1233;149;10.8;383;456;1541;95;746;608;20.4;36.6;0.428
18/07/2004;00.00.00;1.5;647;158;2.9;383;259;1777;224;1922;397;24.8;66.9;1.421
18/07/2004;01.00.00;1.3;647;139;8.7;383;221;1924;80;767;228;10.3;53.8;1.189
18/07/2004;02.00.00;2.8;652;181;9.6;383;462;1667;86;584;554;26.6;60.8;1.347
18/07/2004;03.00.00;1.6;647;253;4.5;383;172;1788;94;786;228;19.7;60.9;1.193
18/07/2004;04.00.00;2.0;647;282;7.8;383;245;1761;139;1178;293;14.5;37.4;1.356
18/07/2004;05.00.00;3.2;818;321;8.6;383;553;1526;90;714;848;21.4;88.7;1.21
18/07/2004;06.00.00;0.1;647;267;0.1;383;286;1703;152;1231;328;24.6;65.7;1.154
18/07/2004;07.00.00;4.0;1033;32;13.5;383;418;1687;110;972;423;0.8;41.8;1.184
18/07/2004;08.00.00;2.3;647;117;5.7;383;476;1793;97;804;550;31.0;66.6;0.555
18/07/2004;09.00.00;1.6;647;202;5.2;383;161;1825;86;741;261;2.4;47.1;0.69
18/07/2004;10.00.00;2.0;675;231;7.1;383;385;1846;111;1006;500;9.2;51.1;2.06
18/07/2004;11.00.00;2.1;647;299;7.0;383;195;1843;134;1039;317;29.4;38.5;0.716
18/07/2004;12.00.00;0.1;647;222;0.1;383;558;1579;111;954;817;25.4;33.9;0.574
18/07/2004;13.00.00;4.2;1244;222;13.6;420;466;1647;124;957;704;14.4;62.2;0.84
18/07/2004;14.00.00;2.2;647;240;8.0;383;359;1576;75;692;367;26.2;37.1;0.735
18/07/2004;15.00.00;2.8;688;193;6.1;383;405;1711;78;579;546;20.7;35.8;0.596
18/07/2004;16.00.00;3.5;860;226;8.1;383;139;1693;112;936;228;19.9;43.6;1.279
18/07/2004;17.00.00;0.7;647;324;0.2;383;508;1609;118;931;697;-1.9;30.7;0.906
18/07/2004;18.00.00;2.8;744;210;10.5;428;107;1926;115;969;228;9.8;49.9;0.505
18/07/2004;19.00.00;1.8;647;215;1.7;383;308;1630;84;609;246;15.1;40.2;0.729
18/07/2004;20.00.00;3.3;993;214;12.3;383;136;1895;116;909;228;-0.8;66.0;0.534
18/07/2004;21.00.00;0.1;647;341;1.1;383;377;1674;114;909;527;24.2;66.5;0.836
18/07/2004;22.00.00;2.0;647;112;5.9;383;512;1577;107;771;540;17.5;48.7;1.312
18/07/2004;23.00.00;1.3;647;386;1.2;383;315;1736;81;604;335;28.6;34.8;0.99
19/07/2004;00.00.00;2.8;690;106;7.2;383;294;1717;137;972;286;13.9;45.5;1.19
19/07/2004;01.00.00;2.8;725;155;10.5;383;228;1823;112;929;286;6.7;42.7;1.121
19/07/2004;02.00.00;1.2;647;288;6.2;383;261;1860;76;679;387;10.1;75.9;0.976
19/07/2004;03.00.00;1.2;647;315;1.6;383;194;1825;107;744;234;20.4;43.3;1.099
19/07/2004;04.00.00;2.0;652;84;8.7;383;495;1599;85;586;545;26.8;52.9;1.203
19/07/2004;05.00.00;0.9;647;114;4.2;383;367;1757;113;828;563;18.2;60.0;0.575
19/07/2004;06.00.00;3.3;896;244;10.6;383;192;2027;181;1350;312;25.9;73.7;1.468
19/07/2004;07.00.00;1.6;647;440;3.8;383;255;1780;120;992;243;17.9;43.0;1.546
19/07/2004;08.00.00;0.1;647;336;0.1;383;692;1310;122;926;759;23.0;24.0;0.719
19/07/2004;09.00.00;1.6;647;194;8.8;383;287;1698;181;1470;312;31.8;51.1;1.252
19/07/2004;10.00.00;0.7;647;7;2.6;383;468;1673;126;948;640;22.4;68.3;1.0
19/07/2004;11.00.00;0.1;647;225;3.0;383;157;1994;133;1043;228;12.1;55.5;0.87
19/07/2004;12.00.00;0.4;647;252;1.8;383;318;1669;119;1042;486;20.1;39.7;1.781
19/07/2004;13.00.00;2.3;647;181;6.5;383;150;1876;94;663;228;18.8;43.3;0.823
19/07/2004;14.00.00;4.0;1118;137;14.0;418;164;1870;134;1031;228;15.1;34.4;0.801
19/07/2004;15.00.00;2.6;763;233;12.6;383;367;1644;194;1591;452;11.6;45.1;1.016
19/07/2004;16.00.00;1.3;647;128;2.9;383;108;2035;49;551;228;35.9;34.2;0.877
19/07/2004;17.00.00;2.8;851;395;10.8;383;63;2042;91;743;228;15.9;55.6;0.468
19/07/2004;18.00.00;1.5;647;362;5.2;383;350;1746;72;576;512;-0.7;57.5;0.769
19/07/2004;19.00.00;1.2;647;280;0.9;383;171;1829;77;551;233;12.9;50.5;1.358
19/07/2004;20.00.00;0.5;647;226;0.1;383;203;1913;171;1485;284;11.8;63.9;1.079
19/07/2004;21.00.00;0.1;647;155;0.1;383;2;2039;105;835;228;16.0;69.9;1.084
19/07/2004;22.00.00;1.6;647;216;5.8;383;51;1923;147;1309;228;6.0;73.5;1.418
19/07/2004;23.00.00;2.4;647;373;9.3;383;279;1853;80;674;286;13.6;51.2;1.151
20/07/2004;00.00.00;2.0;647;300;3.3;383;210;1861;82;761;228;20.0;39.8;0.569
20/07/2004;01.00.00;1.6;647;237;6.3;383;385;1559;64;594;336;7.3;11.7;1.216
20/07/2004;02.00.00;0.8;647;305;2.4;383;108;1833;182;1557;262;27.4;41.3;1.01
20/07/2004;03.00.00;3.0;900;269;9.6;383;220;1717;150;1183;228;18.3;27.3;0.947
20/07/2004;04.00.00;0.3;647;255;2.2;383;253;1880;62;643;389;19.4;49.5;1.191
20/07/2004;05.00.00;3.2;906;311;13.8;383;214;1772;167;1304;358;14.8;62.8;0.49
20/07/2004;06.00.00;0.7;647;267;3.0;383;337;1780;100;833;281;19.8;61.6;0.834
20/07/2004;07.00.00;1.1;647;299;0.8;383;79;2109;134;1147;228;24.1;63.0;0.875
20/07/2004;08.00.00;0.1;647;233;0.1;383;324;1804;115;1175;441;19.9;23.7;1.614
20/07/2004;09.00.00;1.4;647;193;6.3;383;420;1630;44;551;460;27.1;24.0;0.805
20/07/2004;10.00.00;3.5;861;165;13.0;403;120;1844;73;551;228;19.1;70.9;1.246
20/07/2004;11.00.00;2.9;860;154;10.5;383;307;1729;177;1445;487;24.7;14.6;0.808
20/07/2004;12.00.00;3.5;1011;65;10.2;383;300;1677;158;1156;412;21.4;60.9;0.882
20/07/2004;13.00.00;2.9;717;131;6.5;383;336;1639;63;629;406;1.3;45.8;1.19
20/07/2004;14.00.00;0.6;647;128;3.1;383;246;1738;122;733;228;10.9;43.3;0.688
20/07/2004;15.00.00;1.7;647;169;3.0;383;462;1672;102;807;474;11.4;52.3;0.477
20/07/2004;16.00.00;1.1;647;366;4.8;383;568;1503;167;1518;696;11.6;79.8;0.735
20/07/2004;17.00.00;4.0;1097;203;14.2;383;341;1708;103;886;372;9.4;35.5;1.149
20/07/2004;18.00.00;0.5;647;240;0.6;383;294;1802;76;648;370;27.1;42.2;1.033
20/07/2004;19.00.00;3.4;900;243;10.7;383;248;1859;148;1091;327;30.1;68.1;1.58
20/07/2004;20.00.00;3.4;891;368;11.3;383;45;1809;170;1467;228;4.9;34.1;1.494
20/07/2004;21.00.00;4.7;1300;163;13.8;389;27;1840;131;981;228;24.3;63.4;1.154
20/07/2004;22.00.00;1.6;647;196;2.3;383;69;1913;140;1051;228;22.8;48.2;1.062
20/07/2004;23.00.00;3.1;855;207;10.0;383;286;1681;55;551;268;35.8;10.9;1.147
21/07/2004;00.00.00;5.3;1589;325;17.2;474;216;1895;51;551;293;17.4;51.0;0.81
21/07/2004;01.00.00;1.3;647;345;6.8;383;479;1579;48;551;614;5.6;50.5;1.138
21/07/2004;02.00.00;0.1;647;263;0.1;383;2;2142;163;1230;228;5.6;52.7;0.339
21/07/2004;03.00.00;0.1;647;335;2.5;383;252;1759;94;770;275;26.9;60.8;1.046
21/07/2004;04.00.00;3.1;929;234;7.8;383;312;1774;152;1181;251;11.2;59.1;1.244
21/07/2004;05.00.00;0.1;647;201;0.1;383;383;1639;84;818;414;23.8;49.1;1.244
21/07/2004;06.00.00;1.6;647;329;4.6;383;267;1824;112;901;385;17.8;68.4;1.591
21/07/2004;07.00.00;2.8;774;264;7.0;383;301;1799;74;551;258;25.1;42.7;0.669
21/07/2004;08.00.00;2.4;673;148;5.0;383;272;1852;97;628;240;5.6;53.9;1.733
21/07/2004;09.00.00;2.7;679;312;12.7;383;313;1738;30;551;309;18.5;34.1;2.181
21/07/2004;10.00.00;2.5;647;198;7.0;383;243;1907;97;806;382;24.3;14.0;1.36
21/07/2004;11.00.00;3.9;1096;186;17.2;383;569;1568;93;796;763;23.5;35.7;1.703
21/07/2004;12.00.00;0.8;647;302;0.6;383;334;1681;31;551;233;25.7;50.7;1.161
21/07/2004;13.00.00;1.2;647;209;0.4;383;276;1728;133;1079;228;4.5;21.7;0.561
21/07/2004;14.00.00;1.1;647;254;6.0;383;133;1951;140;1219;228;17.1;33.8;0.393
21/07/2004;15.00.00;3.3;839;280;9.1;383;193;1946;81;650;228;17.8;78.3;0.18
21/07/2004;16.00.00;3.4;920;143;11.2;383;477;1528;55;551;669;29.7;44.1;1.257
21/07/2004;17.00.00;2.8;821;254;6.2;383;2;2058;196;1626;228;40.0;56.7;1.305
21/07/2004;18.00.00;3.8;1037;346;12.1;383;254;1677;125;974;245;29.5;34.3;1.314
21/07/2004;19.00.00;0.5;647;127;0.1;383;242;1756;2;551;307;25.2;25.6;1.204
21/07/2004;20.00.00;4.5;1217;260;14.2;383;322;1781;92;741;504;21.6;31.7;0.999
21/07/2004;21.00.00;4.3;1113;139;12.8;383;286;1702;81;722;343;18.3;67.1;0.43
21/07/2004;22.00.00;3.2;911;315;10.6;383;477;1734;78;665;598;28.1;44.0;0.319
21/07/2004;23.00.00;4.6;1325;314;16.1;383;261;1839;165;1427;327;19.6;51.1;0.854
22/07/2004;00.00.00;0.1;647;184;0.8;383;236;1716;125;1078;358;14.2;36.9;0.388
22/07/2004;01.00.00;1.4;647;427;5.4;383;391;1739;143;1043;494;17.5;61.6;0.18
22/07/2004;02.00.00;1.1;647;323;3.4;383;480;1509;106;701;635;12.4;72.9;1.008
22/07/2004;03.00.00;3.2;1009;285;9.2;383;351;1719;153;1225;481;3.1;87.2;1.079
22/07/2004;04.00.00;0.7;647;279;3.1;383;400;1749;95;808;568;4.3;60.1;0.894
22/07/2004;05.00.00;3.2;799;311;10.1;383;212;1886;124;935;228;18.3;32.5;1.07
22/07/2004;06.00.00;4.1;1047;123;12.9;383;265;1780;136;1126;228;1.6;17.1;0.387
22/07/2004;07.00.00;3.1;902;236;10.8;383;473;1593;83;697;622;8.8;71.4;1.282
22/07/2004;08.00.00;2.5;681;254;6.1;383;326;1646;12;551;548;21.7;17.6;1.307
22/07/2004;09.00.00;0.8;647;179;5.3;383;208;1847;31;551;276;12.0;47.8;0.846
22/07/2004;10.00.00;1.0;647;262;2.6;383;250;1863;223;1710;280;8.2;66.3;0.18
22/07/2004;11.00.00;3.9;1035;335;12.7;383;404;1841;144;1352;564;9.1;77.6;0.706
22/07/2004;12.00.00;3.2;912;177;10.3;383;418;1628;146;1002;607;27.6;33.7;1.161
22/07/2004;13.00.00;2.1;700;212;8.0;383;117;1974;181;1350;228;24.6;51.7;0.645
22/07/2004;14.00.00;1.6;647;140;5.7;383;301;1819;59;680;358;11.3;46.9;1.907
22/07/2004;15.00.00;0.1;647;48;0.2;383;244;1766;78;551;297;21.9;36.6;1.262
22/07/2004;16.00.00;0.7;647;291;5.0;383;235;1868;59;551;304;18.8;70.1;1.18
22/07/2004;17.00.00;4.8;1258;215;9.0;383;449;1575;226;1863;645;24.6;58.7;1.203
22/07/2004;18.00.00;0.4;647;222;3.6;383;209;1852;65;559;285;28.2;28.8;0.574
22/07/2004;19.00.00;2.4;647;124;9.6;383;157;1856;173;1421;228;4.2;45.6;1.029
22/07/2004;20.00.00;3.6;1234;200;7.7;383;121;1938;81;770;228;21.4;42.6;0.195
22/07/2004;21.00.00;0.4;647;322;3.1;383;219;1866;117;860;259;18.3;56.4;0.18
22/07/2004;22.00.00;2.4;647;218;9.8;383;133;1850;173;1405;228;26.8;81.4;0.891
22/07/2004;23.00.00;3.5;971;220;12.2;393;113;1908;126;1009;293;4.2;54.7;0.933
23/07/2004;00.00.00;2.2;667;237;3.8;383;109;1901;106;783;228;7.7;44.2;1.379
23/07/2004;01.00.00;6.2;1789;100;21.1;627;118;1817;221;1783;228;18.8;47.4;0.539
23/07/2004;02.00.00;0.1;647;277;2.3;383;129;1866;24;551;228;15.8;55.8;1.0
23/07/2004;03.00.00;3.6;1117;98;10.5;383;307;1708;67;588;393;20.8;19.6;0.787
23/07/2004;04.00.00;1.9;647;128;7.0;383;2;1908;98;870;228;4.9;67.9;0.34
23/07/2004;05.00.00;3.2;875;118;9.6;383;138;1824;163;1301;228;27.6;51.9;0.841
23/07/2004;06.00.00;2.8;747;201;10.6;383;230;1794;88;630;353;19.5;46.9;0.608
23/07/2004;07.00.00;1.1;647;184;3.0;383;421;1667;159;1164;419;19.4;42.0;0.719
23/07/2004;08.00.00;2.5;720;217;6.7;383;208;1733;30;551;286;16.8;47.8;0.831
23/07/2004;09.00.00;0.1;647;132;0.2;383;222;1917;168;1236;277;8.8;32.8;1.86
23/07/2004;10.00.00;3.0;902;313;6.9;383;232;1863;155;1190;228;11.8;21.3;1.293
23/07/2004;11.00.00;2.6;647;297;7.9;383;2;1991;61;551;228;31.1;58.0;1.395
23/07/2004;12.00.00;3.0;877;201;10.5;383;346;1625;111;838;326;18.6;36.3;1.186
23/07/2004;13.00.00;3.6;1034;172;13.4;433;340;1710;100;943;502;18.1;52.8;1.021
23/07/2004;14.00.00;2.7;879;162;9.0;383;370;1681;134;1066;294;24.8;45.6;1.382
23/07/2004;15.00.00;2.4;647;188;4.7;383;629;1410;168;1475;844;11.7;71.0;0.89
23/07/2004;16.00.00;0.9;647;84;5.6;383;47;1869;80;675;228;21.4;57.1;0.391
23/07/2004;17.00.00;1.2;647;126;6.6;383;18;2046;130;996;228;19.2;67.7;0.949
23/07/2004;18.00.00;3.8;1106;299;12.4;422;353;1690;124;988;448;15.7;61.9;0.963
23/07/2004;19.00.00;4.2;1299;246;11.8;383;194;1915;118;819;230;14.1;79.0;1.908
23/07/2004;20.00.00;1.8;647;373;4.8;383;95;1922;182;1436;228;23.3;22.4;1.375
23/07/2004;21.00.00;2.2;652;189;6.7;383;202;1897;120;860;228;22.4;73.9;0.827
23/07/2004;22.00.00;0.9;647;183;3.4;383;151;1936;54;551;228;11.9;35.6;0.922
23/07/2004;23.00.00;3.8;1023;179;11.5;383;509;1629;148;1152;582;21.8;30.5;0.81
24/07/2004;00.00.00;3.1;860;187;8.1;383;592;1620;189;1494;760;9.0;27.7;0.684
24/07/2004;01.00.00;4.9;1305;155;17.6;559;2;2006;119;924;228;12.5;42.0;1.228
24/07/2004;02.00.00;0.9;647;243;3.5;383;20;1864;177;1495;228;21.0;56.2;0.18
24/07/2004;03.00.00;1.6;647;220;3.1;383;129;1789;92;671;228;20.0;72.5;0.974
24/07/2004;04.00.00;2.5;727;169;8.5;383;140;1835;132;986;228;9.4;16.6;0.651
24/07/2004;05.00.00;3.1;845;336;10.1;383;127;1957;37;551;228;20.8;54.2;0.297
24/07/2004;06.00.00;1.8;647;398;4.5;383;216;1794;83;756;284;16.5;32.3;0.245
24/07/2004;07.00.00;0.9;647;328;5.4;383;177;1874;121;995;264;26.5;27.7;1.156
24/07/2004;08.00.00;3.4;832;271;11.1;383;38;2011;145;1336;228;21.4;39.6;1.677
24/07/2004;09.00.00;3.2;1039;290;9.7;383;88;1942;133;996;228;8.9;50.6;0.466
24/07/2004;10.00.00;0.9;647;394;2.6;383;482;1430;174;1222;624;19.5;37.8;1.332
24/07/2004;11.00.00;4.0;1121;290;13.8;383;191;1751;39;551;269;11.9;28.0;0.848
24/07/2004;12.00.00;3.8;983;162;12.0;383;183;1994;183;1456;228;18.6;42.0;0.845
24/07/2004;13.00.00;2.3;656;255;7.3;383;13;2015;78;667;228;21.1;58.9;1.131
24/07/2004;14.00.00;2.3;744;277;9.4;383;175;1643;54;551;346;21.9;55.8;0.872
24/07/2004;15.00.00;2.9;902;123;6.5;383;393;1691;162;1180;400;10.3;40.3;1.14
24/07/2004;16.00.00;0.9;647;190;0.5;383;337;1874;59;551;415;13.1;45.9;1.431
24/07/2004;17.00.00;2.2;657;322;8.6;383;370;1725;180;1493;427;18.4;35.9;1.059
24/07/2004;18.00.00;0.1;647;44;5.2;383;61;1954;8;551;228;14.5;52.8;1.035
24/07/2004;19.00.00;3.4;829;99;12.6;383;59;1806;76;599;228;14.6;63.7;1.372
24/07/2004;20.00.00;0.1;647;201;4.0;383;419;1642;155;1299;455;9.4;35.6;0.854
24/07/2004;21.00.00;4.3;1172;251;12.7;383;372;1570;145;1241;476;21.0;40.4;1.432
24/07/2004;22.00.00;1.7;647;89;4.1;383;206;1737;2;551;304;12.8;58.6;1.662
24/07/2004;23.00.00;1.9;647;205;6.8;383;376;1582;81;775;425;15.4;88.7;1.409
25/07/2004;00.00.00;1.3;647;327;6.0;383;61;2089;30;551;228;18.3;60.6;1.169
25/07/2004;01.00.00;1.7;647;224;3.0;383;55;2013;119;1004;228;-1.9;45.9;1.387
25/07/2004;02.00.00;4.1;1121;307;12.8;383;2;2110;115;897;228;5.2;31.3;0.795
25/07/2004;03.00.00;0.1;647;161;0.3;383;301;1653;101;909;230;30.7;67.1;1.341
25/07/2004;04.00.00;3.9;1213;141;11.2;383;279;1791;107;920;272;5.5;35.1;0.908
25/07/2004;05.00.00;2.6;843;298;7.3;383;166;1786;60;551;257;25.4;45.5;0.874
25/07/2004;06.00.00;0.5;647;253;3.2;383;126;1826;77;639;228;25.1;42.4;0.824
25/07/2004;07.00.00;0.6;647;105;3.0;383;615;1545;164;1270;775;17.9;47.5;1.519
25/07/2004;08.00.00;4.5;1289;141;16.0;383;206;1849;89;636;228;29.9;32.8;1.493
25/07/2004;09.00.00;0.8;647;366;3.3;383;458;1656;85;573;560;24.6;65.2;1.511
25/07/2004;10.00.00;0.5;647;130;0.1;383;223;1720;167;1291;278;19.6;56.4;1.173
25/07/2004;11.00.00;3.7;1155;306;12.8;383;169;1874;56;551;228;21.1;43.8;0.18
25/07/2004;12.00.00;2.6;786;172;6.5;383;462;1657;184;1392;525;25.6;44.9;0.18
25/07/2004;13.00.00;0.8;647;217;2.1;383;366;1652;188;1601;452;21.2;43.2;1.129
25/07/2004;14.00.00;2.5;736;245;5.8;383;242;1784;64;551;442;24.8;51.0;0.9
25/07/2004;15.00.00;0.7;647;18;1.1;383;419;1532;157;1244;536;30.9;35.7;0.352
25/07/2004;16.00.00;3.7;1029;79;12.0;383;631;1322;9;551;875;28.0;31.2;1.081
25/07/2004;17.00.00;3.6;945;226;10.7;383;133;2053;117;1025;228;15.5;45.1;0.837
25/07/2004;18.00.00;2.9;783;149;7.5;383;318;1761;64;551;228;11.2;59.9;1.575
25/07/2004;19.00.00;2.7;714;312;10.8;383;183;1824;137;1136;280;18.4;75.1;0.985
25/07/2004;20.00.00;4.6;1241;65;14.5;383;103;1981;128;1041;280;34.6;52.1;0.806
25/07/2004;21.00.00;2.1;647;271;5.8;383;98;1851;99;777;228;8.6;62.8;0.457
25/07/2004;22.00.00;0.5;647;87;0.1;383;489;1617;60;551;541;16.3;62.8;1.019
25/07/2004;23.00.00;2.8;818;184;5.1;383;2;2086;157;1291;228;16.9;54.5;1.335
26/07/2004;00.00.00;5.1;1289;116;15.8;383;323;1652;111;894;481;11.2;56.8;0.922
26/07/2004;01.00.00;0.7;647;398;0.1;383;119;1864;79;606;228;19.0;42.3;1.312
26/07/2004;02.00.00;1.6;647;90;6.7;383;517;1475;88;716;566;13.4;36.6;0.995
26/07/2004;03.00.00;2.7;740;206;8.8;383;204;1903;108;912;228;17.6;32.7;1.313
26/07/2004;04.00.00;2.1;647;53;9.8;383;190;1864;108;731;285;16.7;45.8;1.019
26/07/2004;05.00.00;0.8;647;369;2.9;383;486;1704;127;979;833;18.3;53.5;0.436
26/07/2004;06.00.00;3.7;1070;256;10.5;383;380;1763;158;1193;362;10.3;43.1;1.493
26/07/2004;07.00.00;5.4;1563;231;13.5;383;330;1714;163;1234;447;13.9;48.2;1.406
26/07/2004;08.00.00;2.4;718;358;9.4;383;369;1737;102;753;498;16.7;23.7;1.442
26/07/2004;09.00.00;0.9;647;232;0.2;383;80;1969;133;1155;228;17.7;87.5;2.23
26/07/2004;10.00.00;0.1;647;238;0.1;383;359;1771;103;853;495;18.1;76.2;0.96
26/07/2004;11.00.00;2.5;741;230;11.4;383;215;1944;171;1281;421;22.7;46.1;0.975
26/07/2004;12.00.00;3.7;1047;271;13.0;383;301;1671;106;868;437;9.2;53.9;0.939
26/07/2004;13.00.00;2.8;843;171;9.8;383;320;1593;118;984;354;15.9;77.3;0.771
26/07/2004;14.00.00;2.1;647;197;8.8;383;76;1855;111;865;228;10.6;62.5;1.22
26/07/2004;15.00.00;1.3;647;294;6.1;383;336;1768;135;978;440;9.7;39.3;0.877
26/07/2004;16.00.00;0.6;647;244;5.1;383;217;1859;143;1059;249;20.8;57.7;1.582
26/07/2004;17.00.00;3.3;732;207;9.4;383;56;1909;179;1308;228;18.6;25.6;1.022
26/07/2004;18.00.00;3.4;948;84;10.2;383;223;1799;171;1540;244;13.7;53.6;1.233
26/07/2004;19.00.00;0.1;647;360;0.1;383;249;1734;115;782;228;13.3;54.0;1.177
26/07/2004;20.00.00;4.4;1217;155;13.9;383;336;1721;110;787;410;7.5;17.3;1.235
26/07/2004;21.00.00;3.0;794;311;9.2;383;2;1942;102;815;228;26.4;66.4;0.632
26/07/2004;22.00.00;4.1;1160;234;9.6;383;305;1886;161;1144;431;16.9;56.5;1.512
26/07/2004;23.00.00;0.3;647;95;0.1;383;167;1971;124;905;228;5.1;43.4;1.194
27/07/2004;00.00.00;0.2;647;336;3.6;383;369;1761;231;1858;349;18.6;44.4;1.205
27/07/2004;01.00.00;1.9;647;242;6.7;383;245;1805;109;895;271;11.9;63.3;1.189
27/07/2004;02.00.00;2.9;887;344;10.6;383;194;1935;186;1521;228;13.2;39.0;0.18
27/07/2004;03.00.00;4.7;1420;200;14.7;383;218;1832;186;1548;258;25.9;38.3;1.043
27/07/2004;04.00.00;3.1;868;284;6.3;383;297;1775;185;1478;514;16.1;36.4;1.034
27/07/2004;05.00.00;1.8;647;50;5.5;383;384;1553;97;722;437;31.3;62.4;1.106
27/07/2004;06.00.00;0.7;647;170;4.4;383;109;1933;108;908;228;42.0;59.8;1.406
27/07/2004;07.00.00;3.9;1069;97;10.0;383;193;1741;105;952;294;29.0;29.6;1.365
27/07/2004;08.00.00;0.8;647;182;4.1;383;470;1591;183;1519;605;9.5;51.6;1.395
27/07/2004;09.00.00;4.4;1159;262;10.8;383;190;1860;91;662;346;29.2;53.9;0.613
27/07/2004;10.00.00;1.8;647;160;5.6;383;302;1686;85;731;319;13.4;69.1;1.05
27/07/2004;11.00.00;4.4;1266;300;15.1;383;57;1992;146;1215;228;22.0;42.1;0.374
27/07/2004;12.00.00;3.1;943;136;9.3;383;2;2082;49;551;228;29.1;40.1;1.033
27/07/2004;13.00.00;2.0;647;302;11.2;383;86;1859;149;1180;228;9.0;57.9;0.552
27/07/2004;14.00.00;1.4;647;342;3.6;383;140;1897;58;551;228;19.0;40.0;0.895
27/07/2004;15.00.00;1.7;731;314;4.2;383;405;1576;93;838;498;18.9;60.3;1.322
27/07/2004;16.00.00;2.7;832;185;9.2;383;421;1569;168;1295;479;11.0;53.0;1.854
27/07/2004;17.00.00;2.3;647;16;5.7;383;2;2023;86;574;228;3.5;19.6;0.616
27/07/2004;18.00.00;1.3;647;273;1.3;383;163;1926;127;1062;241;23.7;44.7;1.102
27/07/2004;19.00.00;1.9;647;206;3.9;383;352;1597;171;1348;364;6.7;52.6;0.981
27/07/2004;20.00.00;2.3;702;125;8.7;383;229;1979;58;551;321;23.2;61.0;0.815
27/07/2004;21.00.00;0.1;647;165;0.1;383;476;1579;121;985;479;16.5;40.5;1.116
27/07/2004;22.00.00;2.8;788;354;12.3;383;349;1737;144;1164;344;28.7;35.0;1.122
27/07/2004;23.00.00;0.8;647;109;1.6;383;205;1793;44;551;360;9.0;34.5;1.037
28/07/2004;00.00.00;0.5;647;262;3.1;383;218;1802;63;578;244;17.4;52.2;0.45
28/07/2004;01.00.00;0.1;647;238;1.3;383;237;1931;190;1456;268;34.8;49.5;1.015
28/07/2004;02.00.00;0.1;647;184;0.1;383;116;2027;57;551;273;12.3;37.2;1.252
28/07/2004;03.00.00;0.3;647;279;0.1;383;389;1556;96;800;481;31.1;56.6;0.344
28/07/2004;04.00.00;1.2;647;373;0.2;383;359;1667;16;551;410;11.7;52.5;0.706
28/07/2004;05.00.00;4.9;1290;189;16.7;437;315;1983;75;665;306;19.3;39.1;0.634
28/07/2004;06.00.00;1.4;647;194;6.9;383;283;1738;150;1164;376;11.2;39.2;0.931
28/07/2004;07.00.00;2.4;726;277;4.5;383;90;1961;159;1455;228;22.2;78.5;1.308
28/07/2004;08.00.00;2.7;838;305;7.9;383;323;1832;151;1227;382;7.9;12.5;0.915
28/07/2004;09.00.00;2.3;718;205;6.1;383;265;1855;111;989;421;13.7;23.0;1.58
28/07/2004;10.00.00;2.0;647;188;7.6;383;552;1332;61;562;651;13.9;45.5;1.128
28/07/2004;11.00.00;0.5;647;7;0.9;383;48;1988;132;1176;228;12.3;65.7;1.03
28/07/2004;12.00.00;4.2;1203;144;16.0;389;135;2031;91;741;228;29.8;34.2;1.016
28/07/2004;13.00.00;4.7;1169;109;14.2;410;3;1999;35;551;228;11.8;58.8;0.282
28/07/2004;14.00.00;0.1;647;283;0.1;383;212;1746;114;1031;365;19.0;19.0;0.957
28/07/2004;15.00.00;0.7;647;194;1.4;383;2;1916;173;1414;228;32.9;44.6;1.164
28/07/2004;16.00.00;1.8;655;191;4.9;383;427;1642;166;1274;544;20.0;54.1;1.744
28/07/2004;17.00.00;0.8;647;217;3.6;383;413;1723;169;1502;306;-1.9;63.6;0.624
28/07/2004;18.00.00;2.9;785;135;8.4;383;221;2053;127;1021;384;34.2;59.2;1.511
28/07/2004;19.00.00;1.1;647;365;4.5;383;90;1904;68;553;228;26.9;17.0;1.246
28/07/2004;20.00.00;5.2;1400;341;15.0;383;12;2034;141;1151;228;28.3;49.2;0.763
28/07/2004;21.00.00;3.8;1250;371;11.6;383;138;1765;120;899;228;28.8;36.8;0.759
28/07/2004;22.00.00;2.4;760;282;6.3;383;341;1591;100;832;413;17.2;47.2;1.53
28/07/2004;23.00.00;3.6;880;215;9.8;383;125;1859;145;1187;228;6.2;43.6;1.213
29/07/2004;00.00.00;3.7;1155;371;14.4;383;538;1605;134;1078;732;25.9;60.8;1.394
29/07/2004;01.00.00;1.4;647;153;2.9;383;474;1613;83;660;611;4.4;48.5;0.854
29/07/2004;02.00.00;1.0;647;135;2.5;383;246;1807;81;630;297;6.6;53.1;0.607
29/07/2004;03.00.00;2.3;657;160;9.3;383;175;1837;57;551;228;17.9;50.0;0.18
29/07/2004;04.00.00;3.4;938;267;12.2;383;158;1870;125;1060;228;26.3;11.3;0.51
29/07/2004;05.00.00;2.3;814;145;10.8;383;490;1584;156;1275;619;12.6;49.6;0.732
29/07/2004;06.00.00;0.1;647;203;1.3;383;145;1775;84;751;228;13.1;48.3;1.326
29/07/2004;07.00.00;1.0;647;65;2.1;383;388;1569;61;551;405;38.4;57.3;0.59
29/07/2004;08.00.00;2.0;647;263;10.7;383;249;1909;137;1187;228;25.4;56.9;0.34
29/07/2004;09.00.00;2.0;647;73;7.7;383;355;1650;188;1581;488;21.6;18.3;0.769
29/07/2004;10.00.00;4.9;1550;129;15.4;457;120;1884;208;1648;228;29.8;30.5;0.788
29/07/2004;11.00.00;0.2;647;333;0.8;383;195;1939;185;1432;228;22.8;50.4;1.003
29/07/2004;12.00.00;2.9;817;330;9.5;383;242;1784;110;932;228;9.1;58.2;2.021
29/07/2004;13.00.00;4.2;1046;253;13.1;392;149;1950;69;551;228;8.4;43.6;1.129
29/07/2004;14.00.00;5.3;1460;244;14.3;447;437;1579;142;1104;650;16.8;57.7;1.068
29/07/2004;15.00.00;1.6;647;167;8.3;383;129;2021;109;898;236;15.8;82.3;1.158
29/07/2004;16.00.00;2.8;728;144;9.0;383;157;1891;103;815;228;34.9;57.5;1.877
29/07/2004;17.00.00;2.9;872;183;9.8;383;453;1634;204;1548;536;17.1;72.7;0.298
29/07/2004;18.00.00;2.4;657;74;11.9;393;424;1647;179;1443;574;32.0;44.4;1.495
29/07/2004;19.00.00;2.0;656;241;5.1;383;488;1670;143;1068;468;21.0;59.6;1.341
29/07/2004;20.00.00;2.8;881;222;10.1;383;2;2017;108;887;228;24.6;66.4;0.407
29/07/2004;21.00.00;0.1;647;129;0.1;383;276;1522;113;875;228;-1.9;66.7;0.721
29/07/2004;22.00.00;3.1;875;367;10.6;383;259;1756;38;551;360;36.9;14.4;0.631
29/07/2004;23.00.00;2.3;666;275;7.8;383;160;1897;163;1239;228;12.0;39.2;0.425
30/07/2004;00.00.00;1.8;647;283;7.5;383;295;1686;175;1464;372;26.9;63.6;0.788
30/07/2004;01.00.00;5.0;1405;171;18.5;383;196;1802;76;598;243;5.4;24.2;0.466
30/07/2004;02.00.00;1.2;647;217;2.7;383;270;1752;82;603;254;31.3;35.1;1.217
30/07/2004;03.00.00;1.6;647;277;7.9;383;766;1514;159;1268;962;5.5;58.8;1.577
30/07/2004;04.00.00;4.9;1391;232;18.8;383;294;1812;97;918;335;10.1;36.4;0.688
30/07/2004;05.00.00;1.0;647;370;2.7;383;300;1785;167;1366;407;14.3;29.4;0.531
30/07/2004;06.00.00;1.4;647;198;4.4;383;371;1609;75;689;393;14.9;72.3;1.465
30/07/2004;07.00.00;1.9;647;170;5.2;383;273;1726;98;655;308;15.3;40.5;0.525
30/07/2004;08.00.00;3.3;989;278;10.0;383;78;2005;137;1087;228;21.0;30.1;0.366
30/07/2004;09.00.00;2.4;671;97;5.4;383;2;2051;97;699;228;9.4;30.3;0.732
30/07/2004;10.00.00;0.3;647;305;2.6;383;241;1693;94;715;383;20.6;70.3;1.297
30/07/2004;11.00.00;1.4;647;94;0.4;383;204;1948;93;687;269;31.7;54.6;1.094
30/07/2004;12.00.00;1.3;647;278;2.8;383;2;1929;146;1274;228;9.5;71.4;1.437
30/07/2004;13.00.00;2.0;647;156;6.4;383;495;1632;159;1331;581;17.1;44.7;0.586
30/07/2004;14.00.00;2.7;761;263;11.4;383;262;2008;136;1032;336;24.8;50.5;1.37
30/07/2004;15.00.00;2.7;857;304;7.7;383;466;1593;79;598;541;4.3;33.7;0.917
30/07/2004;16.00.00;0.1;647;232;1.2;383;2;2011;178;1458;228;7.6;64.6;0.257
30/07/2004;17.00.00;3.6;1051;104;11.5;400;469;1579;125;1073;607;22.3;31.5;1.549
30/07/2004;18.00.00;2.5;647;132;9.9;383;171;1876;163;1390;335;15.3;80.2;1.035
30/07/2004;19.00.00;4.1;1115;148;13.8;383;438;1763;51;551;640;19.8;30.0;1.573
30/07/2004;20.00.00;2.8;851;37;10.5;383;278;1761;169;1497;397;21.3;26.2;1.49
30/07/2004;21.00.00;3.7;1049;325;10.7;383;315;1724;95;795;293;4.6;54.9;1.42
30/07/2004;22.00.00;2.8;647;228;6.9;383;315;1835;91;698;349;31.9;36.1;2.019
30/07/2004;23.00.00;4.0;1051;110;13.6;421;180;1754;132;994;263;17.2;40.4;0.553
31/07/2004;00.00.00;2.9;884;356;8.2;383;147;1888;14;551;228;17.4;66.8;1.842
31/07/2004;01.00.00;2.0;647;151;6.5;383;190;1789;129;941;228;16.5;74.4;0.907
31/07/2004;02.00.00;5.3;1632;241;17.7;421;20;1964;99;851;228;22.4;50.4;1.368
31/07/2004;03.00.00;3.4;1085;139;13.3;409;172;1791;180;1574;352;24.0;43.9;1.05
31/07/2004;04.00.00;3.0;799;26;11.0;383;139;1774;126;1016;228;-1.9;43.3;1.372
31/07/2004;05.00.00;0.4;647;88;0.1;383;17;1809;65;668;228;24.4;56.3;0.961
31/07/2004;06.00.00;0.3;647;175;0.1;383;316;1710;74;598;441;7.8;9.4;1.639
31/07/2004;07.00.00;2.6;647;303;11.6;383;247;1820;2;551;380;13.7;47.4;1.323
31/07/2004;08.00.00;2.4;647;250;4.4;383;283;1838;229;1710;522;9.4;30.8;0.544
31/07/2004;09.00.00;1.3;647;231;3.2;383;352;1610;2;551;388;13.5;53.5;1.178
31/07/2004;10.00.00;2.3;785;27;8.8;383;209;1844;87;645;228;15.1;45.4;1.27
31/07/2004;11.00.00;4.4;1352;338;17.3;392;102;1962;148;1255;228;16.2;50.6;1.289
31/07/2004;12.00.00;3.1;793;239;9.6;383;292;1794;183;1570;392;4.7;52.0;0.622
31/07/2004;13.00.00;0.6;647;206;1.8;383;2;2019;199;1621;228;18.0;56.0;0.897
31/07/2004;14.00.00;2.0;647;325;4.6;383;229;1643;108;900;243;21.7;35.4;1.122
31/07/2004;15.00.00;1.0;647;336;3.5;383;363;1699;137;1106;469;17.2;69.0;0.921
31/07/2004;16.00.00;1.6;647;327;2.8;383;406;1668;98;837;495;13.4;51.3;1.817
31/07/2004;17.00.00;1.6;647;194;3.5;383;164;1911;38;551;228;10.4;52.3;0.949
31/07/2004;18.00.00;1.5;647;122;6.3;383;2;2109;62;551;228;-1.9;48.2;0.633
31/07/2004;19.00.00;0.4;647;311;0.4;383;2;1977;30;551;228;21.9;39.3;0.954
31/07/2004;20.00.00;2.0;647;88;8.1;383;343;1697;128;883;406;20.1;58.9;0.39
31/07/2004;21.00.00;1.4;647;402;4.1;383;191;1856;96;806;285;14.6;52.9;1.038
31/07/2004;22.00.00;0.1;647;220;0.1;383;554;1558;104;769;663;4.5;84.0;0.63
31/07/2004;23.00.00;5.0;1420;117;18.4;489;30;2010;145;1146;228;16.3;36.4;0.668
01/08/2004;00.00.00;3.7;1086;100;9.1;383;298;1803;124;1037;400;13.4;72.9;1.27
01/08/2004;01.00.00;1.6;647;96;4.0;383;500;1585;144;1029;594;28.7;48.7;0.274
01/08/2004;02.00.00;2.2;647;231;6.6;383;277;1817;199;1636;277;26.9;47.8;0.871
01/08/2004;03.00.00;0.5;647;217;3.6;383;2;1980;74;619;228;11.6;34.1;1.501
01/08/2004;04.00.00;4.5;1310;100;13.4;436;670;1347;23;551;857;23.9;55.4;0.569
01/08/2004;05.00.00;4.8;1255;184;13.5;383;487;1517;85;630;578;9.1;45.9;0.981
01/08/2004;06.00.00;2.4;764;88;7.9;383;211;1644;103;913;385;28.1;57.2;1.771
01/08/2004;07.00.00;3.6;1117;273;11.0;383;371;1835;133;1095;544;19.5;33.3;1.487
01/08/2004;08.00.00;2.4;647;212;6.7;383;372;1804;147;1125;489;34.6;52.6;0.835
01/08/2004;09.00.00;0.3;647;182;1.3;383;344;1807;61;551;383;12.4;49.4;0.673
01/08/2004;10.00.00;1.6;647;95;2.6;383;34;1955;54;551;228;28.0;41.4;1.249
01/08/2004;11.00.00;2.3;647;189;4.0;383;295;1841;178;1497;257;29.7;50.8;0.86
01/08/2004;12.00.00;1.5;647;178;9.1;383;469;1696;128;1062;634;14.3;48.9;1.685
01/08/2004;13.00.00;1.8;647;248;6.1;383;323;1625;129;868;313;7.0;58.3;1.238
01/08/2004;14.00.00;2.0;647;233;6.8;383;306;1691;125;978;400;24.0;63.9;0.302
01/08/2004;15.00.00;2.0;647;293;5.0;383;163;1911;120;970;228;10.0;57.5;0.428
01/08/2004;16.00.00;2.2;647;171;8.9;383;107;1874;102;970;228;15.2;51.7;0.563
01/08/2004;17.00.00;0.7;647;41;1.1;383;5;1939;78;734;228;11.4;31.3;0.671
01/08/2004;18.00.00;1.1;647;312;0.1;383;361;1776;87;682;501;33.2;37.5;0.972
01/08/2004;19.00.00;0.4;647;129;0.1;383;212;1763;216;1750;327;18.4;64.1;1.202
01/08/2004;20.00.00;3.5;1095;112;10.7;383;40;2165;199;1487;228;20.7;56.2;0.502
01/08/2004;21.00.00;0.1;647;213;0.1;383;395;1811;157;1049;582;18.0;42.4;0.447
01/08/2004;22.00.00;3.8;967;246;11.7;383;156;1857;109;846;228;11.8;64.0;0.56
01/08/2004;23.00.00;4.1;1064;167;11.8;383;114;2008;140;1201;228;22.7;38.0;0.813
02/08/2004;00.00.00;1.7;647;166;4.0;383;170;1878;44;551;309;25.4;34.5;1.244
02/08/2004;01.00.00;0.1;647;180;0.1;383;216;1793;160;1226;228;13.0;66.0;0.565
02/08/2004;02.00.00;1.6;647;352;2.0;383;316;1905;101;884;508;18.7;71.9;1.196
02/08/2004;03.00.00;2.1;647;217;2.7;383;112;1941;113;1053;228;26.4;40.5;0.777
02/08/2004;04.00.00;0.7;647;126;2.5;383;400;1607;117;822;397;8.6;61.4;0.645
02/08/2004;05.00.00;1.4;647;127;4.8;383;320;1780;104;831;350;16.7;63.8;0.847
02/08/2004;06.00.00;4.3;1187;194;15.5;473;167;2000;151;1169;228;24.6;51.4;0.896
02/08/2004;07.00.00;3.1;1035;240;9.3;383;221;1822;189;1519;228;9.8;45.7;1.63
02/08/2004;08.00.00;0.9;647;263;0.4;383;181;1871;154;1196;299;19.0;38.7;1.157
02/08/2004;09.00.00;0.1;647;229;0.1;383;256;1771;116;1152;271;13.7;51.6;0.536
02/08/2004;10.00.00;1.7;647;138;3.6;383;478;1645;61;551;580;12.3;44.6;1.654
02/08/2004;11.00.00;1.9;647;177;6.8;383;179;1777;114;943;269;12.4;67.0;1.54
02/08/2004;12.00.00;2.8;706;287;12.0;392;274;1716;109;887;417;7.3;67.5;0.563
02/08/2004;13.00.00;1.4;647;109;4.6;383;139;1861;152;1120;291;0.2;48.2;0.547
02/08/2004;14.00.00;2.9;942;173;6.7;383;327;1751;82;672;323;10.3;58.0;0.745
02/08/2004;15.00.00;4.9;1298;274;13.8;418;288;1858;70;551;469;21.3;56.0;0.488
02/08/2004;16.00.00;3.3;884;301;8.8;383;449;1628;127;1162;552;10.1;75.6;1.295
02/08/2004;17.00.00;2.1;647;199;5.9;383;119;1970;157;1329;228;14.4;49.0;1.287
02/08/2004;18.00.00;1.9;647;178;8.3;383;351;1683;120;916;399;7.0;55.8;1.103
02/08/2004;19.00.00;1.7;647;92;7.7;383;439;1695;159;1261;551;19.1;46.7;0.873
02/08/2004;20.00.00;3.8;1082;267;11.8;383;179;1952;51;551;338;31.9;59.7;1.109
02/08/2004;21.00.00;1.3;647;343;4.4;383;226;1809;135;1107;324;22.5;41.1;0.863
02/08/2004;22.00.00;2.2;647;461;5.5;383;275;1807;51;551;418;15.9;29.0;0.833
02/08/2004;23.00.00;2.2;753;254;3.7;383;209;1785;241;1941;228;21.3;82.9;0.933
03/08/2004;00.00.00;1.4;647;213;8.2;383;273;1828;177;1505;293;27.4;37.6;1.071
03/08/2004;01.00.00;0.2;647;130;0.1;383;349;1496;131;865;425;26.0;28.8;1.178
03/08/2004;02.00.00;2.6;647;39;4.7;383;228;1687;36;551;314;27.0;56.5;0.578
03/08/2004;03.00.00;2.1;647;234;10.2;383;227;1863;46;551;300;19.9;49.9;0.931
03/08/2004;04.00.00;2.9;821;441;9.2;383;286;1639;203;1733;487;32.3;30.7;1.012
03/08/2004;05.00.00;1.4;647;338;2.2;383;184;1812;57;551;228;15.2;51.6;0.976
03/08/2004;06.00.00;3.9;1092;324;13.7;383;192;1958;137;1051;268;29.6;39.0;0.246
03/08/2004;07.00.00;0.9;647;241;4.5;383;108;1982;200;1670;228;23.7;27.8;0.942
03/08/2004;08.00.00;4.5;1182;252;11.9;383;239;1999;118;872;255;12.8;57.0;0.832
03/08/2004;09.00.00;0.1;647;7;0.1;383;314;1754;55;551;372;4.2;50.8;0.658
03/08/2004;10.00.00;2.8;781;290;10.6;383;204;1829;27;551;228;19.6;59.8;1.238
03/08/2004;11.00.00;2.8;806;162;7.4;383;127;1898;131;1035;228;5.0;35.3;1.332
03/08/2004;12.00.00;1.0;647;151;3.9;383;231;1740;60;551;228;19.7;63.5;1.126
03/08/2004;13.00.00;2.7;666;187;11.6;383;306;1737;113;835;503;10.2;32.6;0.532
03/08/2004;14.00.00;3.9;998;184;7.8;383;265;1686;61;551;299;24.4;49.8;0.605
03/08/2004;15.00.00;0.1;647;149;0.1;383;587;1624;84;551;647;7.4;41.4;1.545
03/08/2004;16.00.00;2.9;864;219;9.7;383;145;1942;85;692;228;33.3;34.3;1.521
03/08/2004;17.00.00;0.1;647;164;0.1;383;223;1728;100;782;239;20.2;59.2;1.248
03/08/2004;18.00.00;0.8;647;227;1.5;383;365;1654;77;665;419;4.2;57.8;0.629
03/08/2004;19.00.00;4.4;1265;76;16.3;429;139;1919;126;1065;228;24.2;45.1;1.275
03/08/2004;20.00.00;1.3;647;197;2.9;383;541;1588;160;1197;632;5.1;45.6;1.532
03/08/2004;21.00.00;0.5;647;113;0.1;383;246;1718;95;724;527;22.7;49.7;1.888
03/08/2004;22.00.00;1.9;647;157;8.3;383;331;1739;125;929;296;11.4;50.4;0.577
03/08/2004;23.00.00;5.0;1423;231;17.0;463;248;1846;68;551;347;36.1;33.9;1.855
04/08/2004;00.00.00;0.1;647;65;0.2;383;401;1726;37;551;514;17.4;44.6;0.241
04/08/2004;01.00.00;0.7;647;139;2.0;383;83;2068;132;1147;228;0.7;34.3;1.58
04/08/2004;02.00.00;4.2;1189;272;15.6;409;486;1630;155;1194;557;16.5;58.8;0.814
04/08/2004;03.00.00;4.8;1339;83;15.8;454;281;1675;21;551;525;10.0;10.0;1.268
04/08/2004;04.00.00;2.0;647;386;7.7;383;346;1637;108;889;374;29.6;47.0;0.553
04/08/2004;05.00.00;0.4;647;332;0.1;383;133;1994;133;1180;321;20.5;60.3;1.434
04/08/2004;06.00.00;5.1;1389;171;12.4;383;297;1890;126;986;348;14.6;52.2;0.648
04/08/2004;07.00.00;4.4;1120;143;15.3;383;97;1918;84;612;228;21.3;37.2;0.638
04/08/2004;08.00.00;3.1;806;237;12.1;383;425;1689;115;933;481;24.9;9.2;1.506
04/08/2004;09.00.00;1.0;647;80;2.8;383;48;1968;157;1131;228;24.3;54.8;0.458
04/08/2004;10.00.00;2.1;662;27;8.4;383;269;1760;71;586;228;0.1;65.0;0.689
04/08/2004;11.00.00;1.9;647;174;5.5;383;186;1731;187;1546;228;28.9;46.8;1.571
04/08/2004;12.00.00;2.6;716;205;8.2;383;6;2032;46;551;228;3.4;63.3;1.153
04/08/2004;13.00.00;4.2;1070;226;16.9;442;102;2060;156;1281;228;26.7;52.7;1.269
04/08/2004;14.00.00;3.4;1009;159;10.2;383;314;1761;115;913;348;13.2;48.7;0.801
04/08/2004;15.00.00;0.6;647;339;1.4;383;108;1888;88;861;280;15.3;56.9;0.461
04/08/2004;16.00.00;4.1;1133;75;9.3;383;143;1850;24;551;228;15.7;49.2;0.942
04/08/2004;17.00.00;2.6;843;109;9.7;383;303;1797;170;1276;400;18.8;70.4;0.784
04/08/2004;18.00.00;3.1;912;264;8.5;383;385;1783;68;551;358;28.1;59.9;0.788
04/08/2004;19.00.00;4.2;1046;107;13.7;383;347;1764;111;784;440;28.4;49.9;0.92
04/08/2004;20.00.00;0.6;647;103;1.3;383;238;1659;135;986;327;19.5;79.7;1.138
04/08/2004;21.00.00;2.1;647;229;5.8;383;279;1915;227;1836;319;24.7;40.0;0.712
04/08/2004;22.00.00;1.4;647;117;4.3;383;264;1855;95;661;320;16.2;57.4;1.182
04/08/2004;23.00.00;0.1;647;205;0.2;383;87;1915;115;874;228;15.2;58.1;1.482
05/08/2004;00.00.00;2.6;741;151;10.8;383;288;1726;132;969;420;24.9;66.5;1.197
05/08/2004;01.00.00;5.7;1599;136;21.2;455;86;1895;118;959;228;26.3;55.1;1.539
05/08/2004;02.00.00;0.1;647;18;1.6;383;339;1797;76;554;443;13.3;45.3;1.4
05/08/2004;03.00.00;2.1;728;231;9.3;383;266;1628;184;1516;376;31.0;48.3;1.383
05/08/2004;04.00.00;3.0;1080;99;11.5;383;2;2039;90;763;228;28.6;57.2;0.765
05/08/2004;05.00.00;2.3;647;202;8.4;383;395;1705;135;979;442;3.9;86.2;1.387
05/08/2004;06.00.00;2.0;647;169;9.3;383;166;1888;102;894;228;11.2;23.6;1.001
05/08/2004;07.00.00;0.3;647;198;0.1;383;153;1784;83;657;244;12.9;65.9;1.59
05/08/2004;08.00.00;2.5;672;203;6.6;383;392;1549;163;1208;454;15.1;67.1;1.661
05/08/2004;09.00.00;1.1;647;236;1.8;383;221;2002;125;1034;310;9.3;63.2;1.356
05/08/2004;10.00.00;0.1;647;148;0.1;383;337;1740;8;551;299;16.7;50.1;1.094
05/08/2004;11.00.00;3.8;979;336;13.6;383;146;2038;127;1002;228;19.7;41.8;1.145
05/08/2004;12.00.00;3.5;1010;42;8.9;383;368;1777;82;551;449;31.8;40.9;1.092
05/08/2004;13.00.00;2.2;647;196;8.1;383;276;1788;36;551;306;26.6;65.3;0.681
05/08/2004;14.00.00;2.5;647;297;6.7;383;307;1772;158;1397;457;37.0;63.9;0.618
05/08/2004;15.00.00;3.7;1058;263;11.0;383;218;1911;76;551;247;7.6;22.3;1.259
05/08/2004;16.00.00;2.5;686;125;8.3;383;495;1699;125;941;686;19.0;34.9;0.728
05/08/2004;17.00.00;3.4;1064;141;14.3;383;532;1612;157;1260;636;16.9;46.9;1.105
05/08/2004;18.00.00;1.7;647;122;4.1;383;2;2085;101;656;228;17.0;40.5;0.853
05/08/2004;19.00.00;4.0;998;274;12.6;383;387;1781;125;1166;431;13.4;60.4;0.617
05/08/2004;20.00.00;2.6;647;147;6.2;383;80;1961;80;638;228;14.4;40.4;0.725
05/08/2004;21.00.00;2.4;647;242;6.3;383;323;1692;165;1331;330;14.8;88.7;1.896
05/08/2004;22.00.00;0.4;647;243;0.1;383;2;2038;104;862;228;23.9;41.3;0.727
05/08/2004;23.00.00;2.6;789;442;8.7;383;307;1693;138;1089;443;20.6;34.3;0.737
06/08/2004;00.00.00;1.0;647;247;4.0;383;118;1875;185;1440;228;12.6;66.7;0.639
06/08/2004;01.00.00;1.3;647;140;5.4;383;175;1891;24;551;285;25.5;44.8;1.086
06/08/2004;02.00.00;1.0;647;79;1.7;383;179;1849;80;551;304;5.6;64.3;0.896
06/08/2004;03.00.00;0.7;647;191;3.1;383;133;1998;104;870;228;24.5;71.5;0.316
06/08/2004;04.00.00;5.1;1492;206;16.6;473;137;1836;119;1061;228;22.0;67.2;1.608
06/08/2004;05.00.00;4.0;962;7;12.7;383;185;1681;142;1216;228;9.9;41.7;0.18
06/08/2004;06.00.00;4.8;1460;150;13.0;383;222;1926;171;1349;228;19.7;22.9;0.619
06/08/2004;07.00.00;0.4;647;246;1.7;383;295;1767;77;602;397;9.5;77.0;0.871
06/08/2004;08.00.00;2.2;661;167;7.6;383;530;1583;103;956;647;21.6;26.5;1.305
06/08/2004;09.00.00;0.3;647;310;1.3;383;101;1856;166;1270;228;5.2;83.6;0.741
06/08/2004;10.00.00;1.2;647;69;4.6;383;265;1637;129;900;366;21.7;46.8;0.726
06/08/2004;11.00.00;0.9;647;282;4.2;383;364;1643;31;551;548;1.2;44.5;1.062
06/08/2004;12.00.00;3.9;1154;304;10.2;383;137;1935;27;551;228;21.8;40.3;0.81
06/08/2004;13.00.00;1.6;647;308;4.7;383;2;1982;89;551;228;8.3;50.3;0.462
06/08/2004;14.00.00;3.6;942;69;12.7;383;2;1971;139;1147;228;19.6;38.1;1.475
06/08/2004;15.00.00;3.0;997;247;9.0;383;2;1862;138;1018;228;25.8;56.6;1.244
06/08/2004;16.00.00;5.4;1523;154;19.1;496;481;1759;70;551;563;8.5;47.7;1.353
06/08/2004;17.00.00;0.1;647;84;0.5;383;339;1723;144;1135;524;-1.9;30.5;1.074
06/08/2004;18.00.00;3.9;973;178;8.6;383;361;1898;125;908;419;6.6;32.8;0.957
06/08/2004;19.00.00;3.8;1220;132;13.7;383;396;1712;61;551;404;13.9;44.0;1.559
06/08/2004;20.00.00;0.8;647;305;2.3;383;157;1997;84;681;228;8.2;11.8;0.702
06/08/2004;21.00.00;3.6;1078;266;7.9;383;598;1463;19;551;789;3.0;22.2;1.202
06/08/2004;22.00.00;2.6;654;108;7.9;383;297;1640;55;551;397;9.1;70.3;1.072
06/08/2004;23.00.00;1.8;647;149;3.3;383;234;1797;22;551;390;27.3;69.6;1.041
07/08/2004;00.00.00;1.0;647;181;4.7;383;415;1712;38;551;424;29.6;64.9;0.401
07/08/2004;01.00.00;1.1;647;211;3.6;383;348;1775;193;1591;528;6.4;60.5;0.617
07/08/2004;02.00.00;5.0;1303;313;14.2;383;450;1671;93;551;376;22.0;57.1;1.738
07/08/2004;03.00.00;2.2;689;283;8.5;383;459;1815;27;551;388;21.4;56.9;1.245
07/08/2004;04.00.00;3.2;992;222;11.3;383;191;1877;133;1058;228;10.2;37.9;0.533
07/08/2004;05.00.00;1.0;647;193;2.9;383;274;1755;126;1049;367;36.3;66.7;0.318
07/08/2004;06.00.00;1.1;647;49;0.9;383;106;1895;122;1010;228;16.6;33.0;0.545
07/08/2004;07.00.00;3.7;909;340;10.0;383;2;1933;71;616;228;18.5;88.7;0.644
07/08/2004;08.00.00;0.3;647;175;0.1;383;374;1724;142;1085;414;3.5;40.4;1.264
07/08/2004;09.00.00;1.6;647;365;6.5;383;392;1772;60;551;530;22.6;33.0;0.251
07/08/2004;10.00.00;2.2;647;236;3.7;383;2;2111;151;1177;228;3.2;88.7;1.656
07/08/2004;11.00.00;2.3;666;410;7.3;383;136;1867;155;1198;235;19.3;30.9;1.172
07/08/2004;12.00.00;1.9;647;275;5.6;383;254;1792;109;758;228;13.5;62.6;1.482
07/08/2004;13.00.00;2.7;742;81;10.7;383;269;1733;42;551;337;12.4;54.9;1.032
07/08/2004;14.00.00;3.1;940;159;10.4;383;558;1630;151;1080;641;12.3;60.1;0.93
07/08/2004;15.00.00;3.2;871;201;11.2;383;150;1781;84;586;228;29.1;68.7;0.779
07/08/2004;16.00.00;0.8;647;134;1.4;383;219;1766;126;1064;258;25.5;62.6;0.808
07/08/2004;17.00.00;1.8;647;182;3.1;383;345;1391;146;1155;377;24.7;23.0;1.109
07/08/2004;18.00.00;3.8;1133;88;11.6;383;192;1751;74;677;228;17.5;54.8;1.109
07/08/2004;19.00.00;3.4;1015;218;12.4;383;168;1817;215;1701;228;10.5;54.3;0.516
07/08/2004;20.00.00;0.2;647;240;2.3;383;156;1834;110;842;228;13.2;62.2;0.18
07/08/2004;21.00.00;2.6;781;122;7.6;383;281;1671;80;738;419;12.5;48.9;0.891
07/08/2004;22.00.00;0.1;647;402;0.1;383;219;1734;160;1255;257;20.6;34.9;1.57
07/08/2004;23.00.00;2.2;647;224;5.0;383;350;1820;187;1521;501;20.5;33.8;0.857
08/08/2004;00.00.00;4.8;1340;140;15.1;383;300;1697;13;551;448;18.1;47.0;0.18
08/08/2004;01.00.00;0.8;647;63;2.9;383;2;1853;46;551;228;25.5;28.5;1.193
08/08/2004;02.00.00;1.0;647;223;6.1;383;2;1914;75;588;228;15.8;39.6;0.894
08/08/2004;03.00.00;3.2;966;193;10.5;383;169;1782;214;1785;228;21.8;40.9;0.644
08/08/2004;04.00.00;0.1;647;292;1.5;383;395;1677;90;725;375;7.9;44.6;0.18
08/08/2004;05.00.00;1.3;647;204;2.5;383;146;1911;186;1461;322;33.5;88.7;1.154
08/08/2004;06.00.00;3.0;719;104;9.6;383;303;1649;123;1008;411;25.8;32.7;1.31
08/08/2004;07.00.00;1.3;647;376;4.3;383;337;1753;43;551;367;11.7;9.2;0.893
08/08/2004;08.00.00;1.8;647;259;5.5;383;328;1849;155;1323;369;25.1;54.8;0.578
08/08/2004;09.00.00;3.2;874;193;10.2;383;162;1951;128;905;261;24.8;35.0;0.18
08/08/2004;10.00.00;2.7;720;233;9.0;383;70;1990;71;551;228;4.5;68.4;2.015
08/08/2004;11.00.00;2.5;810;263;9.0;383;45;1996;81;614;228;26.1;46.2;0.975
08/08/2004;12.00.00;1.7;647;82;7.7;383;700;1414;62;551;876;9.5;50.6;1.253
08/08/2004;13.00.00;2.7;846;232;4.0;383;315;1860;83;793;477;22.9;26.3;0.927
08/08/2004;14.00.00;2.0;647;175;8.6;383;527;1612;144;1239;627;32.2;50.0;0.952
08/08/2004;15.00.00;2.8;775;266;5.5;383;118;1840;69;551;228;20.9;70.8;0.922
08/08/2004;16.00.00;1.5;647;147;5.3;383;436;1638;117;865;477;42.5;64.0;1.175
08/08/2004;17.00.00;1.9;653;160;10.8;383;173;1807;128;912;228;24.5;52.1;1.309
08/08/2004;18.00.00;0.8;647;375;2.4;383;241;1795;110;779;297;17.1;28.1;1.215
08/08/2004;19.00.00;2.1;647;334;7.1;383;202;1935;35;551;228;16.8;57.4;1.403
08/08/2004;20.00.00;1.0;647;7;2.6;383;111;1896;148;1296;228;21.2;55.5;1.133
08/08/2004;21.00.00;0.6;647;327;3.2;383;113;1845;57;551;228;17.7;70.9;0.977
08/08/2004;22.00.00;2.5;647;211;8.8;383;240;1891;85;673;233;4.3;54.1;1.008
08/08/2004;23.00.00;2.4;673;150;6.5;383;156;1977;90;745;228;15.0;58.8;0.921
09/08/2004;00.00.00;3.2;837;122;10.2;383;265;1724;111;816;307;11.6;42.6;1.334
09/08/2004;01.00.00;1.5;647;127;2.7;383;117;2024;117;935;228;24.5;39.4;0.255
09/08/2004;02.00.00;2.7;733;153;8.5;383;354;1793;145;1187;436;12.1;57.1;1.168
09/08/2004;03.00.00;2.9;869;110;8.5;383;175;1815;98;981;228;21.4;53.4;0.929
09/08/2004;04.00.00;2.8;748;89;9.1;383;496;1700;54;551;596;19.0;53.7;0.995
09/08/2004;05.00.00;1.0;647;119;1.8;383;238;1710;165;1453;228;15.5;51.3;1.128
09/08/2004;06.00.00;2.4;647;248;7.1;383;230;1777;93;752;291;12.8;13.9;1.117
09/08/2004;07.00.00;2.7;647;222;8.5;383;491;1519;104;875;464;18.7;59.2;1.295
09/08/2004;08.00.00;2.2;758;270;7.1;383;170;1785;64;551;228;18.6;60.5;0.973
09/08/2004;09.00.00;0.1;647;211;0.9;383;183;1921;71;551;228;11.9;38.9;0.91
09/08/2004;10.00.00;2.4;647;93;7.3;383;138;1887;182;1260;228;15.9;60.6;0.855
09/08/2004;11.00.00;5.2;1329;264;15.2;475;277;1689;46;551;355;15.7;46.2;0.839
09/08/2004;12.00.00;1.6;647;122;5.4;383;133;1846;54;551;228;21.9;51.0;0.631
09/08/2004;13.00.00;1.1;647;279;3.3;383;364;1654;90;694;459;18.2;37.3;1.633
09/08/2004;14.00.00;2.7;728;107;10.6;383;238;1828;128;1088;351;19.8;48.6;0.83
09/08/2004;15.00.00;2.6;711;152;10.6;383;374;1882;66;636;463;18.8;21.9;0.18
09/08/2004;16.00.00;3.8;1150;183;9.5;383;357;1730;37;551;347;15.1;44.0;0.914
09/08/2004;17.00.00;0.4;647;282;2.5;383;167;1887;54;553;228;13.8;80.2;0.522
09/08/2004;18.00.00;3.2;1076;234;11.8;383;133;2016;93;651;228;28.1;51.8;0.967
09/08/2004;19.00.00;3.0;844;219;6.8;383;195;1799;64;551;228;11.6;43.5;0.782
09/08/2004;20.00.00;2.0;647;397;7.4;383;247;1908;219;1671;328;31.4;42.9;0.833
09/08/2004;21.00.00;2.6;799;43;10.2;383;297;1728;208;1684;343;31.6;37.4;1.242
09/08/2004;22.00.00;3.6;1002;119;9.6;383;314;1719;168;1338;428;12.7;51.2;1.123
09/08/2004;23.00.00;3.4;896;115;10.3;383;241;1780;131;1112;290;22.6;32.1;1.46
10/08/2004;00.00.00;0.5;647;49;2.1;383;141;1878;131;1129;228;22.5;62.0;1.7
10/08/2004;01.00.00;3.3;964;149;11.7;383;156;1861;176;1538;228;24.0;63.6;1.083
10/08/2004;02.00.00;2.1;647;283;4.6;383;325;1768;119;1014;441;21.4;60.8;0.943
10/08/2004;03.00.00;2.3;647;161;9.5;383;146;1848;73;652;228;10.3;65.6;1.149
10/08/2004;04.00.00;2.3;729;186;3.1;383;331;1742;214;1683;312;29.7;65.1;0.65
10/08/2004;05.00.00;1.9;708;54;8.9;383;336;1601;140;1110;367;31.5;54.5;0.67
10/08/2004;06.00.00;3.8;1137;142;13.3;383;480;1678;182;1487;593;13.7;71.8;0.762
10/08/2004;07.00.00;2.0;718;174;5.3;383;172;1952;199;1500;228;12.1;57.2;0.908
10/08/2004;08.00.00;0.6;647;279;3.6;383;196;1860;27;551;228;1.8;39.1;0.743
10/08/2004;09.00.00;1.6;647;58;3.0;383;2;2058;71;561;228;21.9;48.0;1.422
10/08/2004;10.00.00;2.4;779;174;7.9;383;101;1851;103;841;268;16.1;64.2;1.235
10/08/2004;11.00.00;3.9;1012;321;12.9;419;99;2041;137;974;228;8.6;57.0;0.789
10/08/2004;12.00.00;3.0;799;175;10.1;383;323;1756;156;1226;443;19.3;40.1;0.18
10/08/2004;13.00.00;1.0;647;17;1.4;383;522;1453;109;948;556;11.4;49.9;0.943
10/08/2004;14.00.00;5.6;1498;339;17.0;407;334;1829;175;1433;302;21.5;36.0;1.345
10/08/2004;15.00.00;2.5;647;287;8.3;383;397;1739;142;1204;407;12.5;62.9;1.16
10/08/2004;16.00.00;3.9;1224;300;11.1;383;137;2039;141;1106;228;11.5;71.8;0.938
10/08/2004;17.00.00;1.9;647;52;6.7;383;62;2082;99;808;228;18.7;22.3;0.838
10/08/2004;18.00.00;2.9;845;361;8.0;383;208;1940;128;1016;289;15.0;56.0;0.921
10/08/2004;19.00.00;3.3;927;144;12.6;383;150;1917;127;1075;251;6.4;30.8;0.476
10/08/2004;20.00.00;3.9;1044;169;15.5;405;114;1965;159;1294;237;27.4;25.4;0.9
10/08/2004;21.00.00;3.6;1039;151;11.0;383;279;1690;49;551;228;15.0;71.2;0.219
10/08/2004;22.00.00;3.4;1070;307;12.6;383;64;1926;146;968;228;24.9;68.2;0.345
10/08/2004;23.00.00;1.7;647;200;5.0;383;372;1940;33;551;580;20.3;52.7;1.108
11/08/2004;00.00.00;1.3;647;263;2.4;383;184;1713;72;551;249;2.9;40.5;0.962
11/08/2004;01.00.00;2.6;660;225;7.5;383;239;1833;142;1192;278;22.2;44.2;0.492
11/08/2004;02.00.00;3.5;966;208;11.2;383;261;1787;72;648;228;14.9;38.6;1.347
11/08/2004;03.00.00;1.8;647;128;2.3;383;174;1928;114;731;228;16.2;82.7;0.918
11/08/2004;04.00.00;3.6;932;390;12.9;383;439;1664;68;574;598;35.6;82.1;1.176
11/08/2004;05.00.00;4.2;1159;78;13.6;394;2;2095;141;1156;228;21.8;63.0;1.373
11/08/2004;06.00.00;0.9;647;257;4.8;383;442;1647;115;952;574;16.8;50.3;0.662
11/08/2004;07.00.00;1.0;647;253;4.3;383;192;1907;111;795;228;14.6;28.1;0.429
11/08/2004;08.00.00;2.0;720;327;6.5;383;386;1719;165;1364;638;33.7;45.5;0.776
11/08/2004;09.00.00;2.6;759;349;7.5;383;276;1755;133;963;328;17.9;49.4;0.686
11/08/2004;10.00.00;1.4;647;204;7.6;383;376;1664;136;1148;332;26.2;37.5;1.014
11/08/2004;11.00.00;4.0;1137;268;17.3;383;227;1919;166;1364;319;20.8;72.3;1.132
11/08/2004;12.00.00;2.7;902;385;8.1;383;282;1824;171;1342;344;19.3;80.7;0.769
11/08/2004;13.00.00;2.2;809;211;9.1;383;413;1748;67;573;446;26.2;46.4;1.325
11/08/2004;14.00.00;0.1;647;116;0.1;383;260;1891;148;1111;328;20.0;66.6;1.683
11/08/2004;15.00.00;0.3;647;181;0.1;383;449;1598;133;1025;623;17.8;54.2;0.38
11/08/2004;16.00.00;2.5;668;94;7.4;383;299;1738;175;1500;340;22.2;36.3;0.626
11/08/2004;17.00.00;0.1;647;253;1.7;383;133;1865;51;551;228;8.9;68.9;0.887
11/08/2004;18.00.00;3.6;1035;319;9.3;383;191;1929;79;551;246;21.7;75.9;0.68
11/08/2004;19.00.00;1.9;647;206;9.3;383;381;1701;103;778;406;19.0;58.6;1.156
11/08/2004;20.00.00;6.7;1910;64;23.3;622;56;1969;180;1398;228;14.0;41.7;0.59
11/08/2004;21.00.00;5.4;1507;315;18.5;431;367;1621;99;798;542;20.8;63.0;0.727
11/08/2004;22.00.00;1.9;647;49;5.5;383;190;1913;111;877;228;13.0;45.0;1.561
11/08/2004;23.00.00;2.0;647;71;8.1;383;48;2029;80;744;228;11.2;64.3;1.52
12/08/2004;00.00.00;3.5;1140;201;5.5;383;277;1822;150;1327;516;27.2;74.3;1.476
12/08/2004;01.00.00;4.5;1351;241;15.4;426;138;1901;145;1307;228;24.5;38.2;0.67
12/08/2004;02.00.00;0.1;647;258;0.6;383;158;1956;86;867;228;24.6;59.2;1.275
12/08/2004;03.00.00;0.1;647;211;0.1;383;150;1875;62;551;228;28.2;44.3;1.416
12/08/2004;04.00.00;1.3;647;385;4.9;383;263;1902;150;1185;278;23.6;69.0;0.575
12/08/2004;05.00.00;3.0;789;224;10.7;383;186;1908;137;1043;247;5.7;49.9;0.194
12/08/2004;06.00.00;2.8;736;316;5.4;383;305;1654;81;577;228;25.8;75.0;1.248
12/08/2004;07.00.00;3.6;1011;292;9.3;383;400;1668;146;1283;536;14.7;88.7;0.233
12/08/2004;08.00.00;0.5;647;95;5.6;383;328;1762;143;1183;339;13.8;35.7;0.718
12/08/2004;09.00.00;0.1;647;201;0.1;383;522;1526;172;1249;745;22.8;54.8;0.321
12/08/2004;10.00.00;3.4;900;419;12.7;383;559;1638;153;1436;702;26.0;69.7;1.012
12/08/2004;11.00.00;1.0;647;170;5.4;383;201;1680;96;628;313;21.9;46.0;1.778
12/08/2004;12.00.00;0.1;647;153;1.1;383;69;2008;76;583;228;16.7;60.2;1.295
12/08/2004;13.00.00;2.4;647;234;9.6;383;201;1893;209;1684;261;25.2;42.8;1.601
12/08/2004;14.00.00;3.3;925;173;6.2;383;264;1629;88;616;427;19.9;22.8;1.21
12/08/2004;15.00.00;2.0;647;142;5.9;383;586;1539;24;551;635;21.2;61.8;0.355
12/08/2004;16.00.00;1.5;647;172;0.1;383;188;1814;55;551;261;10.0;62.0;0.963
12/08/2004;17.00.00;1.9;647;354;2.7;383;288;1882;15;551;389;7.7;35.7;1.118
12/08/2004;18.00.00;1.6;647;205;4.1;383;141;1819;171;1404;279;15.3;43.2;1.208
12/08/2004;19.00.00;0.3;647;91;0.1;383;192;1909;200;1403;228;10.1;46.3;1.394
12/08/2004;20.00.00;1.1;647;74;3.8;383;60;2031;124;875;228;28.8;61.1;0.683
12/08/2004;21.00.00;2.9;814;427;9.2;383;22;1950;36;551;228;6.2;66.1;1.07
12/08/2004;22.00.00;2.6;731;196;8.6;383;454;1740;170;1397;527;12.3;58.0;0.897
12/08/2004;23.00.00;2.4;688;259;8.0;383;409;1639;135;1000;419;4.2;30.6;1.332
13/08/2004;00.00.00;0.8;647;144;3.1;383;189;1955;172;1323;228;21.2;44.1;0.983
13/08/2004;01.00.00;1.9;647;248;4.1;383;408;1881;141;1123;379;12.9;45.9;1.021
13/08/2004;02.00.00;0.1;647;356;0.1;383;46;2037;46;551;228;31.4;44.5;1.038
13/08/2004;03.00.00;2.4;700;156;7.6;383;219;1873;144;1339;228;21.1;65.7;1.145
13/08/2004;04.00.00;4.2;991;261;13.2;383;272;1744;38;551;348;15.7;71.4;1.004
13/08/2004;05.00.00;0.1;647;84;0.1;383;439;1796;75;610;404;20.0;65.7;1.503
13/08/2004;06.00.00;1.3;647;410;6.4;383;276;1850;162;1434;432;21.5;73.1;0.334
13/08/2004;07.00.00;2.6;687;243;9.8;383;329;1699;160;1267;338;24.3;50.4;1.357
13/08/2004;08.00.00;3.9;1014;178;10.8;383;174;1980;67;567;228;26.0;40.7;1.17
13/08/2004;09.00.00;1.5;647;189;4.5;383;286;1779;58;551;347;14.9;29.5;1.102
13/08/2004;10.00.00;1.2;647;169;7.8;383;439;1702;114;870;558;11.2;44.0;0.903
13/08/2004;11.00.00;0.1;647;174;0.6;383;2;1965;209;1599;228;21.0;35.3;1.72
13/08/2004;12.00.00;2.3;647;7;8.1;383;419;1589;139;1221;374;31.8;80.4;0.999
13/08/2004;13.00.00;5.0;1616;208;14.8;383;213;1757;225;1754;266;28.2;63.8;1.505
13/08/2004;14.00.00;2.5;662;204;7.5;383;30;1944;105;781;228;33.3;33.5;1.768
13/08/2004;15.00.00;2.1;732;264;9.8;383;205;1876;155;1174;236;31.0;46.1;0.718
13/08/2004;16.00.00;2.6;723;168;8.5;383;443;1621;97;813;578;8.8;39.6;0.944
13/08/2004;17.00.00;2.1;647;144;6.7;383;172;1798;74;643;228;17.7;38.4;0.377
13/08/2004;18.00.00;1.0;647;217;3.3;383;291;1690;67;551;259;17.1;42.8;0.57
13/08/2004;19.00.00;3.3;949;64;15.7;383;2;2099;129;1045;228;18.9;43.6;1.242
13/08/2004;20.00.00;2.5;647;231;8.0;383;2;1988;175;1425;228;19.5;41.9;0.954
13/08/2004;21.00.00;2.2;647;41;5.3;383;81;1778;97;890;228;26.8;50.0;0.773
13/08/2004;22.00.00;0.8;647;324;1.2;383;400;1678;181;1351;384;4.3;44.1;1.976
13/08/2004;23.00.00;4.0;1140;283;14.3;383;238;1776;200;1517;398;24.4;68.7;0.895
14/08/2004;00.00.00;3.1;664;130;7.0;383;414;1684;154;1288;380;22.8;49.6;0.481
14/08/2004;01.00.00;1.4;647;280;5.3;383;423;1616;128;1024;393;22.8;49.0;0.635
14/08/2004;02.00.00;3.6;955;228;9.9;383;130;1998;80;756;342;13.2;41.7;1.069
14/08/2004;03.00.00;1.5;647;122;0.9;383;485;1599;175;1492;683;22.9;47.0;1.136
14/08/2004;04.00.00;1.1;647;25;1.4;383;162;1853;58;551;228;13.9;27.4;0.713
14/08/2004;05.00.00;1.1;647;248;3.5;383;399;1655;142;1131;379;20.1;44.7;0.683
14/08/2004;06.00.00;0.1;647;142;3.1;383;392;1723;51;551;397;16.7;69.9;0.711
14/08/2004;07.00.00;2.8;821;322;10.8;383;255;1826;62;551;335;12.1;37.1;1.619
14/08/2004;08.00.00;0.1;647;219;0.1;383;256;1763;110;885;330;4.8;54.7;1.554
14/08/2004;09.00.00;0.4;647;151;3.3;383;295;1765;146;1288;322;24.9;69.8;0.991
14/08/2004;10.00.00;0.1;647;388;0.1;383;263;1768;161;1126;453;14.2;53.8;1.133
14/08/2004;11.00.00;2.0;647;272;3.6;383;186;1918;113;871;228;16.3;43.4;1.056
14/08/2004;12.00.00;1.9;647;7;6.2;383;173;1758;92;760;228;21.6;60.0;0.787
14/08/2004;13.00.00;1.7;647;171;2.4;383;187;1822;75;552;438;8.1;48.5;1.299
14/08/2004;14.00.00;0.7;647;86;3.8;383;432;1638;146;1149;592;22.9;64.0;0.334
14/08/2004;15.00.00;0.5;647;142;3.2;383;2;2109;144;1122;228;20.2;54.4;1.151
14/08/2004;16.00.00;2.8;871;204;7.2;383;169;1958;121;1076;228;7.4;21.9;1.442
14/08/2004;17.00.00;1.4;647;251;4.7;383;196;1874;127;985;245;13.0;39.8;0.662
14/08/2004;18.00.00;2.6;727;242;8.6;383;211;1751;189;1461;228;25.6;53.1;0.828
14/08/2004;19.00.00;0.9;647;320;4.7;383;291;1771;161;1356;348;27.6;67.0;0.18
14/08/2004;20.00.00;2.4;707;278;5.2;383;39;2118;45;551;228;25.3;62.6;0.646
14/08/2004;21.00.00;4.0;1140;272;13.9;383;402;1665;155;1231;514;11.9;64.6;1.699
14/08/2004;22.00.00;3.0;903;237;6.9;383;381;1704;179;1345;267;13.4;46.3;0.228
14/08/2004;23.00.00;1.6;647;340;6.6;383;349;1735;73;556;434;9.0;38.2;0.672
15/08/2004;00.00.00;2.5;666;187;10.2;383;214;1760;158;1265;294;23.9;39.3;1.579
15/08/2004;01.00.00;1.8;647;190;4.5;383;133;1828;257;1957;228;8.0;37.1;0.908
15/08/2004;02.00.00;2.2;647;36;9.4;383;196;1778;136;1081;228;31.9;86.3;0.729
15/08/2004;03.00.00;1.7;647;318;2.3;383;255;1771;101;854;411;17.5;80.2;1.059
15/08/2004;04.00.00;1.9;647;210;8.3;383;347;1757;108;705;414;15.6;28.7;0.751
15/08/2004;05.00.00;2.4;647;496;10.7;383;233;1826;119;902;263;14.2;56.0;0.733
15/08/2004;06.00.00;0.8;647;179;3.1;383;301;1799;37;551;348;12.5;46.9;1.083
15/08/2004;07.00.00;0.7;647;226;1.9;383;179;2029;35;551;228;17.8;44.0;0.813
15/08/2004;08.00.00;0.2;647;269;1.3;383;289;1975;125;1098;504;10.6;59.6;1.109
15/08/2004;09.00.00;0.1;647;113;0.1;383;207;1841;110;883;339;25.8;40.7;1.755
15/08/2004;10.00.00;0.4;647;252;6.7;383;286;1844;144;1132;289;24.7;41.0;1.318
15/08/2004;11.00.00;2.4;657;221;6.4;383;2;2051;99;870;228;19.7;57.6;1.118
15/08/2004;12.00.00;0.9;647;189;5.5;383;320;1829;116;1031;426;24.8;71.9;0.892
15/08/2004;13.00.00;2.9;818;329;7.7;383;328;1820;158;1197;454;11.2;84.0;0.383
15/08/2004;14.00.00;2.2;666;132;10.2;383;326;1696;3;551;397;9.1;58.2;1.488
15/08/2004;15.00.00;0.1;647;244;4.3;383;94;2082;69;551;228;21.7;34.5;0.864
15/08/2004;16.00.00;3.1;793;356;10.6;383;137;2012;87;632;228;16.9;61.6;0.615
15/08/2004;17.00.00;3.3;971;150;11.1;383;113;1986;105;933;228;18.6;42.7;0.41
15/08/2004;18.00.00;0.8;647;189;0.5;383;296;1817;44;551;228;9.7;49.4;1.038
15/08/2004;19.00.00;2.7;719;440;6.6;383;346;1754;69;649;438;18.4;75.9;1.048
15/08/2004;20.00.00;1.0;647;263;3.6;383;139;1904;146;1089;228;8.9;73.2;0.74
15/08/2004;21.00.00;2.3;647;169;10.2;383;447;1705;135;1002;512;26.6;64.6;1.326
15/08/2004;22.00.00;0.4;647;294;0.1;383;445;1664;2;551;514;17.6;77.6;1.113
15/08/2004;23.00.00;0.1;647;164;4.7;383;267;1816;102;841;228;29.2;9.6;0.592
16/08/2004;00.00.00;1.6;647;69;3.9;383;302;1759;106;838;289;19.4;37.6;0.35
16/08/2004;01.00.00;2.0;647;348;6.8;383;2;1987;69;609;228;12.0;60.4;0.93
16/08/2004;02.00.00;1.6;647;113;5.6;383;165;2021;106;882;228;24.3;48.7;0.791
16/08/2004;03.00.00;0.5;647;450;1.4;383;54;1973;131;1093;228;8.9;68.7;1.163
16/08/2004;04.00.00;1.6;647;171;1.0;383;106;1891;147;1233;228;15.6;29.2;1.334
16/08/2004;05.00.00;2.5;660;420;6.8;383;324;1763;117;1030;352;16.6;69.9;1.47
16/08/2004;06.00.00;2.1;647;87;7.1;383;361;1624;144;955;576;-0.2;58.4;0.587
16/08/2004;07.00.00;2.4;693;315;7.5;383;368;1790;113;907;523;29.7;51.5;0.814
16/08/2004;08.00.00;1.2;647;265;5.2;383;282;1784;3;551;480;22.3;21.5;0.742
16/08/2004;09.00.00;3.8;1038;297;13.6;383;326;1723;106;1054;493;6.6;87.1;0.525
16/08/2004;10.00.00;0.5;647;309;1.1;383;2;1973;54;551;228;20.6;29.4;1.352
16/08/2004;11.00.00;2.8;758;170;7.1;383;48;1844;118;771;228;9.0;25.8;0.963
16/08/2004;12.00.00;3.8;1260;93;15.3;383;213;1984;102;933;228;20.5;60.1;1.342
16/08/2004;13.00.00;2.8;723;213;6.3;383;337;1756;101;718;468;10.7;68.4;0.945
16/08/2004;14.00.00;1.9;647;239;4.8;383;177;2012;72;619;228;18.6;47.4;1.281
16/08/2004;15.00.00;1.4;647;173;2.8;383;37;1959;93;793;228;21.2;35.0;0.768
16/08/2004;16.00.00;3.6;1007;244;13.0;403;140;1935;127;1031;228;20.0;41.5;0.535
16/08/2004;17.00.00;0.2;647;249;3.1;383;103;1986;69;551;228;15.5;56.5;1.21
16/08/2004;18.00.00;0.8;647;131;2.2;383;2;2048;83;636;228;12.7;39.5;0.515
16/08/2004;19.00.00;1.6;647;255;5.6;383;586;1505;28;551;815;15.8;70.3;0.688
16/08/2004;20.00.00;3.9;944;192;13.3;383;434;1521;126;1047;451;26.1;35.6;1.094
16/08/2004;21.00.00;2.7;670;151;12.2;383;2;2189;51;551;228;21.8;22.3;0.825
16/08/2004;22.00.00;0.8;647;292;0.1;383;2;1950;114;744;228;24.1;76.1;1.329
16/08/2004;23.00.00;1.7;647;144;7.0;383;122;2115;146;1232;228;17.8;37.5;0.736
17/08/2004;00.00.00;1.3;647;174;4.9;383;18;1947;174;1290;228;26.2;57.7;0.41
17/08/2004;01.00.00;1.2;647;224;3.0;383;610;1632;97;791;746;29.9;58.4;0.907
17/08/2004;02.00.00;3.5;1032;348;11.9;415;123;1958;142;1084;228;7.1;38.1;0.18
17/08/2004;03.00.00;0.2;647;236;2.2;383;301;1820;112;970;338;9.5;59.7;0.872
17/08/2004;04.00.00;4.4;1349;268;15.3;383;168;1825;23;551;228;26.6;41.9;0.499
17/08/2004;05.00.00;3.3;877;189;14.9;383;67;1924;41;551;228;31.8;37.3;1.291
17/08/2004;06.00.00;3.7;1038;210;12.0;383;406;1654;153;1220;431;9.1;48.3;1.072
17/08/2004;07.00.00;1.5;647;213;4.9;383;346;1745;168;1313;451;7.1;78.9;1.222
17/08/2004;08.00.00;1.9;647;245;5.8;383;236;1803;11;551;239;11.9;54.4;1.336
17/08/2004;09.00.00;0.1;647;189;1.6;383;610;1479;129;985;606;14.1;64.8;1.278
17/08/2004;10.00.00;1.4;647;345;4.5;383;281;1709;125;1045;423;19.2;50.4;1.255
17/08/2004;11.00.00;2.8;806;182;9.1;383;176;1801;74;752;243;24.2;40.2;1.31
17/08/2004;12.00.00;4.0;1210;55;12.7;394;539;1611;74;645;725;16.5;54.9;1.373
17/08/2004;13.00.00;0.6;647;478;1.7;383;307;1697;62;555;292;31.8;46.7;0.498
17/08/2004;14.00.00;1.6;647;186;4.0;383;495;1516;20;551;544;17.6;41.6;1.298
17/08/2004;15.00.00;1.9;647;342;7.0;383;240;1819;62;551;319;12.5;62.0;1.077
17/08/2004;16.00.00;0.2;647;351;0.1;383;2;1823;146;999;228;10.4;56.5;1.157
17/08/2004;17.00.00;3.0;789;307;10.8;383;7;1993;96;711;228;14.5;38.4;1.645
17/08/2004;18.00.00;1.1;647;199;3.9;383;411;1676;148;1242;485;19.5;64.2;1.173
17/08/2004;19.00.00;1.9;647;245;5.2;383;155;1920;16;551;228;17.0;48.9;0.916
17/08/2004;20.00.00;1.5;647;96;8.0;383;284;1799;134;1029;484;14.9;63.4;0.3
17/08/2004;21.00.00;1.0;647;407;3.1;383;419;1562;150;1097;472;15.5;37.8;0.888
17/08/2004;22.00.00;2.1;647;137;8.1;383;273;1766;2;551;350;11.7;34.3;1.206
17/08/2004;23.00.00;1.8;647;193;4.5;383;114;1960;87;666;228;19.8;41.2;0.632
18/08/2004;00.00.00;1.6;647;227;1.2;383;244;1838;129;1111;309;33.9;49.5;1.463
18/08/2004;01.00.00;1.1;647;207;2.5;383;262;1727;175;1460;425;15.5;45.8;1.677
18/08/2004;02.00.00;2.6;714;155;4.0;383;183;1886;46;551;228;21.0;70.7;1.068
18/08/2004;03.00.00;4.5;1333;350;13.8;406;34;2045;179;1525;228;14.1;35.5;0.923
18/08/2004;04.00.00;2.3;931;308;10.4;383;191;1768;134;1050;300;31.6;15.4;0.875
18/08/2004;05.00.00;3.5;1001;248;9.5;383;231;1657;64;551;398;13.4;48.9;1.709
18/08/2004;06.00.00;0.2;647;180;0.1;383;25;2121;160;1447;228;14.7;57.6;1.481
18/08/2004;07.00.00;2.4;647;319;10.6;383;105;1940;223;1756;228;5.3;43.0;0.398
18/08/2004;08.00.00;0.6;647;173;1.0;383;136;1854;96;789;228;3.0;52.8;0.988
18/08/2004;09.00.00;0.1;647;367;0.3;383;2;1959;92;743;228;16.3;35.8;1.719
18/08/2004;10.00.00;1.1;647;228;5.1;383;265;1799;67;551;329;13.5;33.2;1.344
18/08/2004;11.00.00;3.8;1099;334;13.3;407;282;1857;201;1539;344;22.0;58.7;0.616
18/08/2004;12.00.00;3.5;1097;207;12.6;383;162;1749;77;728;228;22.2;59.5;0.903
18/08/2004;13.00.00;2.5;802;224;9.8;383;36;1938;66;551;228;19.6;58.9;0.882
18/08/2004;14.00.00;0.1;647;334;0.1;383;308;1885;83;812;367;21.9;58.4;0.567
18/08/2004;15.00.00;1.9;647;426;3.2;383;329;1802;83;799;377;22.9;56.1;1.881
18/08/2004;16.00.00;2.6;793;366;10.6;383;261;1850;85;701;228;21.3;46.6;1.492
18/08/2004;17.00.00;2.4;727;301;6.1;383;252;1830;75;601;248;13.4;60.9;1.172
18/08/2004;18.00.00;0.1;647;273;0.1;383;336;1755;78;566;475;11.5;35.0;1.15
18/08/2004;19.00.00;0.9;647;169;0.4;383;231;1777;119;964;261;15.9;70.2;1.54
18/08/2004;20.00.00;2.1;647;246;5.8;383;105;1870;177;1508;228;14.8;64.3;0.842
18/08/2004;21.00.00;2.9;718;131;8.6;383;235;1876;65;551;228;19.4;23.8;1.334
18/08/2004;22.00.00;0.1;647;253;0.1;383;186;1808;50;551;270;26.0;62.9;1.87
18/08/2004;23.00.00;1.9;647;259;4.0;383;235;1834;128;1111;460;15.4;62.9;1.154
19/08/2004;00.00.00;2.4;647;31;8.2;383;381;1707;138;1100;499;19.5;88.7;1.323
19/08/2004;01.00.00;3.3;1145;221;9.1;383;62;2125;186;1559;228;33.8;31.3;0.958
19/08/2004;02.00.00;3.1;860;257;8.8;383;273;1768;180;1371;347;20.6;26.5;0.806
19/08/2004;03.00.00;3.0;933;210;5.1;383;54;2049;36;551;228;22.0;66.3;0.594
19/08/2004;04.00.00;1.0;647;252;7.2;383;105;1972;17;551;228;31.3;56.6;1.072
19/08/2004;05.00.00;0.1;647;90;2.2;383;486;1601;140;1216;574;16.4;26.1;0.42
19/08/2004;06.00.00;1.6;647;144;4.1;383;315;1647;138;1150;517;23.2;83.6;0.716
19/08/2004;07.00.00;3.6;921;316;9.6;383;270;1779;184;1478;467;11.2;42.9;0.799
19/08/2004;08.00.00;4.1;1114;218;13.1;383;2;2070;131;1048;228;15.1;42.1;1.238
19/08/2004;09.00.00;3.1;863;250;10.0;383;209;1734;85;685;313;15.2;62.3;0.695
19/08/2004;10.00.00;2.8;751;166;6.3;383;2;2065;162;1241;228;21.8;87.5;0.996
19/08/2004;11.00.00;2.7;899;219;3.5;383;251;1906;62;555;395;34.6;40.8;0.463
19/08/2004;12.00.00;1.4;647;7;3.3;383;55;1963;209;1758;228;11.7;59.2;1.041
19/08/2004;13.00.00;2.0;647;298;3.2;383;331;1808;126;988;416;26.9;32.2;1.382
19/08/2004;14.00.00;4.5;1299;389;14.7;383;270;1794;77;658;366;24.8;48.3;0.869
19/08/2004;15.00.00;0.8;647;116;3.0;383;59;1997;70;551;228;19.9;78.7;0.469
19/08/2004;16.00.00;4.4;1228;128;12.2;383;304;1875;122;973;283;20.2;74.3;1.093
19/08/2004;17.00.00;1.7;647;259;4.4;383;566;1422;109;805;716;23.7;41.5;1.752
19/08/2004;18.00.00;4.0;1134;358;16.3;410;214;1766;106;833;275;18.2;64.5;0.88
19/08/2004;19.00.00;0.2;647;217;2.1;383;380;1795;50;551;366;14.6;52.0;1.079
19/08/2004;20.00.00;3.0;921;101;8.6;383;2;2113;105;890;228;27.0;47.7;0.615
19/08/2004;21.00.00;1.1;647;198;8.2;383;317;1633;152;1172;509;16.9;18.7;0.819
19/08/2004;22.00.00;0.2;647;120;0.1;383;158;1997;76;652;228;19.1;41.8;0.775
19/08/2004;23.00.00;2.5;672;154;6.2;383;204;1630;125;925;235;10.0;31.3;1.218
20/08/2004;00.00.00;3.6;1000;189;11.2;383;337;1780;166;1359;375;17.5;54.3;0.706
20/08/2004;01.00.00;1.0;647;129;0.1;383;208;1850;143;1322;453;6.6;35.3;0.839
20/08/2004;02.00.00;0.1;647;144;3.9;383;2;1939;54;551;228;19.2;10.9;1.096
20/08/2004;03.00.00;2.0;673;225;6.8;383;479;1562;128;920;518;6.6;54.9;0.19
20/08/2004;04.00.00;2.0;647;238;4.9;383;24;1929;183;1538;228;4.1;59.0;1.294
20/08/2004;05.00.00;2.9;827;82;10.2;383;117;1889;136;1117;228;6.4;36.4;0.482
20/08/2004;06.00.00;3.5;858;255;11.4;383;265;1946;169;1393;285;21.6;9.7;0.52
20/08/2004;07.00.00;2.1;647;181;6.0;383;267;1852;160;1382;340;10.2;43.7;0.54
20/08/2004;08.00.00;4.7;1310;286;12.8;383;311;1865;58;551;377;17.0;34.6;1.567
20/08/2004;09.00.00;2.5;647;292;5.0;383;266;1761;198;1533;411;12.9;24.9;1.526
20/08/2004;10.00.00;1.7;647;166;9.7;383;421;1681;173;1429;289;21.4;46.0;0.685
20/08/2004;11.00.00;0.1;647;276;0.1;383;321;1657;99;878;428;3.9;42.5;1.654
20/08/2004;12.00.00;1.8;647;138;9.1;383;64;1926;175;1420;228;17.6;35.7;1.642
20/08/2004;13.00.00;1.7;647;343;3.7;383;2;1954;106;849;228;14.7;54.3;1.05
20/08/2004;14.00.00;3.5;901;142;12.8;383;269;1823;108;895;253;23.9;50.9;1.84
20/08/2004;15.00.00;2.8;751;251;9.9;383;470;1567;70;619;525;22.9;42.0;1.521
20/08/2004;16.00.00;0.5;647;200;2.9;383;54;1889;63;551;228;0.9;52.5;0.952
20/08/2004;17.00.00;2.4;764;121;9.1;383;85;1963;120;882;228;27.4;47.6;1.234
20/08/2004;18.00.00;3.1;885;303;6.7;383;300;1755;100;799;357;26.3;33.2;0.738
20/08/2004;19.00.00;4.3;1148;159;12.4;383;319;1688;41;551;320;21.7;50.4;0.872
20/08/2004;20.00.00;3.4;981;56;8.1;383;417;1598;129;1212;506;6.9;59.2;0.947
20/08/2004;21.00.00;3.2;1036;7;10.7;383;497;1546;137;1090;545;22.1;45.2;0.644
20/08/2004;22.00.00;2.2;698;134;4.5;383;282;1839;127;1038;268;23.6;88.7;1.079
20/08/2004;23.00.00;2.7;798;348;4.7;383;104;1950;126;962;228;15.5;48.5;0.213
21/08/2004;00.00.00;3.9;1149;337;12.0;383;108;1852;132;1113;228;25.6;56.4;1.061
21/08/2004;01.00.00;0.3;647;149;0.1;383;162;1812;120;880;228;31.5;52.5;0.851
21/08/2004;02.00.00;1.7;647;182;5.8;383;403;1585;129;1037;466;14.9;59.7;1.299
21/08/2004;03.00.00;1.1;647;173;0.9;383;169;1832;137;1022;284;10.9;59.0;0.824
21/08/2004;04.00.00;2.7;836;91;6.9;383;393;1695;84;551;435;16.3;38.9;1.113
21/08/2004;05.00.00;3.9;997;127;7.8;383;12;1919;52;633;228;22.2;53.3;0.88
21/08/2004;06.00.00;1.3;647;311;7.5;383;289;1943;128;1090;441;17.9;44.0;0.573
21/08/2004;07.00.00;0.1;647;265;0.1;383;131;1945;120;1026;228;10.3;39.3;1.064
21/08/2004;08.00.00;1.6;647;243;4.3;383;325;1736;134;1150;347;27.3;45.9;1.015
21/08/2004;09.00.00;3.4;916;91;7.4;383;206;1841;167;1455;307;16.6;45.6;1.383
21/08/2004;10.00.00;2.9;878;227;7.6;383;368;1594;111;903;361;22.8;71.3;1.585
21/08/2004;11.00.00;2.7;647;7;12.3;383;179;1760;106;922;311;23.2;35.0;1.898
21/08/2004;12.00.00;1.8;647;298;6.2;383;242;1912;135;1043;228;16.6;53.2;1.141
21/08/2004;13.00.00;0.4;647;242;0.1;383;369;1835;64;551;449;23.0;53.0;1.162
21/08/2004;14.00.00;2.9;673;90;9.1;383;230;1638;115;797;228;31.9;44.7;1.102
21/08/2004;15.00.00;1.0;647;371;2.0;383;254;1833;108;880;333;25.3;68.4;0.667
21/08/2004;16.00.00;5.2;1349;47;16.5;383;362;1820;155;1198;551;5.0;58.0;0.853
21/08/2004;17.00.00;2.9;778;268;10.9;383;234;1785;90;717;228;16.6;21.7;1.184
21/08/2004;18.00.00;1.3;647;270;3.6;383;3;2118;117;1005;228;12.5;74.2;1.485
21/08/2004;19.00.00;1.3;647;100;4.6;383;158;1934;105;868;282;27.6;88.7;1.476
21/08/2004;20.00.00;2.0;647;214;6.9;383;2;2034;2;551;228;18.0;82.9;0.911
21/08/2004;21.00.00;1.8;647;62;5.2;383;207;1814;87;653;242;16.8;57.0;0.686
21/08/2004;22.00.00;3.7;1062;7;10.4;383;318;1752;112;931;360;6.0;30.4;1.582
21/08/2004;23.00.00;2.4;861;116;6.7;383;265;1752;70;551;289;42.5;51.8;0.757
22/08/2004;00.00.00;1.1;647;159;5.0;383;459;1656;107;842;478;18.9;27.1;0.505
22/08/2004;01.00.00;4.8;1331;279;16.9;383;442;1666;177;1393;511;16.8;66.3;1.088
22/08/2004;02.00.00;2.2;647;224;4.8;383;285;1737;159;1192;274;5.9;58.6;0.88
22/08/2004;03.00.00;3.2;843;226;9.8;383;2;1842;23;551;228;19.4;86.7;0.959
22/08/2004;04.00.00;1.3;647;121;2.6;383;348;1705;149;1241;374;17.6;63.3;0.91
22/08/2004;05.00.00;2.7;854;167;10.1;383;127;1816;139;1046;258;19.0;35.0;0.97
22/08/2004;06.00.00;2.6;725;129;7.3;383;380;1605;108;815;510;6.9;72.2;0.974
22/08/2004;07.00.00;0.1;647;101;4.7;383;293;1709;2;551;272;4.7;47.9;1.225
22/08/2004;08.00.00;5.0;1513;161;16.3;444;346;1789;150;1317;330;31.5;46.6;1.051
22/08/2004;09.00.00;4.0;919;225;15.0;411;322;1652;92;805;369;8.6;54.4;0.986
22/08/2004;10.00.00;1.6;647;163;3.1;383;611;1439;123;1121;675;22.2;41.1;1.174
22/08/2004;11.00.00;0.6;647;187;2.0;383;325;1795;66;641;331;15.8;39.3;1.32
22/08/2004;12.00.00;2.6;773;284;9.7;383;50;1898;77;611;228;26.0;88.7;0.483
22/08/2004;13.00.00;2.3;647;170;5.2;383;409;1581;157;1422;513;19.5;70.0;0.722
22/08/2004;14.00.00;2.6;681;91;8.5;383;180;1920;190;1651;314;18.7;59.9;0.364
22/08/2004;15.00.00;2.4;716;271;9.8;383;451;1628;92;734;456;19.1;50.2;0.982
22/08/2004;16.00.00;2.9;991;243;8.5;383;482;1619;185;1505;431;11.8;24.9;0.786
22/08/2004;17.00.00;4.2;1249;249;11.7;383;341;1709;92;686;350;8.7;66.4;0.616
22/08/2004;18.00.00;2.9;925;277;13.0;383;50;1993;91;727;228;16.0;40.4;0.998
22/08/2004;19.00.00;0.7;647;261;0.1;383;175;1914;44;551;228;5.8;45.1;0.597
22/08/2004;20.00.00;4.1;1088;220;13.3;383;451;1629;136;1048;672;1.0;64.4;1.199
22/08/2004;21.00.00;4.4;1182;445;12.8;383;551;1438;103;892;619;19.2;22.4;0.966
22/08/2004;22.00.00;6.6;1798;95;19.1;514;255;1819;106;768;353;15.8;46.9;0.886
22/08/2004;23.00.00;0.6;647;162;3.3;383;203;1809;94;733;242;25.8;52.5;1.054
23/08/2004;00.00.00;2.5;647;309;7.6;383;65;2016;65;567;228;24.8;61.4;1.207
23/08/2004;01.00.00;0.1;647;231;1.1;383;67;1874;143;1121;228;22.1;41.5;0.964
23/08/2004;02.00.00;2.9;804;290;4.8;383;281;1749;110;972;376;22.0;23.0;0.872
23/08/2004;03.00.00;1.4;647;234;5.4;383;353;1598;151;1310;420;11.7;52.5;0.921
23/08/2004;04.00.00;4.8;1384;348;14.1;383;18;2047;67;551;228;21.8;34.2;1.306
23/08/2004;05.00.00;1.1;647;122;0.1;383;372;1799;124;960;433;13.1;58.3;0.376
23/08/2004;06.00.00;0.1;647;345;4.1;383;455;1596;215;1728;559;22.7;67.7;0.978
23/08/2004;07.00.00;1.5;647;329;6.0;383;342;1710;78;577;228;40.0;52.3;1.527
23/08/2004;08.00.00;0.1;647;103;0.8;383;498;1536;89;848;554;-1.2;28.1;1.339
23/08/2004;09.00.00;3.2;818;277;12.7;383;300;1702;89;680;295;23.9;53.0;1.111
23/08/2004;10.00.00;0.1;647;213;0.8;383;301;1813;62;576;417;18.6;52.7;1.224
23/08/2004;11.00.00;2.2;685;160;5.4;383;298;1720;192;1420;419;13.0;36.5;1.904
23/08/2004;12.00.00;0.1;647;38;0.1;383;453;1674;2;551;558;24.0;71.7;1.068
23/08/2004;13.00.00;1.7;647;121;4.1;383;328;1736;54;551;402;7.9;52.6;0.822
23/08/2004;14.00.00;4.5;1235;285;13.2;383;164;1928;135;984;228;34.4;52.5;1.504
23/08/2004;15.00.00;2.7;701;295;6.0;383;310;1719;77;582;300;26.5;49.5;1.071
23/08/2004;16.00.00;0.9;647;197;1.1;383;312;1836;111;921;346;13.6;78.8;0.278
23/08/2004;17.00.00;2.1;647;295;8.5;383;213;1979;111;1015;247;2.6;75.4;1.084
23/08/2004;18.00.00;2.2;688;307;7.6;383;402;1542;136;1078;482;13.0;43.5;1.218
23/08/2004;19.00.00;2.8;773;232;8.0;383;259;1784;116;941;228;29.4;65.0;0.625
23/08/2004;20.00.00;0.2;647;149;0.1;383;353;1709;94;781;502;33.4;48.4;1.81
23/08/2004;21.00.00;3.0;768;259;8.7;383;323;1683;119;895;306;16.1;61.2;0.75
23/08/2004;22.00.00;0.1;647;264;0.1;383;134;1924;104;833;228;23.7;37.2;0.795
23/08/2004;23.00.00;1.3;647;282;4.3;383;96;2012;194;1721;228;14.7;45.8;1.381
24/08/2004;00.00.00;1.5;647;300;6.6;383;136;1732;85;714;228;15.7;21.9;1.252
24/08/2004;01.00.00;3.0;822;88;14.5;383;233;1649;139;1284;335;11.0;48.9;1.076
24/08/2004;02.00.00;2.2;647;169;4.8;383;489;1740;156;1256;447;29.2;34.3;1.18
24/08/2004;03.00.00;0.2;647;37;2.4;383;238;1789;49;551;254;12.3;26.4;0.854
24/08/2004;04.00.00;0.8;647;288;1.1;383;303;1764;59;560;286;21.2;50.9;0.806
24/08/2004;05.00.00;2.4;661;197;5.5;383;379;1610;205;1746;486;19.4;30.8;0.558
24/08/2004;06.00.00;2.0;647;258;4.3;383;191;1850;80;604;228;39.0;37.9;1.775
24/08/2004;07.00.00;1.3;647;77;4.6;383;182;1963;113;937;250;18.3;81.8;0.459
24/08/2004;08.00.00;1.5;647;351;2.9;383;406;1714;104;832;454;14.0;32.3;0.981
24/08/2004;09.00.00;3.1;872;104;8.8;383;332;1749;111;778;346;12.2;43.8;0.473
24/08/2004;10.00.00;1.4;647;291;3.7;383;159;1730;95;655;263;25.3;31.4;0.933
24/08/2004;11.00.00;2.0;647;229;5.0;383;182;1913;118;934;375;34.2;72.9;1.182
24/08/2004;12.00.00;5.2;1413;200;15.0;383;259;1793;73;683;281;32.5;52.7;1.013
24/08/2004;13.00.00;0.2;647;192;0.1;383;296;1714;102;886;293;14.1;68.3;1.753
24/08/2004;14.00.00;0.1;647;157;0.5;383;436;1702;18;551;512;24.5;56.3;1.172
24/08/2004;15.00.00;3.2;975;341;10.5;383;327;1670;107;769;401;9.7;52.7;1.01
24/08/2004;16.00.00;1.2;647;219;2.2;383;95;1968;129;962;228;17.8;58.7;1.263
24/08/2004;17.00.00;1.7;647;97;6.2;383;125;1996;159;1195;228;7.0;18.7;0.803
24/08/2004;18.00.00;1.1;647;181;6.2;383;293;1777;168;1274;231;18.4;29.6;0.933
24/08/2004;19.00.00;1.8;647;230;5.8;383;267;1751;94;597;229;9.9;57.3;0.488
24/08/2004;20.00.00;4.4;1244;303;16.7;554;116;1860;153;1031;256;17.5;54.3;1.379
24/08/2004;21.00.00;3.3;901;160;14.9;403;407;1704;57;551;305;28.6;30.3;1.167
24/08/2004;22.00.00;3.4;1074;166;15.8;450;2;1963;88;581;228;11.2;50.7;1.321
24/08/2004;23.00.00;0.2;647;220;0.1;383;297;1951;190;1619;327;14.8;44.5;1.57
25/08/2004;00.00.00;0.5;647;300;0.1;383;9;1879;121;1262;228;25.7;66.2;1.016
25/08/2004;01.00.00;0.1;647;87;0.1;383;380;1685;124;1155;363;15.0;53.3;0.868
25/08/2004;02.00.00;1.0;647;266;3.5;383;205;1857;104;855;228;8.4;55.3;1.13
25/08/2004;03.00.00;3.5;1013;173;14.3;405;360;1723;202;1559;530;14.7;36.6;0.963
25/08/2004;04.00.00;2.9;723;187;10.5;383;186;1806;138;1073;228;18.2;43.4;0.721
25/08/2004;05.00.00;1.8;647;408;3.5;383;448;1739;184;1485;651;22.9;34.8;0.878
25/08/2004;06.00.00;2.1;647;199;5.6;383;2;2051;84;842;228;3.6;49.3;1.175
25/08/2004;07.00.00;1.2;647;289;3.7;383;380;1754;66;551;499;22.5;48.9;0.673
25/08/2004;08.00.00;2.4;647;286;4.8;383;152;1824;76;610;228;19.6;60.9;0.302
25/08/2004;09.00.00;3.2;855;105;10.3;387;303;1725;143;1153;249;1.2;69.8;0.41
25/08/2004;10.00.00;0.1;647;42;0.1;383;309;1791;192;1529;445;15.9;48.0;1.175
25/08/2004;11.00.00;2.6;647;295;4.9;383;32;1885;148;1031;228;18.9;11.0;0.954
25/08/2004;12.00.00;3.5;889;115;9.2;383;398;1734;155;1218;496;11.0;72.0;1.059
25/08/2004;13.00.00;1.6;647;59;5.8;383;306;1746;121;862;288;9.6;60.2;0.938
25/08/2004;14.00.00;3.1;814;315;10.8;383;263;1874;51;598;275;17.6;34.6;1.163
25/08/2004;15.00.00;6.1;1634;121;19.7;489;304;1721;210;1726;422;17.8;88.7;1.365
25/08/2004;16.00.00;2.0;647;144;8.4;383;265;1933;144;1248;506;1.0;50.4;1.291
25/08/2004;17.00.00;2.7;647;405;10.4;383;373;1733;138;1034;376;12.4;38.3;0.432
25/08/2004;18.00.00;1.1;647;60;4.0;383;173;1902;154;1203;308;11.5;41.7;0.647
25/08/2004;19.00.00;2.4;837;98;7.8;383;373;1645;30;551;555;7.3;66.0;1.166
25/08/2004;20.00.00;2.8;819;174;9.2;383;333;1753;88;793;451;24.9;38.8;0.719
25/08/2004;21.00.00;2.4;647;195;7.5;383;219;1780;142;1176;325;25.5;23.9;1.419
25/08/2004;22.00.00;0.7;647;133;0.1;383;528;1453;106;955;577;6.4;70.5;1.526
25/08/2004;23.00.00;2.4;728;107;10.1;383;315;1732;109;1031;300;16.6;48.6;1.519
26/08/2004;00.00.00;4.2;1254;361;14.2;383;275;1872;174;1517;293;21.5;40.5;0.949
26/08/2004;01.00.00;2.8;767;242;6.5;383;333;1727;118;1032;421;25.9;64.4;1.187
26/08/2004;02.00.00;3.5;1057;273;14.0;383;229;1792;227;1908;251;25.0;51.2;0.964
26/08/2004;03.00.00;1.8;647;204;4.6;383;429;1631;111;861;455;15.2;43.6;1.606
26/08/2004;04.00.00;3.2;811;245;10.0;383;242;1985;151;1228;235;18.7;44.7;1.006
26/08/2004;05.00.00;2.5;724;306;10.2;383;371;1751;136;1144;421;26.7;55.3;1.671
26/08/2004;06.00.00;0.8;647;123;3.1;383;82;1806;85;708;228;14.7;68.2;0.18
26/08/2004;07.00.00;2.6;653;243;11.0;383;2;1954;63;551;228;10.6;56.5;0.745
26/08/2004;08.00.00;0.8;647;284;1.7;383;307;1721;114;906;414;27.0;79.3;0.863
26/08/2004;09.00.00;1.3;647;364;7.4;383;187;1792;205;1423;266;9.6;25.9;1.911
26/08/2004;10.00.00;2.4;654;403;6.2;383;216;1831;94;806;228;4.2;33.4;0.447
26/08/2004;11.00.00;2.6;800;224;10.8;383;2;1952;137;1111;228;20.3;18.5;1.089
26/08/2004;12.00.00;0.5;647;326;0.1;383;506;1554;100;815;702;23.7;41.7;1.18
26/08/2004;13.00.00;3.6;935;7;9.4;383;261;1802;123;1165;288;27.7;77.6;1.446
26/08/2004;14.00.00;3.0;741;365;10.0;383;450;1516;167;1371;478;23.3;59.8;0.751
26/08/2004;15.00.00;1.2;647;149;2.9;383;32;1801;118;883;228;24.3;62.8;0.348
26/08/2004;16.00.00;0.1;647;195;0.2;383;261;1890;83;722;245;9.1;54.6;1.408
26/08/2004;17.00.00;1.9;647;259;6.3;383;308;1820;190;1527;433;21.0;37.6;1.461
26/08/2004;18.00.00;1.5;647;203;2.5;383;266;1816;83;760;315;22.6;74.3;0.932
26/08/2004;19.00.00;2.3;674;236;5.2;383;281;1798;145;1116;228;13.1;39.8;0.994
26/08/2004;20.00.00;1.6;647;368;5.7;383;33;1958;41;551;228;18.1;46.1;0.238
26/08/2004;21.00.00;0.1;647;181;0.1;383;294;2005;174;1354;338;27.3;81.5;1.746
26/08/2004;22.00.00;1.6;647;114;7.8;383;117;1921;238;1765;228;25.0;58.4;1.452
26/08/2004;23.00.00;1.7;647;390;5.1;383;151;2087;111;858;229;27.6;63.9;0.614
27/08/2004;00.00.00;3.0;917;268;11.2;383;248;1966;63;637;231;13.8;41.2;1.405
27/08/2004;01.00.00;1.2;647;400;4.6;383;192;1883;149;1140;228;30.2;25.6;0.18
27/08/2004;02.00.00;4.5;1225;300;13.2;383;200;1822;117;830;228;13.7;26.3;0.895
27/08/2004;03.00.00;0.1;647;92;0.1;383;417;1666;215;1684;485;6.3;38.4;0.905
27/08/2004;04.00.00;4.0;1110;279;15.1;492;222;1790;84;691;301;17.0;44.2;0.535
27/08/2004;05.00.00;1.8;647;124;3.9;383;185;1888;48;551;371;17.2;48.9;0.959
27/08/2004;06.00.00;3.4;966;218;9.9;383;227;1872;127;1026;344;11.2;52.8;1.024
27/08/2004;07.00.00;2.3;888;210;6.9;383;75;1841;140;1148;228;21.1;50.9;1.32
27/08/2004;08.00.00;3.7;1156;64;11.9;383;270;1992;76;608;312;37.5;60.3;1.738
27/08/2004;09.00.00;1.6;647;140;7.1;383;356;1652;159;1265;245;22.0;53.7;1.199
27/08/2004;10.00.00;0.6;647;427;2.0;383;294;1549;115;1066;429;24.9;66.0;1.921
27/08/2004;11.00.00;4.1;1170;240;13.0;383;251;1792;100;814;285;23.9;56.4;1.076
27/08/2004;12.00.00;2.0;647;201;8.4;383;338;1637;139;1049;408;13.2;51.4;0.682
27/08/2004;13.00.00;2.5;754;390;9.1;383;161;1866;99;853;228;9.6;37.6;0.716
27/08/2004;14.00.00;3.9;1097;180;10.9;383;252;1804;77;616;308;16.8;58.3;0.971
27/08/2004;15.00.00;0.7;647;209;0.1;383;459;1667;35;551;497;18.1;27.4;0.709
27/08/2004;16.00.00;3.0;841;312;7.9;383;201;1919;83;748;249;28.4;70.3;1.352
27/08/2004;17.00.00;1.3;647;179;4.1;383;339;1648;232;1969;330;12.0;66.2;0.941
27/08/2004;18.00.00;2.0;647;147;3.8;383;342;1696;114;826;434;18.2;44.6;1.129
27/08/2004;19.00.00;2.3;647;7;7.4;383;130;1950;64;651;228;18.0;42.2;0.613
27/08/2004;20.00.00;0.1;647;129;0.1;383;351;1666;173;1385;459;15.7;65.3;1.297
27/08/2004;21.00.00;1.1;647;128;0.1;383;153;1727;110;881;228;22.4;48.0;0.755
27/08/2004;22.00.00;4.0;1127;233;10.1;383;311;1800;127;935;457;19.9;64.3;1.466
27/08/2004;23.00.00;3.4;918;160;5.1;383;150;1834;126;1069;326;29.0;67.0;0.755
28/08/2004;00.00.00;2.1;647;423;5.9;383;289;1718;184;1360;228;19.2;36.2;0.735
28/08/2004;01.00.00;2.5;753;117;10.1;383;265;1796;49;551;228;2.5;23.6;0.636
28/08/2004;02.00.00;1.7;647;351;1.8;383;263;1789;183;1596;302;9.9;47.3;0.475
28/08/2004;03.00.00;4.0;1154;238;10.3;383;287;1849;148;1164;308;13.8;64.2;1.534
28/08/2004;04.00.00;1.9;647;294;5.7;383;164;1768;116;1020;235;-1.8;48.1;1.529
28/08/2004;05.00.00;2.5;738;288;5.8;383;67;2126;72;582;228;9.5;66.4;1.329
28/08/2004;06.00.00;3.8;1055;7;9.9;383;258;1680;101;697;334;25.8;29.8;0.87
28/08/2004;07.00.00;1.1;647;216;4.5;383;414;1637;115;929;364;5.8;17.8;0.37
28/08/2004;08.00.00;4.3;1249;193;12.9;383;335;1662;199;1583;417;22.0;50.3;1.352
28/08/2004;09.00.00;0.1;647;110;0.1;383;314;1752;181;1526;525;7.7;31.4;0.622
28/08/2004;10.00.00;4.4;1078;261;10.0;383;167;1867;94;726;242;17.8;41.2;0.689
28/08/2004;11.00.00;1.6;647;381;9.6;383;274;1793;209;1715;324;18.0;46.0;1.007
28/08/2004;12.00.00;1.8;647;7;8.0;383;118;1925;158;1184;228;20.1;66.9;1.314
28/08/2004;13.00.00;0.1;647;167;0.1;383;181;1959;135;1119;228;6.4;62.0;1.27
28/08/2004;14.00.00;1.5;647;99;5.0;383;300;1772;99;797;394;26.1;41.5;1.332
28/08/2004;15.00.00;0.7;647;224;1.2;383;2;2109;85;672;228;14.4;68.5;0.429
28/08/2004;16.00.00;1.3;647;187;5.2;383;510;1451;139;1114;521;10.7;85.2;0.939
28/08/2004;17.00.00;2.0;647;160;4.6;383;41;1791;131;1027;228;21.7;49.3;1.179
28/08/2004;18.00.00;3.5;993;283;10.1;383;534;1582;94;765;645;17.8;70.6;0.36
28/08/2004;19.00.00;2.4;852;373;8.7;383;117;1932;166;1316;228;12.3;84.8;0.973
28/08/2004;20.00.00;2.6;672;470;11.2;383;116;1864;120;888;228;14.7;61.5;1.002
28/08/2004;21.00.00;0.6;647;147;3.5;383;185;1851;133;960;238;-1.9;44.2;0.516
28/08/2004;22.00.00;0.9;647;45;5.4;383;178;1943;164;1276;228;16.4;58.2;1.112
28/08/2004;23.00.00;4.7;1254;271;14.3;430;153;1930;152;1196;228;14.6;33.5;1.288
29/08/2004;00.00.00;1.1;647;370;2.3;383;189;1822;35;551;318;14.4;37.9;0.872
29/08/2004;01.00.00;4.5;1296;295;10.4;383;260;1807;149;1198;369;11.9;42.3;1.6
29/08/2004;02.00.00;1.8;647;370;5.9;383;108;1973;114;1090;228;22.9;49.6;1.33
29/08/2004;03.00.00;2.2;647;196;7.6;383;374;1601;91;787;439;21.4;53.9;0.797
29/08/2004;04.00.00;3.6;973;160;11.1;383;462;1565;115;910;441;20.3;32.6;1.218
29/08/2004;05.00.00;3.9;1034;228;11.0;383;2;2072;98;721;228;9.6;77.6;0.269
29/08/2004;06.00.00;2.0;647;186;8.9;383;529;1437;119;816;580;12.8;47.3;1.66
29/08/2004;07.00.00;1.6;647;280;6.4;383;364;1621;112;967;376;-1.9;41.6;1.199
29/08/2004;08.00.00;2.1;647;310;9.3;383;285;1674;146;1202;488;21.4;76.2;1.141
29/08/2004;09.00.00;2.6;756;317;6.5;383;158;1946;39;551;228;28.6;63.4;0.697
29/08/2004;10.00.00;3.4;972;266;9.5;383;271;1696;121;1051;249;1.4;56.0;0.52
29/08/2004;11.00.00;2.2;647;241;9.3;383;383;1756;111;960;512;25.9;56.0;1.372
29/08/2004;12.00.00;3.0;947;293;9.6;383;645;1455;221;1714;773;27.4;50.5;1.184
29/08/2004;13.00.00;4.4;1253;31;13.1;383;581;1677;19;551;626;10.8;49.1;1.135
29/08/2004;14.00.00;2.7;735;238;7.6;383;12;2000;157;1278;228;39.0;52.8;1.272
29/08/2004;15.00.00;2.6;758;222;8.3;383;214;1913;133;1114;307;10.5;63.0;0.792
29/08/2004;16.00.00;0.1;647;238;2.3;383;257;1830;149;1110;378;14.2;37.3;0.945
29/08/2004;17.00.00;0.1;647;209;0.1;383;451;1602;91;777;562;16.0;57.8;1.034
29/08/2004;18.00.00;2.7;797;259;10.2;383;233;1812;128;1031;350;22.2;38.6;0.646
29/08/2004;19.00.00;2.0;647;163;7.4;383;130;1896;119;1048;228;11.3;74.0;1.192
29/08/2004;20.00.00;1.4;647;325;2.8;383;254;1759;282;2322;268;14.1;43.9;0.906
29/08/2004;21.00.00;2.5;768;262;6.2;383;187;1921;98;789;361;7.2;42.0;0.927
29/08/2004;22.00.00;2.1;647;232;5.7;383;396;1883;75;675;528;18.9;17.9;1.075
29/08/2004;23.00.00;3.7;954;151;9.3;383;611;1520;209;1551;845;28.7;41.0;1.039
30/08/2004;00.00.00;2.3;769;295;6.2;383;385;1749;129;1006;451;16.3;65.7;1.017
30/08/2004;01.00.00;1.1;647;237;6.6;383;391;1729;137;1023;537;23.5;74.6;0.256
30/08/2004;02.00.00;3.5;952;146;11.3;383;435;1443;167;1292;543;15.1;17.4;0.905
30/08/2004;03.00.00;1.8;647;212;4.4;383;315;1786;116;888;456;30.1;29.9;0.999
30/08/2004;04.00.00;2.9;835;277;13.1;383;184;1887;92;642;228;18.6;57.7;0.588
30/08/2004;05.00.00;1.5;647;270;2.9;383;200;1740;119;1031;228;9.5;42.3;0.725
30/08/2004;06.00.00;1.2;647;264;2.0;383;413;1525;72;641;595;18.8;88.7;1.721
30/08/2004;07.00.00;2.3;671;226;9.7;383;290;1802;43;551;367;16.3;59.2;1.234
30/08/2004;08.00.00;2.2;647;315;8.3;383;95;2055;72;551;228;16.1;68.5;0.953
30/08/2004;09.00.00;2.8;1005;335;8.8;383;446;1613;2;551;422;21.2;68.5;0.655
30/08/2004;10.00.00;1.8;647;288;7.3;383;127;1871;95;760;228;5.5;49.0;0.97
30/08/2004;11.00.00;0.1;647;162;0.9;383;73;2125;89;820;228;16.5;36.4;1.841
30/08/2004;12.00.00;1.5;647;117;2.6;383;111;1982;141;1090;238;26.6;88.7;0.863
30/08/2004;13.00.00;3.3;1015;166;5.6;383;292;1668;119;1031;452;28.4;39.4;0.942
30/08/2004;14.00.00;1.7;647;403;4.4;383;394;1627;106;810;480;12.2;39.0;0.316
30/08/2004;15.00.00;1.8;647;244;7.9;383;284;1946;169;1401;380;4.9;54.0;0.597
30/08/2004;16.00.00;3.5;1045;420;10.4;383;160;1818;92;808;228;30.0;43.5;0.914
30/08/2004;17.00.00;1.2;647;206;4.6;383;122;1859;59;551;228;10.7;33.1;1.094
30/08/2004;18.00.00;0.1;647;193;0.7;383;363;1762;2;551;441;14.6;52.7;1.861
30/08/2004;19.00.00;1.9;681;210;2.8;383;231;1793;114;884;228;11.4;53.0;0.819
30/08/2004;20.00.00;1.5;647;209;3.9;383;298;1796;110;930;327;17.4;52.4;0.949
30/08/2004;21.00.00;0.8;647;144;3.3;383;224;1843;173;1264;251;13.2;24.9;1.146
30/08/2004;22.00.00;1.9;647;108;4.5;383;291;1754;71;634;482;24.7;25.8;0.921
30/08/2004;23.00.00;2.8;931;265;8.4;383;305;1852;149;1095;379;23.6;48.1;1.191
31/08/2004;00.00.00;2.1;695;318;7.6;383;617;1404;2;551;707;7.5;69.5;1.453
31/08/2004;01.00.00;2.6;757;450;8.4;383;307;1763;50;551;418;5.8;65.8;1.707
31/08/2004;02.00.00;4.7;1385;176;17.1;556;186;1804;131;996;228;8.8;49.5;0.18
31/08/2004;03.00.00;1.7;647;184;6.1;383;272;1913;146;1183;540;12.7;29.4;0.5
31/08/2004;04.00.00;2.5;773;144;6.2;383;100;1905;33;551;228;22.6;65.4;0.86
31/08/2004;05.00.00;1.4;647;324;3.6;383;99;2074;74;604;228;20.5;82.1;1.115
31/08/2004;06.00.00;1.0;647;295;3.1;383;437;1616;115;842;460;30.6;63.3;0.782
31/08/2004;07.00.00;1.3;647;134;6.9;383;292;1774;108;964;495;12.6;78.7;0.862
31/08/2004;08.00.00;1.5;647;132;3.8;383;417;1753;139;1119;512;9.3;62.9;1.161
31/08/2004;09.00.00;2.7;691;308;5.0;383;2;1921;156;1329;228;17.7;76.6;0.262
31/08/2004;10.00.00;5.4;1611;254;18.3;460;96;2043;51;551;228;4.0;55.6;0.552
31/08/2004;11.00.00;1.1;647;290;2.2;383;291;1768;134;1117;228;18.7;24.8;1.372
31/08/2004;12.00.00;1.6;647;134;2.4;383;119;1937;78;581;228;13.3;52.0;0.72
31/08/2004;13.00.00;2.1;647;39;6.6;383;28;2021;129;1093;228;33.6;58.6;1.675
31/08/2004;14.00.00;2.7;840;134;10.6;383;80;1929;90;867;228;16.3;29.9;1.1
31/08/2004;15.00.00;2.5;873;283;6.9;383;196;1777;164;1224;364;34.2;10.9;1.664
31/08/2004;16.00.00;3.9;1166;418;13.6;383;309;1760;141;1197;418;21.4;51.3;1.528
31/08/2004;17.00.00;0.1;647;177;1.7;383;508;1432;65;551;648;24.0;53.4;0.873
31/08/2004;18.00.00;0.1;647;434;1.9;383;84;1827;32;551;228;21.4;49.6;0.4
31/08/2004;19.00.00;1.5;647;296;3.2;383;92;1914;170;1434;228;5.7;73.6;1.18
31/08/2004;20.00.00;3.7;1093;85;9.6;383;24;2104;79;778;228;29.0;65.6;0.888
31/08/2004;21.00.00;0.1;647;238;0.1;383;333;1854;84;841;384;24.3;69.9;0.933
31/08/2004;22.00.00;0.1;647;300;1.9;383;265;1866;148;1212;378;18.6;67.1;0.871
31/08/2004;23.00.00;2.9;684;7;10.8;383;98;1798;63;551;228;6.8;43.5;0.484
01/09/2004;00.00.00;2.5;647;279;6.1;383;118;1928;122;963;228;4.5;44.5;1.196
01/09/2004;01.00.00;0.6;647;329;6.3;383;227;1749;113;902;256;15.9;37.0;0.707
01/09/2004;02.00.00;0.8;647;255;0.3;383;235;1806;109;960;391;25.1;62.0;0.658
01/09/2004;03.00.00;0.8;647;212;4.5;383;86;2006;170;1361;228;18.7;19.7;0.9
01/09/2004;04.00.00;2.3;658;201;10.4;383;273;1834;135;916;257;20.6;44.5;1.43
01/09/2004;05.00.00;1.3;647;196;4.3;383;35;2074;159;1330;228;30.1;45.1;0.953
01/09/2004;06.00.00;2.8;765;106;7.6;383;253;1684;101;813;286;24.9;42.7;0.591
01/09/2004;07.00.00;0.1;647;152;0.1;383;218;1743;78;698;339;23.5;50.2;1.047
01/09/2004;08.00.00;1.0;647;178;2.5;383;307;1874;162;1322;515;23.5;35.0;1.511
01/09/2004;09.00.00;0.6;647;228;4.0;383;431;1776;85;739;398;21.4;68.4;1.328
01/09/2004;10.00.00;1.8;647;165;3.3;383;189;1847;118;952;228;22.8;65.9;0.283
01/09/2004;11.00.00;1.4;647;135;0.8;383;246;1801;133;1089;393;22.0;63.6;1.084
01/09/2004;12.00.00;3.3;747;290;11.2;383;2;2092;76;551;228;22.5;63.5;1.499
01/09/2004;13.00.00;0.1;647;253;1.5;383;547;1604;76;638;644;44.6;88.7;1.054
01/09/2004;14.00.00;2.2;647;166;11.0;383;2;2046;99;784;228;17.1;52.3;0.375
01/09/2004;15.00.00;2.9;827;266;6.6;383;233;1739;148;1228;228;0.1;48.4;0.36
01/09/2004;16.00.00;4.7;1253;174;14.9;487;2;2090;129;942;228;9.4;83.7;0.641
01/09/2004;17.00.00;1.5;647;223;7.0;383;119;1888;48;551;228;27.0;43.3;0.444
01/09/2004;18.00.00;2.6;717;310;8.6;383;511;1479;206;1673;629;21.2;39.2;0.517
01/09/2004;19.00.00;0.1;647;160;0.1;383;421;1600;131;1113;591;15.7;62.1;0.433
01/09/2004;20.00.00;0.1;647;106;1.9;383;396;1634;92;741;470;21.4;51.2;0.909
01/09/2004;21.00.00;3.3;785;204;9.5;383;216;1945;105;893;263;25.5;83.1;0.788
01/09/2004;22.00.00;2.1;647;88;8.6;383;498;1545;101;631;612;22.4;55.5;0.938
01/09/2004;23.00.00;3.8;1068;191;9.7;383;285;1802;95;752;228;29.4;43.4;1.227
02/09/2004;00.00.00;0.2;647;191;0.1;383;351;1549;168;1288;505;33.1;64.5;0.49
02/09/2004;01.00.00;2.9;647;7;8.7;383;650;1554;227;1787;828;25.4;28.9;1.649
02/09/2004;02.00.00;4.8;1442;268;10.1;383;412;1606;88;787;538;17.5;40.8;1.355
02/09/2004;03.00.00;2.7;824;200;8.9;383;235;1842;91;600;310;28.8;64.0;0.249
02/09/2004;04.00.00;2.5;752;330;4.7;383;324;1771;108;928;497;12.1;31.8;1.132
02/09/2004;05.00.00;2.2;647;238;7.5;383;460;1681;46;551;570;8.7;43.3;0.778
02/09/2004;06.00.00;0.1;647;287;0.7;383;341;1753;138;1209;392;8.6;65.6;1.066
02/09/2004;07.00.00;4.0;1077;331;12.8;383;365;1860;121;809;300;16.0;69.9;1.152
02/09/2004;08.00.00;1.3;647;205;5.0;383;443;1662;120;1008;430;9.4;63.7;0.784
02/09/2004;09.00.00;2.9;726;217;9.5;383;633;1673;24;551;735;20.7;9.2;0.886
02/09/2004;10.00.00;0.1;647;68;0.1;383;102;1968;4;551;228;23.1;55.7;0.745
02/09/2004;11.00.00;0.5;647;335;5.3;383;353;1739;95;878;376;32.7;70.4;1.104
02/09/2004;12.00.00;4.2;1263;204;14.1;383;316;1818;144;989;361;15.2;83.5;0.927
02/09/2004;13.00.00;1.7;647;122;6.9;383;186;1866;27;551;228;27.1;29.6;1.13
02/09/2004;14.00.00;4.2;1132;288;15.5;383;146;1918;155;1329;251;20.1;27.6;0.881
02/09/2004;15.00.00;2.0;647;10;7.9;383;498;1628;98;657;575;23.6;54.2;0.32
02/09/2004;16.00.00;0.1;647;177;4.4;383;89;1948;73;633;228;32.9;25.9;0.943
02/09/2004;17.00.00;3.4;1061;304;11.2;383;30;2145;116;962;228;24.6;45.9;1.231
02/09/2004;18.00.00;1.3;647;176;4.2;383;159;2053;50;551;228;12.0;57.5;1.389
02/09/2004;19.00.00;3.1;804;149;8.7;393;2;2024;2;551;228;9.1;65.8;0.284
02/09/2004;20.00.00;2.2;647;178;6.5;383;116;2007;170;1295;228;6.4;57.9;0.995
02/09/2004;21.00.00;0.1;647;27;0.1;383;84;2028;110;1011;228;3.9;65.8;1.443
02/09/2004;22.00.00;2.4;774;285;9.0;383;259;1880;78;672;283;14.5;64.8;0.775
02/09/2004;23.00.00;5.2;1535;206;14.9;383;467;1669;85;706;394;19.7;53.5;1.492
03/09/2004;00.00.00;2.8;858;192;9.2;383;155;1928;75;687;318;18.2;54.9;0.18
03/09/2004;01.00.00;2.1;647;192;7.7;383;378;1743;96;840;228;13.1;77.0;0.613
03/09/2004;02.00.00;3.7;1116;219;12.0;383;360;1653;107;704;500;3.1;61.7;0.503
03/09/2004;03.00.00;2.4;648;280;6.0;383;2;1993;146;1031;228;28.4;62.9;1.019
03/09/2004;04.00.00;2.4;647;213;9.2;383;161;1775;79;625;228;12.4;52.9;0.845
03/09/2004;05.00.00;0.6;647;88;1.8;383;188;1895;62;551;247;22.2;26.8;1.46
03/09/2004;06.00.00;2.5;647;272;2.2;383;304;1791;87;830;276;9.8;45.6;1.377
03/09/2004;07.00.00;3.6;923;265;9.6;383;333;1789;231;1770;434;5.0;54.6;0.811
03/09/2004;08.00.00;1.0;647;237;5.9;383;296;1700;120;971;351;14.3;70.3;1.282
03/09/2004;09.00.00;4.1;1359;320;16.2;383;109;1989;132;1104;228;22.5;77.3;0.648
03/09/2004;10.00.00;2.0;647;220;7.5;383;149;1918;100;1001;228;4.5;44.8;1.335
03/09/2004;11.00.00;0.9;647;323;4.5;383;16;2165;196;1661;228;15.5;68.3;0.251
03/09/2004;12.00.00;3.5;895;351;9.8;383;256;1859;154;1181;228;17.0;33.5;2.055
03/09/2004;13.00.00;1.7;647;273;5.1;383;189;1800;63;551;228;14.6;54.6;1.22
03/09/2004;14.00.00;3.2;834;146;12.8;383;327;1629;120;1020;379;8.0;66.3;1.69
03/09/2004;15.00.00;1.7;647;205;6.4;383;352;1735;94;805;414;16.8;83.5;1.305
03/09/2004;16.00.00;2.1;647;335;6.7;383;194;1761;132;983;228;12.4;32.0;0.682
03/09/2004;17.00.00;2.8;843;75;8.7;383;289;1709;160;1449;228;6.3;31.2;0.18
03/09/2004;18.00.00;2.6;775;180;10.5;383;212;1752;54;551;284;27.4;78.9;0.701
03/09/2004;19.00.00;0.1;647;185;2.6;383;75;1893;130;1096;228;25.8;77.5;1.266
03/09/2004;20.00.00;0.6;647;135;3.2;383;123;2017;74;551;284;12.9;52.7;0.351
03/09/2004;21.00.00;3.5;915;300;11.2;383;2;1921;180;1479;228;13.2;57.5;1.778
03/09/2004;22.00.00;2.0;662;253;5.6;383;185;1817;159;1259;228;17.2;42.5;0.923
03/09/2004;23.00.00;1.4;647;150;5.9;383;155;1761;17;551;228;24.8;46.5;1.917
04/09/2004;00.00.00;0.2;647;275;0.1;383;78;1800;58;551;228;28.5;20.1;0.757
04/09/2004;01.00.00;0.6;647;202;0.3;383;371;1680;48;551;377;6.2;49.5;1.234
04/09/2004;02.00.00;0.1;647;133;0.1;383;326;1755;110;835;463;25.6;51.4;1.218
04/09/2004;03.00.00;2.0;655;150;8.9;383;330;1643;127;1030;282;18.9;84.2;0.356
04/09/2004;04.00.00;1.3;647;259;2.8;383;351;1596;150;1351;579;16.6;74.6;1.161
04/09/2004;05.00.00;0.8;647;307;3.4;383;245;1653;101;859;228;8.3;58.4;1.223
04/09/2004;06.00.00;2.1;647;171;6.3;383;244;1816;99;563;228;16.7;33.0;1.295
04/09/2004;07.00.00;2.7;701;269;14.3;383;373;1776;126;915;295;17.0;40.8;1.508
04/09/2004;08.00.00;5.1;1303;368;17.1;468;348;1607;264;1966;385;15.2;45.3;0.371
04/09/2004;09.00.00;0.1;647;98;0.1;383;403;1625;40;551;518;16.6;66.6;1.214
04/09/2004;10.00.00;3.8;1065;251;14.4;383;239;1895;22;551;239;26.6;20.9;0.511
04/09/2004;11.00.00;3.5;959;296;10.5;383;95;1906;87;902;228;20.5;45.6;0.591
04/09/2004;12.00.00;1.1;647;208;3.0;383;282;1766;78;708;228;25.7;48.1;0.56
04/09/2004;13.00.00;2.4;647;335;6.4;383;157;1904;77;649;228;6.6;24.0;1.089
04/09/2004;14.00.00;1.5;647;426;5.2;383;345;1687;112;934;470;15.2;65.2;1.272
04/09/2004;15.00.00;2.4;777;250;8.1;383;290;1705;56;551;361;14.0;10.0;0.88
04/09/2004;16.00.00;4.3;1155;195;12.3;383;253;1821;84;551;360;22.5;45.3;0.985
04/09/2004;17.00.00;3.0;841;310;8.6;383;186;1740;98;678;228;19.9;48.4;0.37
04/09/2004;18.00.00;2.9;647;297;9.4;383;399;1551;99;836;428;24.1;73.4;1.132
04/09/2004;19.00.00;1.5;647;7;0.3;383;387;1634;106;850;448;30.8;60.9;0.801
04/09/2004;20.00.00;0.1;647;217;0.1;383;160;1928;105;870;294;19.8;18.2;0.57
04/09/2004;21.00.00;1.9;647;180;9.3;383;58;2046;74;722;228;17.7;33.4;0.18
04/09/2004;22.00.00;3.8;1215;255;12.9;383;273;1743;100;750;391;15.9;23.1;0.586
04/09/2004;23.00.00;0.1;647;199;0.1;383;427;1724;112;872;574;4.0;47.2;0.895
05/09/2004;00.00.00;0.7;647;209;0.1;383;52;2068;159;1292;228;8.0;36.0;1.22
05/09/2004;01.00.00;2.3;689;135;7.3;383;317;1748;41;551;389;5.0;45.4;0.587
05/09/2004;02.00.00;0.8;647;287;4.4;383;120;1954;114;795;228;13.7;30.2;0.861
05/09/2004;03.00.00;1.0;647;375;8.6;383;90;2076;120;1076;228;14.9;36.8;1.598
05/09/2004;04.00.00;1.6;647;137;8.8;383;388;1632;121;951;446;31.8;61.7;1.462
05/09/2004;05.00.00;0.2;647;85;0.1;383;345;1704;124;953;577;18.8;61.8;0.783
05/09/2004;06.00.00;0.8;647;219;1.5;383;222;1949;49;551;288;19.2;32.5;0.803
05/09/2004;07.00.00;3.1;993;215;7.1;383;366;1631;120;832;379;12.0;9.2;1.739
05/09/2004;08.00.00;0.3;647;329;0.1;383;350;1731;118;920;398;16.9;67.9;1.066
05/09/2004;09.00.00;0.1;647;101;0.1;383;18;1934;139;1068;228;0.3;48.3;0.863
05/09/2004;10.00.00;1.3;647;166;3.3;383;258;1901;105;869;264;23.1;38.2;0.959
05/09/2004;11.00.00;3.2;925;13;14.3;434;462;1535;87;551;552;14.7;29.4;0.636
05/09/2004;12.00.00;1.9;647;348;3.4;383;318;1739;161;1224;303;8.3;43.7;0.429
05/09/2004;13.00.00;1.5;647;241;4.7;383;2;1914;54;551;228;16.6;46.4;0.87
05/09/2004;14.00.00;2.2;743;173;3.0;383;82;1816;47;551;228;23.3;60.8;1.486
05/09/2004;15.00.00;0.1;647;92;1.0;383;398;1529;53;551;490;24.2;87.3;0.914
05/09/2004;16.00.00;2.8;918;101;6.4;383;160;1858;129;973;228;32.4;38.4;0.902
05/09/2004;17.00.00;2.7;894;257;10.8;383;417;1704;78;872;393;17.0;71.1;1.244
05/09/2004;18.00.00;1.6;647;112;4.5;383;559;1554;107;921;728;8.9;40.0;1.048
05/09/2004;19.00.00;3.6;1194;227;8.6;383;209;1851;179;1397;228;20.8;41.1;0.392
05/09/2004;20.00.00;0.6;647;412;0.1;383;151;1844;56;551;231;25.8;17.0;1.129
05/09/2004;21.00.00;3.7;1026;184;10.0;383;92;2005;31;551;228;21.9;20.7;0.262
05/09/2004;22.00.00;2.4;731;126;8.1;383;362;1768;152;1197;363;19.1;16.5;1.491
05/09/2004;23.00.00;1.7;647;254;6.2;383;153;1887;72;675;228;23.9;70.1;1.207
06/09/2004;00.00.00;2.1;647;101;5.8;383;184;1868;56;551;242;15.2;58.4;1.187
06/09/2004;01.00.00;2.0;672;381;8.3;383;76;1901;107;909;228;18.5;76.1;1.842
06/09/2004;02.00.00;3.9;1081;351;10.1;383;179;2011;103;822;288;20.2;26.1;0.558
06/09/2004;03.00.00;0.6;647;202;0.1;383;137;1954;71;593;228;-1.9;44.9;1.279
06/09/2004;04.00.00;1.1;647;132;4.0;383;2;1990;139;1138;228;12.7;43.1;1.076
06/09/2004;05.00.00;3.6;952;177;14.1;383;117;1892;75;606;233;7.9;47.5;1.223
06/09/2004;06.00.00;1.3;647;189;6.8;383;360;1680;73;745;441;6.9;26.6;0.83
06/09/2004;07.00.00;3.4;1010;254;8.3;383;452;1614;23;551;519;6.7;64.3;1.208
06/09/2004;08.00.00;4.5;1385;316;13.4;383;229;1835;2;551;265;18.8;30.0;0.963
06/09/2004;09.00.00;1.6;647;119;6.5;383;251;1662;124;987;274;22.3;41.0;1.402
06/09/2004;10.00.00;3.1;956;314;8.7;383;289;1748;49;551;463;8.9;72.3;1.112
06/09/2004;11.00.00;0.5;647;276;1.9;383;546;1552;105;848;594;9.3;52.6;1.381
06/09/2004;12.00.00;3.2;962;169;8.8;383;91;1926;205;1638;228;21.3;65.2;0.728
06/09/2004;13.00.00;2.4;837;114;5.6;383;52;1971;135;1038;228;26.0;47.4;0.807
06/09/2004;14.00.00;2.8;732;229;7.2;383;238;1812;114;875;374;21.2;66.9;0.55
06/09/2004;15.00.00;1.2;647;117;5.9;383;306;1787;133;1152;425;25.8;56.9;1.511
06/09/2004;16.00.00;0.1;647;315;0.3;383;240;1796;216;1727;285;16.5;13.7;1.721
06/09/2004;17.00.00;2.9;731;111;11.7;383;37;2049;22;551;228;24.2;22.6;0.692
06/09/2004;18.00.00;0.1;647;270;1.4;383;381;1747;106;795;368;15.3;32.3;1.103
06/09/2004;19.00.00;1.7;647;210;8.7;383;224;1999;183;1532;316;20.8;47.8;1.546
06/09/2004;20.00.00;3.5;1043;164;12.7;396;330;1791;127;1120;472;8.9;32.5;1.056
06/09/2004;21.00.00;2.4;647;208;9.3;383;483;1553;170;1292;687;29.4;69.1;1.059
06/09/2004;22.00.00;4.9;1400;320;15.4;495;22;1969;82;591;228;31.7;58.4;0.669
06/09/2004;23.00.00;3.6;948;104;17.5;383;2;1957;52;551;228;19.4;46.7;1.042
07/09/2004;00.00.00;1.2;647;178;4.2;383;332;1734;204;1720;373;31.2;51.6;0.607
07/09/2004;01.00.00;2.2;647;146;3.1;383;2;2086;116;855;228;21.7;74.4;1.6
07/09/2004;02.00.00;2.1;647;214;7.2;383;184;1826;152;1193;228;17.2;23.0;0.18
07/09/2004;03.00.00;0.1;647;152;0.1;383;158;1827;155;1166;228;14.4;64.6;0.513
07/09/2004;04.00.00;0.8;647;50;4.7;383;301;1800;174;1530;246;32.9;54.7;1.089
07/09/2004;05.00.00;1.4;647;117;5.8;383;144;1819;127;974;228;16.8;88.7;0.467
07/09/2004;06.00.00;0.1;647;373;0.1;383;321;1673;129;1166;287;17.9;68.4;0.231
07/09/2004;07.00.00;2.2;647;241;5.3;383;82;1964;136;1092;228;25.4;55.9;2.041
07/09/2004;08.00.00;1.8;647;238;6.1;383;55;1811;82;618;228;21.1;46.9;1.239
07/09/2004;09.00.00;0.1;647;191;0.1;383;248;1762;163;1371;245;15.6;60.8;0.903
07/09/2004;10.00.00;2.7;676;213;10.3;383;262;1858;85;681;304;25.5;34.0;1.203
07/09/2004;11.00.00;3.2;946;177;11.2;383;291;1620;166;1441;284;5.4;19.5;1.169
07/09/2004;12.00.00;2.5;647;268;13.8;408;472;1481;151;1191;619;17.3;51.9;0.723
07/09/2004;13.00.00;1.7;647;227;4.5;383;441;1531;7;551;551;18.2;55.3;0.878
07/09/2004;14.00.00;3.0;656;106;8.9;383;315;1529;151;1177;451;16.8;26.7;0.892
07/09/2004;15.00.00;3.1;944;242;9.6;383;369;1855;124;1093;363;24.6;18.0;0.843
07/09/2004;16.00.00;2.6;788;7;8.0;383;286;1780;177;1436;340;11.3;58.7;0.822
07/09/2004;17.00.00;1.0;647;257;5.2;383;426;1605;196;1510;493;17.1;61.6;1.32
07/09/2004;18.00.00;2.5;647;84;7.6;383;301;1655;118;831;348;38.1;36.3;0.921
07/09/2004;19.00.00;3.8;1167;208;16.2;478;161;2046;130;1057;273;23.8;24.6;1.373
07/09/2004;20.00.00;1.3;647;104;5.4;383;130;1947;51;551;228;25.9;70.3;0.691
07/09/2004;21.00.00;5.1;1388;218;15.3;383;422;1652;104;697;470;17.1;65.5;1.18
07/09/2004;22.00.00;1.4;647;272;3.0;383;217;1923;192;1626;228;29.1;52.0;0.209
07/09/2004;23.00.00;2.2;647;360;9.1;383;539;1599;113;805;819;5.3;88.7;1.2
08/09/2004;00.00.00;1.2;647;71;3.9;383;77;1898;157;1117;228;27.0;56.2;1.345
08/09/2004;01.00.00;2.5;734;310;7.9;383;437;1601;111;884;572;16.1;48.5;0.538
08/09/2004;02.00.00;0.1;647;230;0.1;383;180;1808;107;835;228;12.6;36.4;1.101
08/09/2004;03.00.00;1.4;647;175;4.3;383;308;1672;140;1054;406;12.0;43.8;1.303
08/09/2004;04.00.00;0.6;647;290;0.7;383;46;2051;2;551;228;17.4;25.1;0.886
08/09/2004;05.00.00;2.3;676;195;10.2;383;2;1956;130;1022;228;25.8;36.8;1.352
08/09/2004;06.00.00;3.5;987;286;12.8;395;472;1730;5;551;591;8.2;78.8;0.721
08/09/2004;07.00.00;3.1;976;123;9.4;383;178;1790;109;856;228;30.0;52.5;1.115
08/09/2004;08.00.00;0.1;647;157;0.1;383;396;1634;72;551;532;10.0;59.7;1.024
08/09/2004;09.00.00;5.0;1484;307;16.2;384;145;1847;57;551;228;15.2;18.5;1.052
08/09/2004;10.00.00;2.6;783;359;8.2;383;396;1610;183;1502;421;13.5;80.6;1.441
08/09/2004;11.00.00;1.1;647;214;1.5;383;180;1808;166;1307;255;18.3;62.0;1.037
08/09/2004;12.00.00;2.4;752;7;3.8;383;60;1995;95;634;228;12.8;44.0;0.82
08/09/2004;13.00.00;2.4;663;199;6.1;383;344;1820;227;1940;490;13.4;77.9;1.703
08/09/2004;14.00.00;1.2;647;221;3.6;383;390;1711;160;1184;352;8.3;19.5;1.681
08/09/2004;15.00.00;2.4;673;195;6.3;383;343;1629;105;913;421;19.0;88.7;1.79
08/09/2004;16.00.00;1.3;647;249;5.8;383;223;1772;22;551;276;7.3;45.8;1.473
08/09/2004;17.00.00;1.6;647;172;4.6;383;2;1952;108;841;228;15.6;24.6;1.291
08/09/2004;18.00.00;1.2;647;297;7.6;383;82;2070;82;731;228;10.0;36.7;1.542
08/09/2004;19.00.00;0.1;647;107;0.1;383;138;1967;90;803;228;9.4;26.5;0.765
08/09/2004;20.00.00;2.4;647;335;7.8;383;206;1931;132;977;304;12.0;65.8;0.68
08/09/2004;21.00.00;3.0;647;365;8.9;383;419;1608;82;780;444;11.1;41.7;0.417
08/09/2004;22.00.00;2.9;859;131;10.1;383;228;1715;176;1437;379;21.5;10.2;0.72
08/09/2004;23.00.00;3.3;1101;131;12.7;383;2;2044;87;551;228;13.5;20.4;0.915
09/09/2004;00.00.00;2.6;777;257;9.5;383;2;1961;63;551;228;28.5;18.4;0.389
09/09/2004;01.00.00;1.4;647;105;0.4;383;139;1911;144;1108;258;12.5;66.6;1.011
09/09/2004;02.00.00;3.3;926;171;11.6;383;167;1899;111;928;245;16.6;55.2;0.608
09/09/2004;03.00.00;0.2;647;322;0.1;383;300;1728;154;1181;367;13.7;29.5;0.18
09/09/2004;04.00.00;0.9;647;288;2.2;383;23;2061;121;919;228;17.0;41.5;0.18
09/09/2004;05.00.00;0.8;647;406;3.9;383;34;1855;46;551;228;17.8;48.1;0.523
09/09/2004;06.00.00;3.7;958;234;9.5;383;315;1756;127;1038;418;17.6;40.9;0.766
09/09/2004;07.00.00;3.5;1106;159;13.4;383;450;1694;69;596;416;23.1;37.9;1.478
09/09/2004;08.00.00;2.8;674;222;8.4;383;2;2134;120;959;228;18.5;37.8;0.55
09/09/2004;09.00.00;3.7;1079;203;16.0;383;128;1908;84;650;228;20.0;81.0;1.897
09/09/2004;10.00.00;0.9;647;205;3.1;383;416;1767;103;832;386;27.5;40.1;1.276
09/09/2004;11.00.00;2.6;890;215;11.9;383;388;1784;115;1005;357;15.6;78.6;0.977
09/09/2004;12.00.00;2.0;647;129;8.7;383;104;2103;148;1102;228;28.3;42.1;0.673
09/09/2004;13.00.00;3.3;905;244;9.5;383;423;1687;86;585;486;19.3;60.7;0.846
09/09/2004;14.00.00;2.0;647;84;3.8;383;252;1961;2;551;436;-1.9;68.8;0.616
09/09/2004;15.00.00;1.6;647;149;5.4;383;346;1787;67;551;391;19.5;49.8;0.875
09/09/2004;16.00.00;2.9;722;206;8.1;383;138;1766;119;874;228;29.3;41.8;0.781
09/09/2004;17.00.00;3.4;884;7;14.0;383;290;1769;169;1449;439;22.8;61.0;1.264
09/09/2004;18.00.00;1.2;647;291;3.4;383;67;1872;127;883;228;17.1;42.0;0.459
09/09/2004;19.00.00;2.1;647;22;6.0;383;162;1992;160;1266;228;13.7;46.1;1.111
09/09/2004;20.00.00;0.7;647;281;0.1;383;200;1853;120;1017;228;31.1;63.7;0.938
09/09/2004;21.00.00;0.1;647;95;1.2;383;267;1680;123;988;333;18.7;37.7;0.844
09/09/2004;22.00.00;2.4;647;179;5.4;383;614;1579;101;880;767;8.6;72.5;0.18
09/09/2004;23.00.00;3.0;829;267;10.5;383;637;1595;163;1260;842;19.0;55.3;0.79
10/09/2004;00.00.00;2.5;749;426;9.2;383;186;1818;192;1496;228;11.2;48.8;0.977
10/09/2004;01.00.00;0.1;647;229;0.1;383;472;1586;66;551;491;-0.8;55.3;1.16
10/09/2004;02.00.00;1.7;647;29;7.2;383;76;1955;123;1034;228;18.1;29.2;1.189
10/09/2004;03.00.00;0.1;647;308;0.1;383;307;1609;55;664;296;18.4;66.2;1.346
10/09/2004;04.00.00;4.1;1095;195;10.1;383;141;1943;193;1545;228;15.2;55.9;0.96
10/09/2004;05.00.00;0.6;647;224;5.1;383;177;1993;121;950;320;15.3;86.7;0.974
10/09/2004;06.00.00;3.9;1108;270;10.7;383;653;1425;112;819;770;19.1;59.4;0.911
10/09/2004;07.00.00;3.5;1157;7;12.1;383;186;1998;58;605;228;12.6;42.3;1.222
10/09/2004;08.00.00;0.9;647;218;3.7;383;146;1962;102;786;228;9.0;27.6;0.987
10/09/2004;09.00.00;0.6;647;179;2.6;383;92;1919;109;825;228;7.7;37.3;1.312
10/09/2004;10.00.00;2.6;735;334;9.2;383;128;1948;61;551;228;14.8;65.9;1.377
10/09/2004;11.00.00;1.0;647;287;1.2;383;28;2105;120;1107;228;20.1;53.2;1.333
10/09/2004;12.00.00;2.3;730;63;10.7;383;280;1787;71;551;318;0.0;22.9;0.829
10/09/2004;13.00.00;1.5;647;337;6.6;383;277;1809;133;1068;305;21.9;20.7;0.255
10/09/2004;14.00.00;0.1;647;260;1.3;383;297;1719;65;551;292;15.6;73.5;1.06
10/09/2004;15.00.00;0.1;647;71;0.1;383;244;1795;120;1042;228;13.3;46.5;1.085
10/09/2004;16.00.00;2.5;667;223;5.9;383;159;1928;103;806;228;29.8;47.7;0.211
10/09/2004;17.00.00;1.4;647;316;5.7;383;145;1869;127;1092;272;27.3;45.2;1.579
10/09/2004;18.00.00;1.4;647;102;0.4;383;270;1743;120;1018;228;22.3;53.1;1.184
10/09/2004;19.00.00;3.1;947;348;10.7;383;238;1901;117;953;281;9.7;60.5;1.579
10/09/2004;20.00.00;3.8;1078;74;9.5;383;148;1919;77;583;228;27.6;40.2;1.058
10/09/2004;21.00.00;1.8;647;142;3.9;383;202;1799;139;1121;266;9.7;69.0;1.102
10/09/2004;22.00.00;1.7;647;128;2.5;383;481;1754;126;907;418;15.6;25.2;1.151
10/09/2004;23.00.00;2.9;765;348;9.6;383;547;1731;143;1166;590;19.9;72.3;0.814
11/09/2004;00.00.00;0.3;647;171;3.0;383;212;1911;111;938;292;1.2;55.7;0.532
11/09/2004;01.00.00;2.5;808;107;8.6;383;133;1797;104;841;228;20.0;28.4;0.488
11/09/2004;02.00.00;2.9;647;260;10.3;383;239;1841;64;551;234;11.3;75.7;1.911
11/09/2004;03.00.00;3.1;877;280;10.3;383;419;1711;81;601;512;14.3;56.1;0.921
11/09/2004;04.00.00;0.1;647;281;1.7;383;239;1681;90;709;425;8.5;66.0;0.526
11/09/2004;05.00.00;1.1;647;192;4.4;383;300;1855;159;1185;447;26.5;13.3;1.713
11/09/2004;06.00.00;0.9;647;242;0.1;383;145;1900;53;551;252;15.2;35.8;1.521
11/09/2004;07.00.00;2.3;700;156;9.1;383;67;2035;48;554;228;18.0;44.9;1.448
11/09/2004;08.00.00;2.8;787;377;10.6;383;362;1685;109;883;449;31.0;49.9;0.18
11/09/2004;09.00.00;4.2;1124;326;12.9;383;275;1818;76;648;276;25.6;63.3;1.527
11/09/2004;10.00.00;1.5;647;320;0.7;383;346;1765;94;755;420;18.4;64.2;0.412
11/09/2004;11.00.00;1.5;647;293;5.1;383;2;2013;91;740;228;12.2;9.5;0.941
11/09/2004;12.00.00;3.8;1129;267;12.7;392;526;1618;82;672;705;12.2;38.5;0.927
11/09/2004;13.00.00;2.6;873;99;7.3;383;284;1761;76;591;312;21.5;41.4;1.213
11/09/2004;14.00.00;3.9;1103;278;12.9;383;2;1903;68;593;228;10.5;55.7;1.067
11/09/2004;15.00.00;2.6;738;228;10.3;383;396;1519;95;704;536;2.9;65.1;0.787
11/09/2004;16.00.00;0.5;647;338;6.5;383;188;1799;42;551;301;11.8;63.5;1.685
11/09/2004;17.00.00;0.3;647;294;1.2;383;250;1862;142;1152;257;21.2;64.1;1.684
11/09/2004;18.00.00;0.1;647;270;1.0;383;172;1778;70;653;228;13.0;43.7;1.142
11/09/2004;19.00.00;3.1;868;57;8.2;383;231;1900;134;1026;228;26.2;59.3;0.948
11/09/2004;20.00.00;3.8;1004;209;11.2;383;238;1920;81;713;386;12.8;18.8;1.605
11/09/2004;21.00.00;4.7;1362;165;14.9;440;2;2036;162;1356;228;16.5;58.3;1.423
11/09/2004;22.00.00;3.3;946;241;13.0;383;378;1683;114;1044;475;11.8;75.4;0.492
11/09/2004;23.00.00;3.8;1080;178;13.7;383;263;1871;61;639;228;16.9;22.4;1.891
12/09/2004;00.00.00;1.3;647;191;8.1;383;314;1841;232;1909;261;9.0;48.4;0.616
12/09/2004;01.00.00;0.5;647;261;0.1;383;370;1685;92;733;564;28.4;69.7;0.819
12/09/2004;02.00.00;3.3;995;176;8.0;383;264;1795;86;560;286;25.8;61.6;0.406
12/09/2004;03.00.00;2.7;929;229;11.0;383;296;1697;89;794;295;7.3;70.8;0.792
12/09/2004;04.00.00;2.3;748;73;10.3;383;21;2006;132;1147;257;26.3;53.7;1.471
12/09/2004;05.00.00;2.7;846;138;8.7;383;118;1739;43;551;228;29.2;74.0;1.012
12/09/2004;06.00.00;2.6;704;280;0.1;383;259;1769;119;984;253;22.6;59.0;1.087
12/09/2004;07.00.00;3.9;1123;101;11.1;383;274;1712;32;551;388;27.6;46.6;0.676
12/09/2004;08.00.00;4.0;1004;336;13.4;383;307;1747;109;827;240;18.8;53.5;1.282
12/09/2004;09.00.00;2.9;855;310;7.5;383;461;1567;167;1230;527;23.1;64.0;0.232
12/09/2004;10.00.00;3.3;955;192;11.0;383;231;1661;86;712;228;21.9;47.1;0.867
12/09/2004;11.00.00;2.9;805;502;13.0;383;301;1706;155;1212;395;10.6;45.0;0.942
12/09/2004;12.00.00;1.5;647;336;7.7;383;255;1757;32;551;438;24.9;48.9;0.868
12/09/2004;13.00.00;3.2;801;127;11.9;383;207;1918;83;684;228;20.9;19.6;1.102
12/09/2004;14.00.00;0.2;647;288;0.5;383;213;1777;54;551;405;9.5;26.0;0.393
12/09/2004;15.00.00;3.6;1087;224;10.6;383;126;1831;204;1637;228;5.0;27.4;1.359
12/09/2004;16.00.00;0.5;647;144;3.0;383;228;1722;93;873;228;20.1;57.9;0.569
12/09/2004;17.00.00;2.6;702;116;8.2;383;212;1921;81;770;228;16.8;78.6;1.765
12/09/2004;18.00.00;1.0;647;312;3.2;383;222;1803;100;791;228;8.0;36.7;1.15
12/09/2004;19.00.00;2.9;940;161;6.3;383;2;2020;113;930;228;27.7;48.8;1.247
12/09/2004;20.00.00;2.1;647;208;5.3;383;230;1691;95;874;228;21.7;53.7;0.731
12/09/2004;21.00.00;0.1;647;130;1.8;383;111;1770;55;551;228;21.7;11.9;0.807
12/09/2004;22.00.00;2.7;768;146;6.6;383;236;1738;177;1446;268;19.2;54.1;1.531
12/09/2004;23.00.00;1.3;647;205;4.8;383;78;2067;165;1293;228;8.2;69.9;0.432
13/09/2004;00.00.00;3.4;917;254;11.7;383;253;1709;128;1149;258;9.4;33.7;0.997
13/09/2004;01.00.00;2.2;647;7;7.8;383;200;1789;126;1053;264;27.8;46.6;1.006
13/09/2004;02.00.00;2.7;874;219;9.8;383;150;1880;123;847;270;19.8;62.1;1.182
13/09/2004;03.00.00;0.8;647;147;3.8;383;290;1717;91;695;228;9.6;33.3;1.094
13/09/2004;04.00.00;1.3;647;351;3.0;383;303;1795;85;799;310;17.3;48.3;1.185
13/09/2004;05.00.00;1.5;647;497;1.9;383;238;1742;189;1587;228;21.9;64.3;0.776
13/09/2004;06.00.00;3.3;921;183;9.0;383;333;1645;143;1060;287;13.8;15.5;2.018
13/09/2004;07.00.00;4.5;1378;54;15.9;383;182;2071;49;551;328;19.7;53.5;1.005
13/09/2004;08.00.00;1.0;647;229;0.9;383;307;1679;91;736;328;26.3;39.7;1.416
13/09/2004;09.00.00;3.7;1012;198;9.6;383;239;1871;136;1086;324;32.0;65.9;1.418
13/09/2004;10.00.00;0.1;647;405;0.1;383;93;1850;130;1024;228;3.6;80.2;0.18
13/09/2004;11.00.00;0.5;647;376;0.1;383;123;1778;138;1074;228;25.3;24.8;0.374
13/09/2004;12.00.00;0.8;647;300;0.3;383;424;1653;41;551;520;22.0;23.8;0.672
13/09/2004;13.00.00;0.3;647;162;2.8;383;487;1502;128;1207;593;20.6;37.1;0.797
13/09/2004;14.00.00;0.1;647;282;0.1;383;355;1684;166;1303;307;11.0;59.0;1.109
13/09/2004;15.00.00;2.7;866;243;5.2;383;156;1810;40;551;228;21.5;47.8;1.118
13/09/2004;16.00.00;1.9;647;240;4.9;383;464;1728;196;1612;559;13.8;75.5;0.684
13/09/2004;17.00.00;2.7;682;69;9.6;383;339;1604;128;1022;332;21.4;25.7;0.187
13/09/2004;18.00.00;3.1;881;318;6.3;383;297;1816;118;872;228;21.6;33.9;1.649
13/09/2004;19.00.00;2.5;760;228;10.0;383;527;1600;67;551;653;28.1;80.6;1.353
13/09/2004;20.00.00;3.1;981;208;6.9;383;114;1890;82;654;235;24.5;46.6;1.265
13/09/2004;21.00.00;2.1;647;160;5.8;383;364;1647;94;793;295;2.7;83.9;1.195
13/09/2004;22.00.00;0.5;647;142;0.7;383;121;1916;44;551;228;18.4;62.3;1.252
13/09/2004;23.00.00;3.6;1069;248;10.5;383;153;1895;97;701;228;28.5;51.9;0.398
14/09/2004;00.00.00;1.3;647;51;4.1;383;644;1516;70;610;824;6.2;59.4;0.375
14/09/2004;01.00.00;0.8;647;293;4.2;383;322;1720;145;1237;482;17.0;18.6;1.252
14/09/2004;02.00.00;1.9;647;117;6.0;383;528;1485;2;551;626;20.7;70.3;0.18
14/09/2004;03.00.00;0.9;647;22;1.6;383;329;1806;101;747;444;-0.1;54.6;1.171
14/09/2004;04.00.00;1.6;647;391;5.9;383;307;1753;66;551;374;20.8;14.9;1.312
14/09/2004;05.00.00;2.6;747;136;8.8;383;150;1830;113;922;228;13.0;49.6;1.701
14/09/2004;06.00.00;2.6;719;149;7.1;383;395;1603;225;1828;463;19.3;44.9;0.875
14/09/2004;07.00.00;0.9;647;325;2.9;383;249;1873;193;1543;297;19.8;68.3;0.564
14/09/2004;08.00.00;1.5;647;394;3.2;383;258;1904;89;599;298;16.0;37.3;1.421
14/09/2004;09.00.00;3.7;1047;72;10.0;383;206;1881;104;913;276;17.9;56.1;0.903
14/09/2004;10.00.00;2.8;755;127;10.7;383;230;1866;72;551;287;9.6;37.4;0.319
14/09/2004;11.00.00;5.1;1323;134;17.1;432;249;1893;105;954;284;17.0;12.8;0.18
14/09/2004;12.00.00;3.8;994;306;13.7;393;264;1759;148;1280;266;13.4;24.4;1.232
14/09/2004;13.00.00;3.8;1111;373;13.3;383;238;1980;49;551;325;21.0;46.8;1.317
14/09/2004;14.00.00;0.2;647;115;0.1;383;7;1908;188;1533;228;18.3;42.6;0.996
14/09/2004;15.00.00;3.2;1012;352;12.3;383;328;1717;156;1364;408;9.5;55.4;0.982
14/09/2004;16.00.00;2.1;647;150;6.0;383;227;1756;154;1285;228;11.7;41.0;1.007
14/09/2004;17.00.00;1.4;647;249;6.3;383;2;2003;131;915;228;11.7;30.5;0.927
14/09/2004;18.00.00;2.4;647;97;7.4;383;3;2136;69;554;228;17.4;44.1;0.362
14/09/2004;19.00.00;3.5;925;206;11.7;383;173;1842;161;1359;228;19.0;19.4;0.855
14/09/2004;20.00.00;2.9;761;207;9.8;383;441;1680;97;915;502;17.2;47.4;0.95
14/09/2004;21.00.00;0.9;647;188;4.6;383;338;1496;31;551;282;19.1;10.1;1.4
14/09/2004;22.00.00;3.2;969;254;6.9;383;140;1921;116;801;228;13.6;54.7;0.691
14/09/2004;23.00.00;1.3;647;122;0.9;383;216;1906;57;633;228;11.6;55.6;0.827
15/09/2004;00.00.00;2.5;680;134;9.2;383;414;1677;83;661;394;7.0;69.9;1.189
15/09/2004;01.00.00;1.7;647;259;6.2;383;151;1793;146;1290;228;15.0;40.3;0.732
15/09/2004;02.00.00;1.8;647;345;4.3;383;79;1840;107;837;228;13.0;59.9;0.724
15/09/2004;03.00.00;3.2;996;215;11.0;383;380;1651;111;933;439;36.4;20.3;0.401
15/09/2004;04.00.00;0.7;647;265;0.1;383;416;1569;169;1297;449;34.2;54.0;1.533
15/09/2004;05.00.00;4.9;1366;290;22.1;480;153;2003;4;551;316;21.8;36.6;1.193
15/09/2004;06.00.00;0.1;647;296;2.9;383;320;1780;166;1480;426;10.8;39.4;1.332
15/09/2004;07.00.00;1.3;647;127;5.4;383;239;1923;120;1035;228;17.3;76.5;0.787
15/09/2004;08.00.00;2.7;729;144;8.7;383;155;1852;109;875;228;20.1;35.2;1.733
15/09/2004;09.00.00;3.0;827;152;8.3;383;424;1598;111;964;351;0.5;57.1;1.126
15/09/2004;10.00.00;2.0;647;401;3.8;383;144;1828;143;1095;228;17.8;49.1;1.259
15/09/2004;11.00.00;2.1;647;266;6.4;383;361;1673;162;1298;516;7.4;64.2;1.127
15/09/2004;12.00.00;2.7;647;262;7.0;383;256;1755;101;821;327;15.3;30.3;1.07
15/09/2004;13.00.00;1.8;647;252;4.2;383;219;1922;106;791;244;11.1;23.7;1.06
15/09/2004;14.00.00;4.1;1113;92;10.3;383;161;1944;142;1066;228;17.2;28.1;0.689
15/09/2004;15.00.00;3.3;876;402;11.1;383;95;1945;12;551;228;14.4;23.1;1.143
15/09/2004;16.00.00;3.4;1049;263;10.0;383;207;1701;108;788;228;19.7;42.2;1.132
15/09/2004;17.00.00;0.8;647;286;3.6;383;167;1889;136;1241;228;24.0;46.0;0.86
15/09/2004;18.00.00;2.0;684;50;7.4;383;260;1767;89;572;325;22.5;59.6;0.869
15/09/2004;19.00.00;1.7;647;292;6.0;383;62;2062;74;594;228;32.8;58.9;1.035
15/09/2004;20.00.00;0.7;647;184;7.7;383;222;1893;105;857;228;14.2;22.7;0.61
15/09/2004;21.00.00;2.7;750;92;10.1;383;308;1764;84;659;527;29.2;57.7;1.064
15/09/2004;22.00.00;1.4;647;127;2.0;383;142;1717;101;879;228;9.9;36.3;1.399
15/09/2004;23.00.00;3.1;647;97;10.7;383;359;1701;90;700;294;3.9;59.2;0.49
16/09/2004;00.00.00;0.7;647;96;2.0;383;375;1646;187;1579;391;22.2;9.2;1.458
16/09/2004;01.00.00;4.6;1337;223;11.9;383;61;1983;58;551;228;30.0;45.0;0.701
16/09/2004;02.00.00;0.9;647;181;0.1;383;129;1804;153;1116;340;11.5;52.7;0.978
16/09/2004;03.00.00;2.5;760;249;8.8;383;40;1988;84;771;228;22.2;41.3;1.356
16/09/2004;04.00.00;3.3;938;377;11.8;406;310;1573;128;1004;460;11.7;50.4;0.89
16/09/2004;05.00.00;1.4;647;205;2.2;383;265;1676;144;1009;350;26.7;67.1;1.22
16/09/2004;06.00.00;3.3;1070;7;12.6;383;2;1928;186;1529;228;26.4;43.8;0.635
16/09/2004;07.00.00;0.4;647;195;1.9;383;146;1839;131;1031;303;20.9;64.1;1.194
16/09/2004;08.00.00;4.2;1124;331;15.8;407;293;1796;93;882;420;8.9;60.9;1.294
16/09/2004;09.00.00;2.2;647;209;9.1;383;263;1656;116;1016;417;21.2;36.5;0.773
16/09/2004;10.00.00;1.3;647;363;3.9;383;431;1603;205;1568;653;4.6;9.2;1.053
16/09/2004;11.00.00;1.7;647;261;8.8;383;69;1894;120;1042;228;18.0;49.4;1.104
16/09/2004;12.00.00;3.3;915;43;8.3;383;244;1859;50;551;292;11.6;70.1;0.902
16/09/2004;13.00.00;1.3;647;228;9.0;383;92;1910;94;624;228;18.8;68.2;0.763
16/09/2004;14.00.00;1.1;647;246;1.8;383;262;1712;93;697;330;18.3;54.2;0.877
16/09/2004;15.00.00;1.8;647;320;5.8;383;218;1739;148;1077;336;19.2;39.2;0.955
16/09/2004;16.00.00;0.5;647;390;0.5;383;287;1725;54;551;371;5.7;61.0;1.012
16/09/2004;17.00.00;4.7;1332;304;14.3;383;183;1721;88;863;231;8.6;26.2;1.118
16/09/2004;18.00.00;1.4;647;259;10.2;383;362;1839;123;992;426;32.2;55.8;1.055
16/09/2004;19.00.00;3.3;845;282;9.7;383;136;1890;99;833;228;24.7;65.9;0.858
16/09/2004;20.00.00;2.4;647;202;9.5;383;90;1854;117;858;228;20.4;47.6;0.842
16/09/2004;21.00.00;0.8;647;79;2.0;383;280;1691;120;917;440;5.7;30.8;1.239
16/09/2004;22.00.00;2.1;647;221;8.7;383;529;1479;123;1029;559;20.5;47.9;1.095
16/09/2004;23.00.00;3.2;958;252;9.3;383;13;2019;68;551;228;20.9;54.8;1.074
17/09/2004;00.00.00;1.9;647;103;6.5;383;70;1811;151;1152;228;14.5;31.9;0.9
17/09/2004;01.00.00;3.8;833;344;13.5;383;281;1760;87;778;470;8.6;41.9;0.578
17/09/2004;02.00.00;3.6;960;313;10.0;383;418;1711;112;910;467;12.7;63.3;0.93
17/09/2004;03.00.00;3.4;892;87;16.5;430;292;1718;54;603;289;26.1;65.3;1.044
17/09/2004;04.00.00;1.5;647;347;6.2;383;152;1796;114;972;304;24.1;51.1;0.71
17/09/2004;05.00.00;0.6;647;188;1.6;383;310;1818;122;886;413;25.8;35.1;2.172
17/09/2004;06.00.00;1.3;647;144;2.7;383;324;1649;114;927;356;22.6;12.2;1.392
17/09/2004;07.00.00;2.4;897;320;7.9;383;141;1864;75;551;254;10.7;53.7;0.986
17/09/2004;08.00.00;2.9;861;213;6.9;383;372;1711;167;1497;296;4.6;23.1;1.212
17/09/2004;09.00.00;0.1;647;398;3.9;383;240;1759;141;1048;284;17.5;51.5;1.039
17/09/2004;10.00.00;2.1;647;136;7.7;383;2;1902;106;939;228;25.7;38.3;0.937
17/09/2004;11.00.00;2.4;806;53;7.4;383;225;1775;105;923;317;26.0;60.0;1.686
17/09/2004;12.00.00;1.8;647;191;7.7;383;158;1900;77;565;228;9.8;29.9;1.094
17/09/2004;13.00.00;4.0;1062;292;11.2;383;445;1585;83;691;467;20.7;24.2;0.599
17/09/2004;14.00.00;2.7;787;129;6.5;383;42;2002;182;1483;228;12.2;55.1;1.1
17/09/2004;15.00.00;4.0;1001;91;12.5;391;172;1841;95;833;228;15.8;48.3;1.042
17/09/2004;16.00.00;1.8;647;239;6.2;383;285;1723;245;1979;355;7.8;60.9;0.972
17/09/2004;17.00.00;3.5;1093;78;12.1;383;616;1449;57;551;681;23.6;71.0;1.152
17/09/2004;18.00.00;4.4;1246;247;11.3;383;545;1582;130;1090;580;22.0;40.9;0.902
17/09/2004;19.00.00;4.0;1062;185;11.8;383;239;1898;123;1035;241;8.5;61.7;0.248
17/09/2004;20.00.00;0.6;647;264;0.1;383;299;1770;114;843;454;15.5;21.1;1.219
17/09/2004;21.00.00;1.8;647;86;3.4;383;338;1652;36;551;355;5.6;27.7;0.803
17/09/2004;22.00.00;1.7;647;341;6.8;383;91;2014;47;551;228;4.4;48.9;0.933
17/09/2004;23.00.00;2.8;808;200;11.0;383;247;1731;122;1008;426;7.5;42.6;0.928
18/09/2004;00.00.00;3.1;857;290;7.7;383;453;1775;63;551;715;18.1;11.3;1.234
18/09/2004;01.00.00;1.0;647;309;2.5;383;267;1772;171;1473;228;13.9;78.9;1.256
18/09/2004;02.00.00;2.2;687;108;7.2;383;544;1494;102;888;483;18.3;12.2;0.752
18/09/2004;03.00.00;0.1;647;301;2.5;383;177;1902;125;1105;228;13.7;41.0;1.247
18/09/2004;04.00.00;4.2;1086;82;16.4;421;232;1789;111;951;228;24.2;64.7;0.703
18/09/2004;05.00.00;1.4;647;87;4.9;383;233;1848;109;889;318;15.1;45.1;1.621
18/09/2004;06.00.00;2.2;682;404;6.6;383;46;1969;185;1389;228;26.8;59.0;0.55
18/09/2004;07.00.00;1.7;647;323;2.6;383;415;1557;165;1443;487;14.1;35.6;1.233
18/09/2004;08.00.00;3.8;999;414;12.2;383;194;1838;120;946;304;22.7;51.0;1.068
18/09/2004;09.00.00;0.1;647;182;4.5;383;285;1811;145;1114;228;17.4;72.3;1.307
18/09/2004;10.00.00;2.1;647;227;9.4;383;154;1885;169;1405;228;8.1;40.8;0.851
18/09/2004;11.00.00;2.0;647;268;6.8;383;509;1692;84;551;602;30.4;56.9;1.618
18/09/2004;12.00.00;1.5;647;216;5.5;383;434;1677;38;551;604;32.1;44.4;0.864
18/09/2004;13.00.00;4.6;1253;147;13.2;383;254;1776;139;1066;301;17.4;51.1;1.418
18/09/2004;14.00.00;0.9;647;132;2.2;383;58;1969;172;1329;228;16.2;56.8;0.18
18/09/2004;15.00.00;3.2;1009;238;10.6;383;359;1672;30;551;405;25.5;28.0;0.935
18/09/2004;16.00.00;2.6;696;116;8.8;383;411;1699;83;664;490;17.7;30.6;1.508
18/09/2004;17.00.00;3.9;1128;113;14.6;423;104;1945;101;760;228;23.5;38.2;1.095
18/09/2004;18.00.00;1.2;647;255;5.8;383;224;1721;65;551;250;20.0;60.4;2.09
18/09/2004;19.00.00;1.1;647;208;4.6;383;257;1855;106;916;315;19.3;65.0;1.817
18/09/2004;20.00.00;3.7;979;307;9.8;383;412;1848;59;551;610;12.8;78.1;0.448
18/09/2004;21.00.00;2.7;777;177;6.9;383;222;1865;97;790;300;13.1;42.1;2.23
18/09/2004;22.00.00;0.1;647;162;0.1;383;393;1523;146;1136;455;26.4;39.5;1.346
18/09/2004;23.00.00;1.4;647;258;4.9;383;127;1863;13;551;228;29.6;51.0;1.205
19/09/2004;00.00.00;2.7;647;140;4.6;383;84;1830;62;551;228;19.3;30.2;0.395
19/09/2004;01.00.00;3.3;827;155;10.6;383;526;1555;180;1427;678;28.2;65.2;1.411
19/09/2004;02.00.00;1.2;647;159;6.7;383;45;2018;73;576;228;11.8;32.7;1.456
19/09/2004;03.00.00;0.1;647;198;1.7;383;131;1837;2;551;228;22.3;29.7;0.833
19/09/2004;04.00.00;2.9;694;386;8.5;383;366;1857;121;1118;480;16.0;25.5;1.609
19/09/2004;05.00.00;0.4;647;87;0.1;383;164;1637;109;908;228;18.2;37.6;0.473
19/09/2004;06.00.00;0.1;647;341;1.9;383;160;1851;120;1034;228;16.1;43.5;1.017
19/09/2004;07.00.00;0.1;647;288;0.9;383;215;1857;115;897;245;16.3;35.9;1.584
19/09/2004;08.00.00;3.3;890;366;10.0;383;2;1900;174;1409;228;-1.9;31.1;0.734
19/09/2004;09.00.00;2.3;667;515;6.3;383;417;1579;79;551;418;7.7;74.2;0.858
19/09/2004;10.00.00;1.8;647;353;6.0;383;272;1842;108;816;228;3.9;43.6;0.771
19/09/2004;11.00.00;4.1;1128;305;12.5;383;121;2056;92;665;228;14.2;54.5;0.86
19/09/2004;12.00.00;3.0;834;93;11.3;383;2;2162;145;1187;228;9.5;56.8;0.962
19/09/2004;13.00.00;4.4;1414;105;16.6;425;37;1942;150;1339;228;4.1;39.3;0.859
19/09/2004;14.00.00;0.2;647;252;0.1;383;2;2106;130;1119;228;9.8;26.9;2.023
19/09/2004;15.00.00;2.1;786;56;4.3;383;280;1769;216;1875;283;16.3;39.3;0.768
19/09/2004;16.00.00;0.1;647;276;3.0;383;282;1847;139;1179;228;41.8;55.3;0.911
19/09/2004;17.00.00;1.8;647;15;6.2;383;339;1711;173;1419;274;16.8;31.8;0.643
19/09/2004;18.00.00;1.8;647;327;3.5;383;358;1622;70;551;358;15.0;57.8;0.474
19/09/2004;19.00.00;3.0;782;187;11.7;383;342;1854;79;661;425;6.8;9.2;1.192
19/09/2004;20.00.00;2.2;772;230;7.8;383;481;1763;208;1626;690;9.3;48.3;1.62
19/09/2004;21.00.00;3.0;804;146;14.1;446;428;1623;48;551;390;24.9;59.4;1.795
19/09/2004;22.00.00;3.1;1031;37;9.6;383;392;1760;149;1090;499;29.4;67.2;1.294
19/09/2004;23.00.00;5.2;1347;335;18.8;449;282;1762;174;1389;228;10.6;23.5;1.007
20/09/2004;00.00.00;1.7;647;344;2.6;383;356;1889;169;1356;355;19.3;54.5;1.562
20/09/2004;01.00.00;0.8;647;184;5.5;383;183;1734;36;551;260;38.4;77.3;0.965
20/09/2004;02.00.00;2.5;693;280;9.9;383;212;1815;96;687;228;33.1;87.7;1.528
20/09/2004;03.00.00;1.0;647;180;6.5;383;509;1476;142;1236;734;20.0;49.1;0.749
20/09/2004;04.00.00;4.2;1218;245;15.7;511;160;1744;148;1254;253;10.3;32.8;1.667
20/09/2004;05.00.00;1.8;647;290;5.4;383;149;1871;112;880;228;9.9;74.7;0.949
20/09/2004;06.00.00;1.4;647;270;2.0;383;190;1811;79;669;228;0.9;60.4;1.54
20/09/2004;07.00.00;1.5;647;345;3.6;383;161;1789;99;778;228;17.8;82.7;1.712
20/09/2004;08.00.00;3.2;810;267;6.6;383;174;1927;83;667;228;32.0;80.0;1.09
20/09/2004;09.00.00;1.9;647;220;4.3;383;283;1877;53;551;359;12.4;20.9;1.019
20/09/2004;10.00.00;1.3;647;145;4.9;383;288;1810;98;992;365;15.7;57.2;1.55
20/09/2004;11.00.00;4.5;1108;172;14.2;383;385;1541;201;1691;396;17.4;54.0;1.303
20/09/2004;12.00.00;1.0;647;294;2.6;383;580;1562;99;816;638;18.1;64.9;1.532
20/09/2004;13.00.00;2.2;647;75;5.5;383;189;1874;40;551;228;10.7;49.5;1.333
20/09/2004;14.00.00;3.1;795;323;6.3;383;235;1743;95;652;465;16.8;83.1;1.149
20/09/2004;15.00.00;0.1;647;191;0.7;383;2;2026;195;1535;228;20.5;45.7;1.337
20/09/2004;16.00.00;2.8;909;140;9.8;383;48;1920;36;551;228;21.7;45.6;1.08
20/09/2004;17.00.00;0.7;647;113;0.2;383;223;1755;112;820;228;20.7;67.3;0.577
20/09/2004;18.00.00;3.3;964;282;9.5;383;316;1651;148;1144;326;11.6;47.0;1.179
20/09/2004;19.00.00;0.8;647;216;5.7;383;321;1809;58;551;417;17.5;49.1;0.815
20/09/2004;20.00.00;3.1;736;368;12.3;383;340;1831;122;874;400;20.5;31.1;0.682
20/09/2004;21.00.00;3.7;993;98;8.9;383;438;1637;69;551;510;26.3;35.3;0.892
20/09/2004;22.00.00;3.4;866;163;10.6;383;506;1673;54;551;666;22.2;27.1;0.534
20/09/2004;23.00.00;2.5;798;209;10.9;383;208;1955;142;1176;297;9.6;40.5;0.18
21/09/2004;00.00.00;1.8;647;146;5.4;383;123;1911;200;1625;228;18.5;33.7;1.284
21/09/2004;01.00.00;1.3;647;218;3.8;383;346;1716;94;783;436;21.2;30.1;0.772
21/09/2004;02.00.00;4.2;1221;248;15.7;383;388;1726;140;1086;472;21.8;43.1;1.114
21/09/2004;03.00.00;1.2;647;264;5.7;383;266;1719;136;1176;272;22.9;65.4;0.937
21/09/2004;04.00.00;0.7;647;361;4.1;383;218;1868;121;1010;376;22.4;29.6;1.407
21/09/2004;05.00.00;3.1;966;94;9.3;383;168;1876;79;657;228;5.5;55.1;0.813
21/09/2004;06.00.00;1.0;647;250;4.6;383;239;1703;64;551;241;9.9;64.2;0.496
21/09/2004;07.00.00;0.8;647;156;5.6;383;351;1615;74;581;383;27.4;25.1;1.341
21/09/2004;08.00.00;0.1;647;258;0.3;383;143;1806;104;940;246;10.2;29.6;0.18
21/09/2004;09.00.00;1.5;647;258;3.9;383;123;1942;92;834;235;20.3;79.9;1.089
21/09/2004;10.00.00;2.0;647;124;9.0;383;337;1702;57;551;513;13.0;53.4;1.084
21/09/2004;11.00.00;2.5;647;132;12.1;383;116;1904;103;838;228;25.9;58.6;1.259
21/09/2004;12.00.00;3.5;898;266;15.4;413;269;1894;82;628;314;26.7;40.5;1.963
21/09/2004;13.00.00;2.9;831;220;8.5;383;261;1826;139;1315;390;10.6;41.0;0.848
21/09/2004;14.00.00;1.9;647;197;5.5;383;246;1751;94;733;325;23.6;14.2;1.188
21/09/2004;15.00.00;1.9;647;280;3.9;383;147;1802;153;1323;228;25.0;40.8;1.258
21/09/2004;16.00.00;2.9;726;287;9.4;383;511;1615;124;1206;576;22.7;65.0;1.037
21/09/2004;17.00.00;3.9;1094;167;10.4;383;306;1676;89;738;354;16.1;41.7;0.67
21/09/2004;18.00.00;2.3;727;137;6.4;383;167;1966;105;701;228;4.2;83.2;0.382
21/09/2004;19.00.00;1.5;647;98;6.2;383;296;1782;106;972;389;27.3;42.3;0.723
21/09/2004;20.00.00;0.8;647;221;3.2;383;526;1589;120;926;614;13.0;20.0;0.447
21/09/2004;21.00.00;0.1;647;82;0.1;383;259;1715;130;987;350;16.2;61.8;0.494
21/09/2004;22.00.00;3.1;782;227;13.0;383;480;1665;91;873;617;21.7;68.8;1.022
21/09/2004;23.00.00;3.0;915;333;7.3;383;70;2033;101;708;228;9.9;35.4;0.476
22/09/2004;00.00.00;3.0;770;184;7.5;383;115;1896;118;1062;228;9.1;67.6;1.245
22/09/2004;01.00.00;2.0;647;167;3.8;383;2;2072;2;551;228;11.2;40.6;0.55
22/09/2004;02.00.00;4.1;1093;407;11.9;383;548;1528;139;968;649;10.6;72.9;1.331
22/09/2004;03.00.00;1.5;647;361;2.9;383;2;1993;67;608;228;9.2;66.7;0.615
22/09/2004;04.00.00;3.5;1022;145;9.4;383;272;1948;99;612;228;17.9;50.7;1.276
22/09/2004;05.00.00;2.1;647;231;1.8;383;511;1560;80;640;472;19.7;65.7;1.079
22/09/2004;06.00.00;1.3;647;249;4.4;383;394;1727;148;1060;463;12.4;65.9;1.228
22/09/2004;07.00.00;3.0;755;237;10.0;383;303;1726;162;1271;292;18.5;88.7;0.834
22/09/2004;08.00.00;2.7;689;390;13.2;383;442;1668;107;916;611;-1.9;48.7;0.805
22/09/2004;09.00.00;2.6;733;226;9.5;383;143;1940;108;899;276;20.3;20.6;1.698
22/09/2004;10.00.00;2.3;647;240;6.3;383;325;1667;111;905;309;18.5;36.7;0.598
22/09/2004;11.00.00;2.1;647;283;4.3;383;228;1760;112;978;228;26.7;61.2;0.68
22/09/2004;12.00.00;5.5;1559;331;17.4;499;225;1864;161;1288;316;21.0;40.0;0.217
22/09/2004;13.00.00;3.8;1247;307;13.1;383;275;1792;257;2042;346;22.3;38.1;0.709
22/09/2004;14.00.00;3.2;844;269;9.1;383;425;1753;104;860;542;12.4;48.4;0.409
22/09/2004;15.00.00;2.3;647;69;7.5;383;485;1633;140;1069;644;3.9;82.5;1.665
22/09/2004;16.00.00;3.6;1041;171;15.2;458;205;1984;72;647;228;17.9;32.1;1.276
22/09/2004;17.00.00;2.9;760;295;8.4;383;79;1992;76;619;228;5.7;17.5;0.75
22/09/2004;18.00.00;2.2;665;241;3.2;383;120;2053;64;569;228;18.5;80.2;1.322
22/09/2004;19.00.00;1.7;647;296;7.3;383;544;1699;177;1404;688;21.9;59.6;0.18
22/09/2004;20.00.00;2.0;716;397;7.1;383;472;1570;146;1214;730;17.1;18.9;0.559
22/09/2004;21.00.00;0.1;647;106;0.1;383;79;2055;94;809;228;10.2;41.9;1.291
22/09/2004;22.00.00;2.4;647;326;8.7;383;500;1675;123;824;620;31.9;58.8;0.537
22/09/2004;23.00.00;1.5;647;186;2.7;383;137;1959;149;1080;235;15.7;45.9;0.74
23/09/2004;00.00.00;4.4;1185;306;14.9;484;347;1816;170;1318;582;26.0;39.6;1.376
23/09/2004;01.00.00;2.2;719;214;10.8;383;137;1865;132;1050;228;30.4;51.3;1.155
23/09/2004;02.00.00;0.5;647;420;1.2;383;576;1564;117;1041;669;28.3;86.1;0.506
23/09/2004;03.00.00;2.1;647;230;8.8;383;158;1839;176;1446;228;23.4;45.2;0.854
23/09/2004;04.00.00;0.7;647;157;0.1;383;85;2116;60;551;228;32.0;38.9;0.75
23/09/2004;05.00.00;2.8;786;257;6.0;383;176;1798;20;551;228;20.9;47.1;0.723
23/09/2004;06.00.00;2.6;694;248;12.2;383;647;1379;173;1496;829;26.1;38.2;0.761
23/09/2004;07.00.00;3.5;858;326;11.8;383;285;1705;91;650;366;19.7;18.7;1.491
23/09/2004;08.00.00;1.0;647;260;4.6;383;88;1924;177;1516;228;11.2;47.7;0.68
23/09/2004;09.00.00;2.2;647;453;9.3;383;125;1894;205;1649;228;19.5;46.9;1.472
23/09/2004;10.00.00;0.2;647;207;0.1;383;2;2069;201;1574;228;6.6;36.6;1.345
23/09/2004;11.00.00;3.1;931;208;11.7;385;328;1739;2;551;304;18.8;34.6;1.385
23/09/2004;12.00.00;2.9;878;160;10.6;383;54;1916;151;1161;228;15.0;41.4;1.21
23/09/2004;13.00.00;2.8;790;226;6.5;383;415;1706;88;719;336;25.1;75.1;1.213
23/09/2004;14.00.00;2.2;647;239;9.9;383;366;1799;81;646;391;28.8;88.7;1.084
23/09/2004;15.00.00;2.7;647;244;11.4;383;230;1832;130;1145;289;9.4;63.5;0.792
23/09/2004;16.00.00;4.4;1197;224;11.5;383;435;1721;82;818;513;21.2;44.8;1.632
23/09/2004;17.00.00;1.8;647;160;6.0;383;387;1696;148;1159;520;21.3;31.2;0.835
23/09/2004;18.00.00;2.3;647;134;7.0;383;270;1763;176;1307;426;28.6;44.7;0.957
23/09/2004;19.00.00;0.6;647;182;4.9;383;128;1953;103;879;262;25.2;80.5;1.268
23/09/2004;20.00.00;0.9;647;326;0.2;383;309;1770;130;1117;350;27.0;60.1;1.187
23/09/2004;21.00.00;2.3;785;346;14.5;393;308;1833;91;758;358;21.1;62.2;0.489
23/09/2004;22.00.00;3.7;1072;210;11.5;383;321;1866;135;960;374;8.3;40.3;0.93
23/09/2004;23.00.00;1.8;647;128;7.2;383;258;1784;181;1384;276;12.3;55.1;0.921
24/09/2004;00.00.00;1.8;647;210;8.6;383;296;1814;132;1073;517;21.4;62.1;1.522
24/09/2004;01.00.00;1.6;647;416;4.7;383;292;1851;107;808;375;7.9;44.8;1.19
24/09/2004;02.00.00;1.4;647;312;4.3;383;454;1669;175;1327;585;13.9;23.5;1.706
24/09/2004;03.00.00;2.6;698;270;7.2;383;51;1999;93;919;228;15.1;45.6;0.965
24/09/2004;04.00.00;0.1;647;309;0.1;383;92;1937;94;677;228;17.2;19.5;0.979
24/09/2004;05.00.00;3.9;900;364;13.2;383;257;1814;81;745;290;21.1;61.5;0.967
24/09/2004;06.00.00;1.2;647;108;3.6;383;129;1937;37;551;228;20.5;41.3;1.182
24/09/2004;07.00.00;3.2;928;180;9.1;383;278;1728;71;622;380;22.9;60.7;2.097
24/09/2004;08.00.00;0.4;647;167;0.3;383;75;1803;115;1016;228;10.6;49.3;1.042
24/09/2004;09.00.00;3.1;801;273;11.0;383;99;1913;124;936;228;14.9;76.0;0.645
24/09/2004;10.00.00;3.1;795;233;8.3;383;561;1537;66;551;660;21.7;60.0;1.131
24/09/2004;11.00.00;2.7;647;289;8.1;383;210;1960;88;745;332;8.9;73.3;0.732
24/09/2004;12.00.00;0.8;647;169;4.2;383;66;1970;22;551;359;24.0;61.0;0.78
24/09/2004;13.00.00;2.5;771;348;8.5;383;228;1862;217;1875;239;18.9;34.1;1.077
24/09/2004;14.00.00;0.5;647;211;0.1;383;404;1643;183;1476;447;7.5;28.4;1.728
24/09/2004;15.00.00;1.8;674;283;5.7;383;430;1607;78;553;551;24.7;66.5;0.885
24/09/2004;16.00.00;3.6;985;331;12.4;383;22;1915;119;1044;228;19.9;54.0;1.121
24/09/2004;17.00.00;3.3;926;323;12.4;383;128;1796;70;573;228;32.5;30.4;0.992
24/09/2004;18.00.00;2.2;647;252;5.4;383;280;1834;162;1239;325;27.1;46.3;1.268
24/09/2004;19.00.00;0.8;647;295;1.4;383;240;1831;143;1226;245;5.0;44.7;0.18
24/09/2004;20.00.00;3.1;696;383;8.4;383;2;2116;49;551;228;15.8;70.5;0.887
24/09/2004;21.00.00;2.2;665;266;5.7;383;25;2023;66;563;228;19.2;46.2;0.949
24/09/2004;22.00.00;0.1;647;148;1.1;383;82;1953;109;982;228;20.2;56.3;1.1
24/09/2004;23.00.00;3.2;1017;273;11.6;420;2;1839;179;1368;228;10.6;44.7;1.308
25/09/2004;00.00.00;2.1;647;214;8.9;383;175;2011;94;655;306;18.7;37.7;1.548
25/09/2004;01.00.00;3.8;1086;7;12.1;383;428;1660;175;1439;456;15.8;69.0;1.041
25/09/2004;02.00.00;0.6;647;261;0.1;383;144;1717;127;969;228;11.2;40.1;1.615
25/09/2004;03.00.00;0.1;647;229;1.7;383;411;1688;73;764;469;14.0;63.0;1.323
25/09/2004;04.00.00;2.5;647;327;8.4;383;250;1734;92;701;254;14.2;73.9;1.457
25/09/2004;05.00.00;2.6;647;146;8.3;383;217;1757;143;1131;285;32.7;58.3;1.171
25/09/2004;06.00.00;0.1;647;74;0.1;383;2;2019;153;1268;228;27.4;39.5;1.136
25/09/2004;07.00.00;0.8;647;234;2.1;383;424;1613;157;1116;554;20.3;26.7;1.553
25/09/2004;08.00.00;6.0;1636;254;16.8;383;263;1871;123;990;382;4.5;88.7;1.177
25/09/2004;09.00.00;1.7;647;226;6.5;383;2;1989;134;1164;228;29.3;66.1;1.211
25/09/2004;10.00.00;3.2;884;219;9.3;383;304;1788;221;1764;395;1.8;60.1;0.634
25/09/2004;11.00.00;1.2;647;116;2.9;383;156;1920;228;1736;296;7.7;85.3;1.003
25/09/2004;12.00.00;0.1;647;204;0.1;383;255;1815;115;887;287;5.8;73.1;0.87
25/09/2004;13.00.00;1.9;647;184;8.2;383;282;1790;28;551;338;10.5;64.8;1.382
25/09/2004;14.00.00;1.8;689;319;5.2;383;432;1665;119;930;579;31.5;51.4;1.217
25/09/2004;15.00.00;1.6;647;254;5.3;383;73;2060;118;1037;228;24.2;48.7;1.255
25/09/2004;16.00.00;2.0;647;191;4.9;383;333;1800;52;551;495;20.1;75.5;0.91
25/09/2004;17.00.00;2.5;691;381;4.8;383;449;1585;118;1007;437;18.1;29.5;0.836
25/09/2004;18.00.00;1.9;647;192;5.1;383;631;1405;62;551;784;10.5;67.4;1.122
25/09/2004;19.00.00;0.4;647;270;0.5;383;406;1611;131;1199;439;24.6;18.3;1.486
25/09/2004;20.00.00;2.8;753;202;9.6;383;301;1793;141;1222;335;29.7;28.5;0.637
25/09/2004;21.00.00;0.1;647;372;0.1;383;288;1681;138;1066;241;25.2;49.4;0.812
25/09/2004;22.00.00;0.1;647;226;0.1;383;483;1560;160;1178;558;23.0;76.6;1.79
25/09/2004;23.00.00;3.2;1046;229;7.2;383;202;1730;135;1043;228;26.1;50.7;0.587
26/09/2004;00.00.00;2.9;860;204;9.2;383;367;1780;150;1229;428;18.5;46.2;1.459
26/09/2004;01.00.00;2.1;679;236;5.0;383;581;1587;175;1486;737;2.1;38.0;0.332
26/09/2004;02.00.00;0.2;647;331;3.3;383;229;1886;91;565;297;27.1;69.8;0.761
26/09/2004;03.00.00;1.2;647;298;4.0;383;2;1960;106;945;228;9.6;56.4;1.325
26/09/2004;04.00.00;1.8;647;220;6.8;383;114;1767;95;788;228;18.2;49.1;0.798
26/09/2004;05.00.00;0.1;647;379;0.1;383;290;1700;77;551;228;32.5;77.8;0.856
26/09/2004;06.00.00;1.1;647;300;4.0;383;117;1797;98;585;269;17.8;25.3;0.322
26/09/2004;07.00.00;3.1;774;176;8.0;383;192;1737;153;1235;275;31.1;76.1;0.632
26/09/2004;08.00.00;4.1;1177;86;10.9;383;200;1930;147;1200;288;19.2;25.8;0.382
26/09/2004;09.00.00;1.6;647;178;5.0;383;331;1714;31;551;441;11.3;38.0;0.486
26/09/2004;10.00.00;3.2;940;257;11.4;383;101;1942;195;1635;228;17.4;63.1;1.29
26/09/2004;11.00.00;0.1;647;274;0.1;383;156;1962;153;1391;267;13.7;61.3;0.482
26/09/2004;12.00.00;3.1;1027;347;8.8;383;461;1549;123;959;501;26.7;59.1;1.115
26/09/2004;13.00.00;1.0;647;114;7.0;383;172;1911;46;551;269;16.6;45.3;0.954
26/09/2004;14.00.00;2.6;839;176;9.2;383;357;1598;56;586;456;23.7;68.4;0.563
26/09/2004;15.00.00;1.8;647;106;8.8;383;248;1821;185;1463;308;21.1;61.7;0.528
26/09/2004;16.00.00;4.0;1271;90;11.5;383;242;1891;161;1342;251;3.3;72.5;1.233
26/09/2004;17.00.00;0.9;647;158;2.0;383;358;1621;167;1288;450;12.1;47.8;1.264
26/09/2004;18.00.00;3.0;778;252;11.6;383;2;2064;106;944;228;18.4;60.2;1.476
26/09/2004;19.00.00;1.8;647;291;6.9;383;313;1766;175;1306;445;15.2;74.5;0.932
26/09/2004;20.00.00;1.9;647;127;6.0;383;330;1699;47;551;359;19.3;81.8;0.812
26/09/2004;21.00.00;1.9;647;141;3.5;383;375;1603;53;551;368;22.5;40.5;0.268
26/09/2004;22.00.00;1.0;647;48;5.4;383;188;1868;161;1276;271;26.7;30.5;0.995
26/09/2004;23.00.00;2.1;647;238;11.8;383;246;1842;68;551;463;20.6;33.3;0.442
27/09/2004;00.00.00;2.1;704;148;3.5;383;2;1973;111;1032;228;19.0;29.0;0.77
27/09/2004;01.00.00;2.5;681;375;10.8;383;143;1806;27;551;228;22.8;88.7;0.865
27/09/2004;02.00.00;2.3;647;256;6.3;383;272;1842;2;551;470;13.1;87.2;0.589
27/09/2004;03.00.00;3.3;939;201;9.8;383;471;1717;63;551;601;19.9;52.7;1.552
27/09/2004;04.00.00;3.4;1001;157;11.6;383;528;1653;94;876;622;21.4;34.9;1.994
27/09/2004;05.00.00;0.7;647;76;0.1;383;193;1972;68;551;369;18.8;47.9;1.584
27/09/2004;06.00.00;3.4;928;88;10.7;383;379;1644;142;1147;396;17.9;53.7;1.568
27/09/2004;07.00.00;0.5;647;158;0.1;383;223;1708;161;1299;241;23.5;21.5;1.19
27/09/2004;08.00.00;3.0;759;151;10.5;383;2;2031;142;1161;228;10.1;51.8;1.383
27/09/2004;09.00.00;3.0;958;123;14.1;383;338;1696;57;551;632;11.3;58.8;1.321
27/09/2004;10.00.00;0.1;647;253;0.1;383;526;1658;138;1077;557;16.3;37.0;0.835
27/09/2004;11.00.00;2.3;647;266;7.0;383;187;1766;54;551;228;26.6;46.6;1.49
27/09/2004;12.00.00;1.5;647;174;4.5;383;107;1837;202;1615;228;6.6;63.3;0.773
27/09/2004;13.00.00;1.1;647;401;5.5;383;256;1800;115;979;426;26.1;52.2;1.472
27/09/2004;14.00.00;4.0;1113;52;13.7;383;227;1832;71;588;344;29.3;38.1;1.347
27/09/2004;15.00.00;1.2;647;223;5.8;383;645;1537;115;959;720;19.7;51.7;0.928
27/09/2004;16.00.00;1.0;647;197;2.3;383;399;1672;121;920;387;9.6;75.9;0.54
27/09/2004;17.00.00;2.3;647;165;8.1;383;265;1633;146;1312;266;4.7;76.2;1.322
27/09/2004;18.00.00;3.1;855;151;3.2;383;2;2274;22;551;228;34.9;32.5;0.629
27/09/2004;19.00.00;2.0;647;217;7.6;383;224;1823;79;663;293;8.3;74.5;1.177
27/09/2004;20.00.00;3.8;1073;196;9.7;383;529;1807;136;1098;615;13.9;46.5;1.138
27/09/2004;21.00.00;2.9;703;180;8.6;383;258;1783;150;1239;288;3.4;56.9;1.055
27/09/2004;22.00.00;0.1;647;94;1.8;383;371;1618;269;2255;424;1.5;64.0;1.104
27/09/2004;23.00.00;1.4;647;64;1.4;383;305;1729;179;1366;415;23.4;24.2;0.897
28/09/2004;00.00.00;1.4;647;190;6.5;383;171;1950;79;705;233;13.3;55.1;0.651
28/09/2004;01.00.00;2.8;696;179;8.8;383;504;1645;198;1644;655;24.8;71.5;1.219
28/09/2004;02.00.00;0.1;647;199;3.2;383;274;1804;140;1140;357;15.2;52.6;1.8
28/09/2004;03.00.00;5.7;1534;207;16.5;539;137;1884;178;1446;228;27.7;55.3;1.405
28/09/2004;04.00.00;2.9;857;168;5.6;383;249;1810;135;990;300;15.4;65.3;1.277
28/09/2004;05.00.00;2.4;648;197;7.5;383;464;1616;181;1428;503;25.7;45.0;0.817
28/09/2004;06.00.00;3.8;1201;136;13.3;383;19;2080;164;1167;228;10.0;50.6;2.118
28/09/2004;07.00.00;5.4;1613;362;18.7;453;287;1843;139;1091;253;11.7;55.8;1.222
28/09/2004;08.00.00;3.4;931;142;8.5;383;257;1718;91;730;228;10.3;57.7;1.128
28/09/2004;09.00.00;3.5;1031;182;7.9;383;10;1873;91;622;228;13.0;40.6;1.319
28/09/2004;10.00.00;2.3;647;149;6.8;383;363;1611;67;563;455;4.8;68.0;0.602
28/09/2004;11.00.00;2.0;647;147;7.3;383;285;1743;109;972;353;9.9;38.0;1.096
28/09/2004;12.00.00;1.5;647;220;5.7;383;380;1713;166;1346;488;10.2;38.0;1.341
28/09/2004;13.00.00;1.0;647;208;6.3;383;420;1659;140;1126;496;33.5;49.8;1.034
28/09/2004;14.00.00;1.2;647;174;3.1;383;237;1860;75;564;248;16.9;64.2;0.386
28/09/2004;15.00.00;0.3;647;191;0.1;383;160;1870;159;1305;228;14.8;31.1;1.304
28/09/2004;16.00.00;2.0;647;149;8.9;383;28;2105;56;551;228;24.0;44.9;0.901
28/09/2004;17.00.00;0.1;647;256;0.7;383;147;1922;128;838;295;14.3;33.5;1.496
28/09/2004;18.00.00;2.4;720;413;8.3;383;247;1803;179;1565;245;20.4;42.8;0.987
28/09/2004;19.00.00;2.1;647;134;8.3;383;98;1800;56;551;228;23.3;36.6;0.669
28/09/2004;20.00.00;2.4;795;255;10.1;383;335;1759;121;881;433;22.8;50.2;1.078
28/09/2004;21.00.00;1.4;647;222;4.5;383;107;1953;79;551;228;17.7;20.2;1.048
28/09/2004;22.00.00;6.5;1789;281;23.0;567;2;1941;191;1537;228;18.8;59.9;1.383
28/09/2004;23.00.00;4.1;1105;284;14.1;383;157;1781;220;1773;228;20.8;64.1;1.186
29/09/2004;00.00.00;0.4;647;237;0.1;383;274;1868;139;1182;228;22.2;28.1;0.71
29/09/2004;01.00.00;2.5;737;214;7.5;383;53;1879;155;1214;228;20.7;50.1;1.228
29/09/2004;02.00.00;1.3;647;176;5.4;383;110;1925;178;1521;228;19.2;68.2;1.367
29/09/2004;03.00.00;0.7;647;145;0.9;383;149;1882;149;1180;228;10.5;25.5;0.685
29/09/2004;04.00.00;0.3;647;208;2.6;383;169;1899;73;684;228;22.5;80.5;1.079
29/09/2004;05.00.00;2.8;815;95;9.1;383;291;1689;91;718;488;8.3;54.7;0.573
29/09/2004;06.00.00;1.2;647;161;4.6;383;343;1715;91;661;356;18.2;37.4;1.581
29/09/2004;07.00.00;3.5;1009;323;14.1;454;173;1783;29;551;228;19.2;39.3;1.405
29/09/2004;08.00.00;3.5;969;227;12.0;383;87;1936;159;1331;228;6.3;52.3;0.827
29/09/2004;09.00.00;4.1;1220;302;13.2;383;266;1826;52;551;229;12.1;46.9;0.799
29/09/2004;10.00.00;1.0;647;357;2.9;383;325;1811;152;1226;436;28.3;59.7;0.983
29/09/2004;11.00.00;2.8;751;201;8.7;383;492;1725;78;551;631;11.4;40.2;0.981
29/09/2004;12.00.00;3.0;835;237;10.3;383;421;1641;102;813;494;22.6;39.6;0.918
29/09/2004;13.00.00;1.5;647;189;7.5;383;53;1934;139;1066;228;8.5;53.4;0.983
29/09/2004;14.00.00;1.1;647;140;2.2;383;224;1922;186;1436;228;6.9;37.5;0.575
29/09/2004;15.00.00;4.4;1288;127;12.7;383;315;1793;154;1317;454;24.0;44.1;0.563
29/09/2004;16.00.00;2.5;718;298;10.5;383;115;2006;107;797;228;26.9;64.6;0.582
29/09/2004;17.00.00;3.0;972;237;8.6;383;192;2002;111;825;365;18.1;20.4;1.084
29/09/2004;18.00.00;1.0;647;393;3.6;383;349;1653;56;551;393;21.1;52.7;1.43
29/09/2004;19.00.00;0.4;647;310;0.2;383;284;1837;143;1075;305;28.7;60.0;1.873
29/09/2004;20.00.00;1.4;647;148;1.0;383;246;1755;109;828;279;16.4;69.4;1.639
29/09/2004;21.00.00;2.0;740;297;6.7;383;146;2008;68;700;228;18.6;50.7;0.679
29/09/2004;22.00.00;0.7;647;189;4.3;383;24;1885;150;1189;228;16.2;47.2;1.48
29/09/2004;23.00.00;2.1;647;333;6.7;383;198;1914;181;1503;266;12.0;28.5;1.061
30/09/2004;00.00.00;0.1;647;171;0.1;383;232;1770;104;1036;449;5.9;41.4;1.228
30/09/2004;01.00.00;0.6;647;118;2.1;383;21;2027;86;703;228;11.0;66.0;1.645
30/09/2004;02.00.00;3.1;839;142;8.4;383;253;1898;85;723;287;27.2;31.7;1.514
30/09/2004;03.00.00;3.0;905;147;4.3;383;305;1703;132;1083;278;31.0;14.0;0.758
30/09/2004;04.00.00;1.6;647;138;5.0;383;140;1770;55;551;228;9.4;70.1;0.879
30/09/2004;05.00.00;0.7;647;163;3.4;383;307;1733;116;943;316;23.9;44.5;0.967
30/09/2004;06.00.00;0.7;647;299;4.6;383;288;1738;93;733;228;16.1;65.0;1.071
30/09/2004;07.00.00;1.6;647;388;8.7;383;199;1737;137;1025;314;30.2;31.5;1.169
30/09/2004;08.00.00;3.1;848;91;11.1;383;182;1693;140;1194;266;17.7;48.5;1.609
30/09/2004;09.00.00;3.4;1002;338;12.9;383;195;1941;59;551;228;12.7;40.0;0.955
30/09/2004;10.00.00;1.5;647;172;2.1;383;115;2027;145;1161;228;19.6;55.7;0.852
30/09/2004;11.00.00;0.5;647;251;5.0;383;298;1712;134;1057;325;6.1;51.4;1.071
30/09/2004;12.00.00;2.5;676;60;10.6;383;116;1883;103;747;228;19.2;61.1;0.778
30/09/2004;13.00.00;1.0;647;267;2.5;383;126;1963;92;788;228;15.6;45.2;1.614
30/09/2004;14.00.00;1.4;647;27;5.9;383;322;1808;92;659;385;15.6;66.9;0.553
30/09/2004;15.00.00;4.0;1151;247;14.0;383;208;1975;104;805;252;13.0;36.9;0.18
30/09/2004;16.00.00;3.3;859;242;13.5;383;255;1845;68;604;228;11.7;64.4;0.658
30/09/2004;17.00.00;2.4;649;236;7.3;383;2;1916;80;551;228;20.3;70.2;0.18
30/09/2004;18.00.00;0.4;647;148;0.1;383;165;1930;122;1068;303;18.6;53.6;1.135
30/09/2004;19.00.00;2.4;647;270;6.8;383;503;1541;85;681;685;16.3;34.2;0.494
30/09/2004;20.00.00;3.6;851;255;13.4;383;2;1993;155;1216;228;21.0;16.4;1.835
30/09/2004;21.00.00;1.6;647;198;1.4;383;513;1678;106;743;694;17.2;44.9;1.086
30/09/2004;22.00.00;4.0;1172;281;6.9;383;285;1698;90;728;377;16.1;30.4;0.876
30/09/2004;23.00.00;4.0;1157;208;14.5;383;164;1862;128;1033;228;12.5;39.9;0.516
01/10/2004;00.00.00;4.5;1168;268;14.9;419;214;1730;93;791;233;26.6;86.6;1.077
01/10/2004;01.00.00;2.6;780;206;8.3;383;434;1573;75;567;513;36.2;45.3;1.708
01/10/2004;02.00.00;3.0;854;238;6.9;383;2;1954;96;696;228;-1.2;24.7;0.238
01/10/2004;03.00.00;4.1;1029;272;9.8;383;462;1760;14;551;570;16.0;38.8;1.323
01/10/2004;04.00.00;2.8;891;180;7.6;383;286;1773;18;551;254;16.6;65.5;0.664
01/10/2004;05.00.00;1.4;647;100;5.4;383;400;1890;68;590;396;19.3;53.2;1.457
01/10/2004;06.00.00;1.5;647;244;3.7;383;2;2074;55;551;228;40.2;60.8;0.69
01/10/2004;07.00.00;2.5;665;330;9.7;383;211;1909;144;1217;228;18.4;80.8;1.609
01/10/2004;08.00.00;0.3;647;246;0.1;383;2;1910;173;1506;228;15.2;47.8;1.238
01/10/2004;09.00.00;1.9;647;248;5.2;383;429;1644;128;1015;527;22.9;74.5;0.592
01/10/2004;10.00.00;3.7;1052;213;13.2;419;95;1832;21;551;228;24.7;60.5;0.622
01/10/2004;11.00.00;0.1;647;288;0.1;383;93;1900;45;551;228;13.1;39.0;0.912
01/10/2004;12.00.00;4.3;1305;200;13.1;383;2;1961;129;1065;228;17.3;73.3;0.578
01/10/2004;13.00.00;3.7;931;174;10.6;383;313;1745;104;836;389;17.7;52.8;0.358
01/10/2004;14.00.00;1.5;647;323;3.2;383;256;1860;23;551;334;30.9;71.8;1.493
01/10/2004;15.00.00;2.9;747;167;10.0;383;131;1873;71;670;283;19.1;45.9;0.225
01/10/2004;16.00.00;2.2;647;302;7.9;383;286;1838;61;570;324;21.6;17.8;1.647
01/10/2004;17.00.00;3.9;1089;323;12.8;383;126;1781;182;1379;228;13.2;11.8;0.83
01/10/2004;18.00.00;3.5;1021;271;10.1;383;2;2034;146;1184;228;21.7;58.0;1.182
01/10/2004;19.00.00;0.2;647;99;0.2;383;190;1812;99;728;376;16.8;40.0;1.923
01/10/2004;20.00.00;3.0;762;220;12.7;383;497;1622;123;1029;589;15.9;18.0;1.273
01/10/2004;21.00.00;1.9;656;198;3.1;383;394;1753;119;1019;399;13.4;57.7;0.741
01/10/2004;22.00.00;2.3;827;170;11.0;383;315;1632;116;809;389;19.7;62.7;1.714
01/10/2004;23.00.00;1.1;647;231;3.8;383;283;1890;200;1598;290;16.8;50.6;0.262
02/10/2004;00.00.00;4.6;1226;291;14.4;383;190;1832;180;1478;228;10.3;46.5;1.089
02/10/2004;01.00.00;3.6;1127;174;13.4;383;358;1862;186;1496;560;10.7;62.1;1.515
02/10/2004;02.00.00;1.1;647;201;0.1;383;332;1739;128;1173;409;19.7;46.0;0.813
02/10/2004;03.00.00;0.3;647;195;3.7;383;233;1919;96;648;228;18.8;43.1;0.583
02/10/2004;04.00.00;1.6;647;328;8.9;383;276;1783;53;551;296;23.0;29.4;0.502
02/10/2004;05.00.00;2.8;679;193;11.0;383;2;2019;65;551;228;19.0;26.1;0.96
02/10/2004;06.00.00;2.5;673;100;3.8;383;172;1871;161;1121;228;9.2;49.5;0.203
02/10/2004;07.00.00;3.9;1024;68;14.0;383;63;1931;51;551;228;22.6;35.5;0.233
02/10/2004;08.00.00;3.3;912;252;13.7;383;60;1930;104;825;228;11.1;77.8;0.741
02/10/2004;09.00.00;3.5;984;145;14.3;383;317;1763;46;551;592;26.3;50.3;0.821
02/10/2004;10.00.00;2.6;680;281;5.5;383;52;2001;108;908;228;25.7;30.6;1.128
02/10/2004;11.00.00;0.2;647;91;2.7;383;363;1727;62;551;400;13.2;53.4;0.869
02/10/2004;12.00.00;1.9;647;166;9.6;383;403;1718;144;1116;493;11.4;46.9;0.724
02/10/2004;13.00.00;3.6;1082;91;11.7;383;236;1689;101;875;288;8.4;56.3;1.503
02/10/2004;14.00.00;2.1;647;259;3.7;383;153;1949;74;551;229;7.6;56.5;1.142
02/10/2004;15.00.00;2.9;865;279;10.8;383;403;1617;67;551;462;31.0;36.3;1.743
02/10/2004;16.00.00;1.7;647;250;7.6;383;330;1603;119;1045;496;11.6;53.5;0.993
02/10/2004;17.00.00;0.7;647;114;2.0;383;428;1804;115;946;416;14.8;83.3;0.342
02/10/2004;18.00.00;2.0;664;147;3.9;383;80;2048;86;695;228;37.8;36.4;0.721
02/10/2004;19.00.00;2.6;647;240;10.2;383;206;1834;97;754;228;27.2;41.9;0.523
02/10/2004;20.00.00;1.2;647;57;2.4;383;212;1915;89;742;228;26.2;27.2;1.053
02/10/2004;21.00.00;1.8;650;195;6.6;383;278;1751;8;551;313;23.3;70.5;1.064
02/10/2004;22.00.00;0.8;647;362;5.8;383;341;1689;111;939;459;26.3;47.8;0.508
02/10/2004;23.00.00;3.7;815;200;8.6;383;267;1738;38;551;239;-0.8;23.0;0.908
03/10/2004;00.00.00;1.7;647;76;7.4;383;450;1588;70;685;518;17.0;28.4;1.175
03/10/2004;01.00.00;4.2;1182;160;13.0;419;188;1828;128;1070;228;12.5;33.9;0.603
03/10/2004;02.00.00;4.3;991;158;13.4;383;85;1874;101;957;228;5.4;70.4;2.23
03/10/2004;03.00.00;2.0;676;421;7.5;383;144;1656;186;1459;228;6.3;51.4;0.799
03/10/2004;04.00.00;0.7;647;376;0.8;383;125;1885;74;695;228;16.7;45.6;0.923
03/10/2004;05.00.00;0.1;647;287;0.1;383;176;1781;93;644;304;6.8;36.4;0.728
03/10/2004;06.00.00;0.1;647;185;0.1;383;204;1859;120;1024;338;16.2;49.2;0.443
03/10/2004;07.00.00;0.2;647;332;3.2;383;211;1811;111;880;231;14.4;38.4;0.688
03/10/2004;08.00.00;4.1;1056;110;12.3;383;281;1825;163;1315;379;30.9;71.7;0.779
03/10/2004;09.00.00;2.3;647;320;8.5;383;175;1860;143;1208;228;23.2;51.6;1.154
03/10/2004;10.00.00;2.7;841;306;7.7;383;406;1573;179;1496;572;24.9;31.5;1.037
03/10/2004;11.00.00;0.1;647;203;0.1;383;2;1897;35;551;228;9.3;36.9;0.514
03/10/2004;12.00.00;0.5;647;326;2.8;383;2;1899;150;1234;228;28.2;77.5;1.182
03/10/2004;13.00.00;3.4;874;175;11.5;383;399;1611;65;570;466;22.8;45.5;1.03
03/10/2004;14.00.00;2.6;810;97;7.7;383;387;1634;134;1056;412;17.2;75.3;1.488
03/10/2004;15.00.00;1.9;661;310;6.8;383;435;1725;101;758;515;6.4;52.7;1.81
03/10/2004;16.00.00;2.9;918;209;7.5;383;343;1740;79;652;319;21.1;56.4;1.261
03/10/2004;17.00.00;4.4;1282;275;16.3;524;246;1654;169;1183;286;15.6;39.9;1.277
03/10/2004;18.00.00;1.8;647;390;8.5;383;206;1764;32;551;235;12.6;62.8;0.692
03/10/2004;19.00.00;2.2;647;149;8.7;383;2;1995;200;1669;228;19.9;28.6;0.944
03/10/2004;20.00.00;2.4;657;204;7.0;383;268;1704;143;1195;342;15.0;36.3;0.18
03/10/2004;21.00.00;5.5;1484;367;17.7;439;26;1985;121;920;228;17.1;55.0;0.809
03/10/2004;22.00.00;0.1;647;281;3.5;383;623;1434;105;683;810;8.2;44.0;1.202
03/10/2004;23.00.00;3.1;954;151;12.5;383;88;1918;95;814;228;5.5;49.6;1.642
04/10/2004;00.00.00;2.0;647;127;10.4;383;234;1766;135;1020;393;29.6;58.0;0.898
04/10/2004;01.00.00;2.9;919;167;7.9;383;476;1627;46;551;564;8.3;48.4;0.886
04/10/2004;02.00.00;1.2;647;147;2.2;383;189;1963;2;551;248;8.7;50.5;0.829
04/10/2004;03.00.00;2.1;647;240;6.9;383;191;1918;117;828;312;13.1;80.4;0.636
04/10/2004;04.00.00;3.1;929;225;10.9;383;2;1911;77;603;228;24.7;15.1;0.614
04/10/2004;05.00.00;6.5;1773;244;20.5;412;45;2164;69;694;228;12.7;40.8;0.648
04/10/2004;06.00.00;3.3;1067;138;9.7;383;331;1828;37;551;339;16.7;45.8;1.503
04/10/2004;07.00.00;1.0;647;211;5.6;383;501;1543;170;1281;643;10.7;65.0;0.922
04/10/2004;08.00.00;1.6;647;22;4.8;383;109;1842;200;1643;228;27.2;61.9;0.546
04/10/2004;09.00.00;1.5;647;231;2.4;383;276;1806;110;910;259;1.2;9.2;0.589
04/10/2004;10.00.00;0.1;647;329;0.1;383;660;1528;105;711;833;19.8;68.0;0.225
04/10/2004;11.00.00;1.7;647;82;5.9;383;332;1875;133;1070;364;33.4;50.8;0.856
04/10/2004;12.00.00;3.2;906;263;16.2;475;395;1724;130;1137;461;15.8;61.4;0.738
04/10/2004;13.00.00;0.4;647;159;0.1;383;128;1843;88;816;228;10.6;39.8;1.067
04/10/2004;14.00.00;3.6;897;294;10.9;383;483;1572;171;1348;666;0.6;59.4;1.298
04/10/2004;15.00.00;2.8;691;233;13.9;389;140;1938;167;1378;228;20.8;56.0;0.678
04/10/2004;16.00.00;1.1;647;256;2.6;383;113;1802;148;1232;228;25.3;47.1;0.909
04/10/2004;17.00.00;2.0;647;224;7.2;383;472;1741;198;1667;623;27.0;76.7;1.42
04/10/2004;18.00.00;4.4;1201;344;17.8;478;148;1837;150;1194;228;29.8;88.2;0.721
04/10/2004;19.00.00;3.2;1005;251;8.3;383;245;1880;81;755;366;24.1;48.2;0.502
04/10/2004;20.00.00;2.2;647;150;6.3;383;494;1700;116;875;544;5.0;21.4;1.169
04/10/2004;21.00.00;1.8;647;227;4.8;383;106;2159;158;1327;228;27.7;57.9;1.456
04/10/2004;22.00.00;2.3;647;182;4.2;383;209;1807;62;551;228;11.2;36.3;1.433
04/10/2004;23.00.00;1.4;647;233;7.7;383;152;1855;99;656;228;14.7;54.6;0.718
05/10/2004;00.00.00;0.1;647;178;0.1;383;195;1817;37;551;356;23.8;56.6;0.566
05/10/2004;01.00.00;5.0;1462;153;14.3;383;252;1812;209;1912;424;20.7;51.9;0.899
05/10/2004;02.00.00;2.4;725;236;6.7;383;451;1587;132;1086;671;11.2;31.5;1.01
05/10/2004;03.00.00;2.7;711;223;10.5;383;497;1699;141;1116;545;21.0;24.5;0.992
05/10/2004;04.00.00;2.1;735;319;6.8;383;269;1864;40;551;540;-1.9;30.3;0.769
05/10/2004;05.00.00;1.1;647;178;2.0;383;134;1871;166;1295;256;25.1;47.3;1.469
05/10/2004;06.00.00;1.9;647;29;6.9;383;349;1663;127;882;501;14.2;73.5;1.533
05/10/2004;07.00.00;0.1;647;183;1.9;383;246;1767;26;551;316;33.9;43.9;0.454
05/10/2004;08.00.00;5.3;1473;63;17.0;416;251;1761;134;1203;228;15.3;67.8;0.616
05/10/2004;09.00.00;0.4;647;257;0.9;383;88;1968;66;551;228;27.8;16.1;0.904
05/10/2004;10.00.00;0.7;647;58;4.3;383;2;2013;115;950;228;25.3;57.1;0.954
05/10/2004;11.00.00;1.5;647;124;4.5;383;243;1871;149;1144;279;24.3;76.7;1.194
05/10/2004;12.00.00;4.0;1127;183;15.9;420;82;2053;122;965;228;24.4;33.9;0.846
05/10/2004;13.00.00;2.2;647;364;5.4;383;164;1891;24;551;228;22.0;46.1;0.913
05/10/2004;14.00.00;0.4;647;116;0.1;383;472;1669;125;1009;605;23.2;51.4;0.18
05/10/2004;15.00.00;3.9;1101;219;10.7;383;235;2008;153;1234;288;23.9;61.2;1.485
05/10/2004;16.00.00;3.2;838;273;9.7;383;415;1713;103;575;482;15.9;29.9;0.283
05/10/2004;17.00.00;2.9;724;358;9.3;383;291;1727;137;1115;328;12.8;28.1;0.284
05/10/2004;18.00.00;3.2;978;291;7.4;383;335;1726;138;1002;515;14.1;60.7;0.362
05/10/2004;19.00.00;5.5;1497;321;17.8;471;161;1737;15;551;228;15.5;58.0;0.649
05/10/2004;20.00.00;5.2;1469;300;17.8;459;422;1705;173;1468;569;19.6;32.6;1.406
05/10/2004;21.00.00;1.2;647;103;0.9;383;293;1721;86;733;353;24.1;59.7;1.405
05/10/2004;22.00.00;4.4;1191;252;13.1;383;205;1764;78;551;228;18.6;46.8;0.781
05/10/2004;23.00.00;2.7;868;298;9.7;383;293;1696;79;570;537;25.6;33.8;0.393
06/10/2004;00.00.00;2.8;708;127;6.9;383;136;1982;172;1371;262;18.1;35.0;1.135
06/10/2004;01.00.00;0.1;647;162;0.1;383;201;1818;183;1538;422;35.4;43.9;0.864
06/10/2004;02.00.00;1.9;647;141;8.3;383;237;1871;135;1164;355;18.6;88.7;1.335
06/10/2004;03.00.00;1.0;647;291;6.8;383;165;1898;89;748;228;17.6;52.7;0.499
06/10/2004;04.00.00;3.3;822;211;11.5;383;484;1628;252;1943;627;12.7;35.1;0.875
06/10/2004;05.00.00;3.6;1091;187;11.3;383;182;1823;112;991;228;27.1;35.5;1.283
06/10/2004;06.00.00;0.1;647;96;0.1;383;564;1587;81;651;609;26.5;59.7;1.375
06/10/2004;07.00.00;2.1;647;211;8.6;383;256;1760;162;1265;475;30.7;47.8;1.561
06/10/2004;08.00.00;3.7;1098;164;14.2;383;210;1844;107;818;229;28.5;48.3;1.567
06/10/2004;09.00.00;1.9;647;241;3.7;383;168;1953;213;1584;228;18.4;41.4;0.937
06/10/2004;10.00.00;3.2;785;109;12.0;383;310;1856;72;666;410;8.6;28.6;1.378
06/10/2004;11.00.00;2.6;671;234;7.2;383;382;1658;104;824;440;19.5;50.6;1.399
06/10/2004;12.00.00;2.6;826;176;6.7;383;2;2028;186;1437;228;26.4;84.3;0.506
06/10/2004;13.00.00;1.8;647;99;5.4;383;246;1849;136;1140;288;17.4;47.1;1.241
06/10/2004;14.00.00;0.4;647;91;3.4;383;2;2017;98;853;284;14.6;47.4;0.911
06/10/2004;15.00.00;0.6;647;106;2.5;383;396;1744;68;551;322;15.6;59.3;1.256
06/10/2004;16.00.00;3.1;838;198;10.6;383;398;1742;58;591;425;28.2;48.9;1.194
06/10/2004;17.00.00;2.2;647;229;7.7;383;252;1945;50;584;388;15.2;34.1;1.423
06/10/2004;18.00.00;2.0;647;243;7.2;383;277;1950;159;1285;228;23.5;41.0;1.253
06/10/2004;19.00.00;1.6;647;247;4.8;383;27;1965;150;1224;228;25.3;39.8;0.884
06/10/2004;20.00.00;1.7;647;145;6.8;383;162;2003;138;1295;228;22.7;63.1;1.08
06/10/2004;21.00.00;3.6;1090;318;10.3;383;152;1913;59;551;228;12.9;38.5;0.668
06/10/2004;22.00.00;1.7;647;175;6.7;383;177;1843;99;750;309;15.8;29.3;1.516
06/10/2004;23.00.00;0.3;647;260;2.6;383;379;1745;128;1075;466;5.3;68.4;1.362
07/10/2004;00.00.00;3.2;821;202;11.6;383;442;1627;173;1479;470;15.0;63.7;0.492
07/10/2004;01.00.00;1.9;647;253;7.5;383;339;1725;130;1045;488;4.1;54.1;1.135
07/10/2004;02.00.00;2.2;647;197;8.0;383;196;1755;119;889;254;26.2;37.2;1.603
07/10/2004;03.00.00;4.4;1197;255;16.4;421;131;1900;68;650;228;7.7;9.2;1.302
07/10/2004;04.00.00;2.1;754;217;2.2;383;259;1866;156;1249;258;9.4;86.8;1.181
07/10/2004;05.00.00;2.6;680;295;9.9;383;291;1824;99;797;342;15.6;88.4;1.26
07/10/2004;06.00.00;0.5;647;140;5.5;383;212;1859;45;551;316;13.7;51.5;1.056
07/10/2004;07.00.00;1.8;647;49;4.7;383;145;2022;70;684;228;33.6;51.8;0.708
07/10/2004;08.00.00;3.0;924;125;8.1;383;340;1898;145;1185;484;27.4;35.7;0.84
07/10/2004;09.00.00;0.1;647;319;2.9;383;355;1755;147;1217;431;16.1;9.9;0.727
07/10/2004;10.00.00;2.4;647;203;5.9;383;45;2091;2;551;228;30.5;44.8;1.158
07/10/2004;11.00.00;2.3;757;226;6.0;383;187;1878;108;850;229;21.5;13.7;1.51
07/10/2004;12.00.00;2.2;647;117;7.4;383;365;1715;50;551;496;17.7;62.4;1.446
07/10/2004;13.00.00;3.6;1023;224;9.9;383;397;1759;131;1026;461;10.7;54.8;0.543
07/10/2004;14.00.00;2.6;903;120;10.1;383;255;1789;141;1056;228;13.2;34.8;0.657
07/10/2004;15.00.00;4.2;1201;134;11.9;383;301;1569;61;551;378;35.5;62.8;0.769
07/10/2004;16.00.00;0.8;647;179;3.1;383;284;1751;113;1085;268;21.8;68.8;1.081
07/10/2004;17.00.00;2.3;647;260;8.1;383;392;1565;153;1153;590;16.1;49.2;0.645
07/10/2004;18.00.00;2.3;647;270;10.6;383;76;1907;162;1318;228;18.6;45.1;1.348
07/10/2004;19.00.00;0.7;647;273;4.4;383;286;1726;72;572;325;19.1;47.8;0.49
07/10/2004;20.00.00;3.5;1022;67;10.1;383;110;1868;164;1402;228;17.6;79.4;1.317
07/10/2004;21.00.00;5.4;1603;217;14.8;383;412;1585;125;1012;487;-1.7;50.3;1.225
07/10/2004;22.00.00;2.1;692;199;8.5;383;84;1836;89;825;228;24.8;58.8;0.489
07/10/2004;23.00.00;2.9;766;72;7.8;383;308;1701;108;858;241;32.3;82.0;0.96
08/10/2004;00.00.00;2.3;647;219;6.6;383;110;1881;151;1230;228;20.3;32.5;0.802
08/10/2004;01.00.00;1.2;647;194;1.6;383;361;1687;150;1264;357;21.6;9.2;0.571
08/10/2004;02.00.00;0.1;647;266;1.7;383;313;1770;156;1268;409;11.4;50.6;1.264
08/10/2004;03.00.00;1.2;647;225;2.4;383;282;1830;80;687;228;14.9;60.7;1.111
08/10/2004;04.00.00;0.2;647;165;0.6;383;546;1482;123;1012;681;21.0;34.5;0.698
08/10/2004;05.00.00;4.5;1256;305;14.5;383;138;1819;101;698;321;19.4;57.7;1.689
08/10/2004;06.00.00;2.0;647;7;6.7;383;387;1823;123;1046;421;16.6;71.2;0.889
08/10/2004;07.00.00;1.7;647;211;6.7;383;425;1720;88;803;389;26.4;19.1;0.652
08/10/2004;08.00.00;3.4;1014;50;10.4;383;387;1627;189;1503;518;19.4;31.7;1.064
08/10/2004;09.00.00;0.6;647;131;0.4;383;142;1785;112;880;228;22.5;55.4;1.636
08/10/2004;10.00.00;1.1;647;267;0.1;383;210;1792;106;874;327;13.8;32.4;0.555
08/10/2004;11.00.00;2.2;666;96;7.4;383;153;1857;134;1230;271;24.9;41.0;1.049
08/10/2004;12.00.00;3.6;1084;82;11.2;383;200;1894;166;1307;323;9.7;54.8;0.922
08/10/2004;13.00.00;2.9;834;444;7.7;383;117;1722;115;971;228;18.0;28.8;1.125
08/10/2004;14.00.00;2.5;648;88;8.1;383;190;1770;98;770;374;21.0;17.0;0.634
08/10/2004;15.00.00;2.3;647;374;8.9;383;470;1767;155;1293;628;14.7;40.5;1.171
08/10/2004;16.00.00;2.7;798;201;10.9;383;197;1843;196;1470;228;18.3;53.5;1.134
08/10/2004;17.00.00;2.4;692;168;4.7;383;262;1795;181;1593;262;23.5;61.9;1.33
08/10/2004;18.00.00;0.7;647;271;1.5;383;135;1846;65;555;266;23.6;27.3;1.175
08/10/2004;19.00.00;2.2;765;344;9.0;383;243;1868;150;1178;345;17.8;33.8;1.366
08/10/2004;20.00.00;0.6;647;109;5.3;383;372;1557;109;856;389;14.7;61.8;1.165
08/10/2004;21.00.00;2.3;775;169;5.6;383;320;1709;174;1415;356;21.4;28.6;1.382
08/10/2004;22.00.00;1.5;647;298;7.5;383;462;1463;201;1768;550;34.8;32.6;1.301
08/10/2004;23.00.00;5.7;1450;245;15.6;436;60;1949;2;551;228;22.6;73.4;1.192
09/10/2004;00.00.00;2.1;647;322;9.0;383;130;1860;113;887;228;31.6;41.6;1.234
09/10/2004;01.00.00;0.2;647;266;0.1;383;182;1723;91;736;324;19.8;29.4;1.138
09/10/2004;02.00.00;2.0;647;389;9.4;383;479;1697;78;642;604;20.6;51.4;0.732
09/10/2004;03.00.00;2.9;687;234;8.3;383;291;1821;68;551;459;0.0;59.3;1.043
09/10/2004;04.00.00;4.5;1244;239;13.8;383;29;2059;91;713;228;16.7;56.9;0.782
09/10/2004;05.00.00;1.3;647;248;4.0;383;413;1548;99;809;615;25.9;47.2;1.209
09/10/2004;06.00.00;0.1;647;204;0.1;383;262;1709;96;696;408;20.2;35.4;0.18
09/10/2004;07.00.00;3.3;984;298;7.0;383;382;1790;15;551;464;17.3;76.8;0.874
09/10/2004;08.00.00;0.2;647;240;1.7;383;488;1674;119;863;543;18.4;66.6;0.512
09/10/2004;09.00.00;1.5;647;292;6.9;383;96;2035;163;1228;228;32.0;38.0;0.991
09/10/2004;10.00.00;1.8;647;307;6.9;383;488;1590;86;745;549;13.0;48.8;0.638
09/10/2004;11.00.00;2.1;647;258;4.1;383;234;1803;34;551;281;26.3;35.0;1.685
09/10/2004;12.00.00;3.1;785;265;10.9;383;182;1903;117;904;259;31.0;52.1;0.538
09/10/2004;13.00.00;1.2;647;122;1.8;383;269;1676;163;1391;232;23.5;51.4;0.834
09/10/2004;14.00.00;1.8;647;165;6.5;383;63;1964;120;983;228;10.9;54.7;1.612
09/10/2004;15.00.00;2.1;647;298;9.1;383;242;2008;78;772;228;23.0;73.4;1.46
09/10/2004;16.00.00;2.4;647;353;8.3;383;208;1804;62;551;228;22.3;61.3;1.45
09/10/2004;17.00.00;2.3;647;33;10.3;383;102;1789;146;1133;289;30.3;35.6;0.35
09/10/2004;18.00.00;2.8;895;164;8.5;383;147;1915;101;947;228;16.8;30.4;0.916
09/10/2004;19.00.00;3.3;854;220;10.2;383;420;1591;88;743;554;0.9;53.7;0.604
09/10/2004;20.00.00;2.7;647;134;8.8;383;218;1816;83;662;430;10.3;61.0;1.174
09/10/2004;21.00.00;2.8;816;139;6.2;383;95;2010;123;956;228;16.5;86.3;1.281
09/10/2004;22.00.00;0.1;647;263;0.1;383;314;1792;118;976;276;18.1;26.2;1.497
09/10/2004;23.00.00;2.2;647;368;6.5;383;363;1670;115;833;576;24.5;63.8;1.022
10/10/2004;00.00.00;2.8;842;24;8.5;383;245;1870;66;551;228;17.2;40.5;0.751
10/10/2004;01.00.00;3.2;954;201;10.7;383;57;1820;63;555;228;13.7;78.9;0.726
10/10/2004;02.00.00;1.2;647;262;0.8;383;2;2014;81;722;228;11.5;42.7;1.003
10/10/2004;03.00.00;1.2;647;292;1.6;383;108;1882;126;1090;228;16.7;69.0;1.177
10/10/2004;04.00.00;1.3;647;248;6.6;383;407;1485;139;1080;343;19.4;88.7;1.286
10/10/2004;05.00.00;2.9;858;385;5.3;383;393;1588;183;1429;521;20.1;57.3;1.105
10/10/2004;06.00.00;3.6;1061;220;12.7;383;124;1899;72;582;228;23.5;36.2;0.532
10/10/2004;07.00.00;1.6;647;342;4.3;383;209;1891;147;1103;321;20.3;38.8;1.058
10/10/2004;08.00.00;3.4;959;156;11.3;383;352;1719;30;551;490;6.0;32.8;1.142
10/10/2004;09.00.00;2.3;714;223;10.5;383;224;1796;129;1014;306;7.3;37.8;0.18
10/10/2004;10.00.00;2.0;647;102;6.1;383;389;1753;40;551;442;14.9;36.9;1.08
10/10/2004;11.00.00;1.9;647;303;7.2;383;231;1837;54;551;282;15.2;88.7;0.996
10/10/2004;12.00.00;3.2;868;206;10.3;383;319;1824;149;1234;331;29.4;35.8;1.299
10/10/2004;13.00.00;2.6;743;251;8.1;383;196;1888;120;985;251;11.0;51.5;0.694
10/10/2004;14.00.00;5.3;1447;188;16.6;404;126;1842;97;934;228;22.3;56.4;0.965
10/10/2004;15.00.00;1.0;647;273;4.5;383;424;1714;46;551;520;30.9;55.8;0.878
10/10/2004;16.00.00;2.9;711;255;7.7;383;16;2063;130;1189;228;23.5;80.0;1.06
10/10/2004;17.00.00;1.4;647;123;2.2;383;154;1988;117;792;228;25.7;24.3;0.645
10/10/2004;18.00.00;0.9;647;129;3.1;383;231;1772;147;1220;361;29.7;27.2;1.334
10/10/2004;19.00.00;2.1;647;215;7.2;383;377;1669;29;551;516;21.5;33.3;0.419
10/10/2004;20.00.00;2.3;647;280;3.8;383;111;1981;142;1060;228;24.6;73.4;1.176
10/10/2004;21.00.00;6.2;1732;394;19.9;383;265;1854;86;617;228;18.7;58.2;2.035
10/10/2004;22.00.00;1.9;647;246;3.6;383;33;1932;126;931;228;33.1;82.4;0.919
10/10/2004;23.00.00;0.6;647;313;3.1;383;313;1695;109;831;369;21.1;16.5;1.47
11/10/2004;00.00.00;2.5;671;64;4.5;383;525;1545;72;753;667;12.3;59.3;0.823
11/10/2004;01.00.00;0.1;647;409;4.2;383;2;2004;93;675;228;11.4;56.9;1.615
11/10/2004;02.00.00;2.0;647;275;5.8;383;134;1821;70;551;228;14.1;21.2;0.926
11/10/2004;03.00.00;2.2;648;213;5.2;383;374;1734;87;741;451;5.7;56.6;1.04
11/10/2004;04.00.00;3.3;925;202;9.9;383;696;1304;69;574;818;29.9;57.4;1.043
11/10/2004;05.00.00;3.5;1009;112;12.4;383;335;1664;132;1235;352;29.9;38.0;0.509
11/10/2004;06.00.00;1.4;647;139;6.4;383;134;1907;71;570;293;25.4;58.0;1.223
11/10/2004;07.00.00;1.9;647;399;5.7;383;223;1747;139;935;350;18.5;30.5;0.977
11/10/2004;08.00.00;1.1;647;124;0.6;383;58;1919;269;2123;228;9.7;61.5;0.935
11/10/2004;09.00.00;0.6;647;122;0.1;383;369;1694;100;769;352;13.5;69.2;0.2
11/10/2004;10.00.00;2.6;767;151;8.8;383;406;1844;37;551;392;22.1;34.8;1.663
11/10/2004;11.00.00;0.4;647;104;3.1;383;461;1526;213;1666;550;14.9;64.7;1.912
11/10/2004;12.00.00;1.6;647;219;7.3;383;195;1862;129;1026;228;18.0;24.2;0.18
11/10/2004;13.00.00;0.8;647;321;2.8;383;122;1820;106;849;228;7.7;51.0;1.05
11/10/2004;14.00.00;2.9;818;160;11.3;383;474;1535;95;649;578;10.1;49.8;1.06
11/10/2004;15.00.00;4.7;1380;87;18.8;418;457;1564;62;551;398;13.6;43.0;1.715
11/10/2004;16.00.00;0.3;647;245;3.4;383;94;1911;96;904;228;26.9;42.6;0.716
11/10/2004;17.00.00;0.1;647;212;2.2;383;188;1963;75;626;267;19.8;77.0;1.575
11/10/2004;18.00.00;2.0;647;313;4.7;383;366;1800;76;696;478;12.0;9.2;0.667
11/10/2004;19.00.00;2.2;647;174;8.9;383;207;1797;141;1143;228;15.2;75.4;0.973
11/10/2004;20.00.00;2.5;647;193;8.8;383;250;1778;159;1193;228;29.2;26.8;1.418
11/10/2004;21.00.00;1.5;647;203;6.2;383;21;2030;102;838;228;23.7;78.0;1.205
11/10/2004;22.00.00;1.9;647;226;8.5;383;74;1945;137;1056;228;10.0;66.2;1.019
11/10/2004;23.00.00;2.7;772;180;9.2;383;232;1763;213;1619;228;19.2;55.8;1.122
12/10/2004;00.00.00;3.6;1118;165;11.3;383;139;1941;72;574;228;19.1;69.7;1.443
12/10/2004;01.00.00;0.1;647;42;0.1;383;70;2073;34;551;228;24.1;40.9;0.96
12/10/2004;02.00.00;1.6;647;164;4.6;383;197;1926;152;1196;229;8.8;58.3;1.142
12/10/2004;03.00.00;2.4;780;285;8.3;383;111;2019;77;777;228;14.3;46.8;1.512
12/10/2004;04.00.00;0.9;647;298;3.3;383;250;1788;87;777;228;26.2;54.5;1.036
12/10/2004;05.00.00;4.6;1322;173;15.1;383;397;1595;118;907;397;24.2;63.6;0.819
12/10/2004;06.00.00;1.3;647;341;6.0;383;199;1680;172;1333;228;13.3;59.2;1.287
12/10/2004;07.00.00;2.1;647;215;8.4;383;180;1689;119;1125;228;21.7;42.4;1.485
12/10/2004;08.00.00;2.9;781;90;9.2;383;410;1655;11;551;518;14.4;50.7;1.482
12/10/2004;09.00.00;1.3;647;61;2.5;383;358;1753;130;1070;474;21.1;46.9;1.279
12/10/2004;10.00.00;0.1;647;333;1.1;383;368;1772;124;1026;477;24.3;38.1;1.63
12/10/2004;11.00.00;1.5;647;182;9.5;383;2;2017;71;551;228;12.3;66.8;1.07
12/10/2004;12.00.00;3.6;1074;102;12.1;383;177;1800;31;551;239;15.1;71.3;0.815
12/10/2004;13.00.00;1.7;647;7;4.8;383;158;1925;94;825;228;18.8;88.7;0.446
12/10/2004;14.00.00;1.0;647;180;4.2;383;119;1808;2;551;262;14.1;36.7;0.606
12/10/2004;15.00.00;3.4;830;256;12.2;383;407;1585;27;551;646;13.1;67.4;1.186
12/10/2004;16.00.00;1.7;647;151;6.6;383;162;1918;48;551;294;20.9;55.5;1.187
12/10/2004;17.00.00;1.4;647;117;7.3;383;33;1874;52;551;228;26.6;44.5;1.58
12/10/2004;18.00.00;2.4;647;165;8.3;383;283;1711;155;1258;278;13.4;63.9;1.264
12/10/2004;19.00.00;3.2;1009;336;13.0;383;244;1725;105;681;277;12.0;50.1;1.169
12/10/2004;20.00.00;5.5;1406;85;18.0;470;104;1929;129;1042;228;11.3;47.5;0.775
12/10/2004;21.00.00;3.3;1045;157;13.6;383;401;1725;122;992;649;17.3;48.1;1.473
12/10/2004;22.00.00;3.8;1036;333;14.5;383;327;1787;39;551;469;28.8;37.0;1.969
12/10/2004;23.00.00;1.4;647;264;6.5;383;326;1692;85;599;441;14.8;70.6;0.873
13/10/2004;00.00.00;0.7;647;235;3.9;383;320;1730;102;786;448;28.6;51.7;0.705
13/10/2004;01.00.00;2.2;647;156;11.8;383;412;1728;106;822;604;14.1;62.4;0.73
13/10/2004;02.00.00;2.3;679;220;9.5;383;222;1779;135;1241;316;7.5;76.4;1.659
13/10/2004;03.00.00;0.6;647;166;0.3;383;56;1882;157;1249;228;31.7;33.8;1.303
13/10/2004;04.00.00;1.9;647;136;6.6;383;214;1777;130;1008;316;16.9;88.7;1.034
13/10/2004;05.00.00;2.7;740;115;8.1;383;2;1949;197;1570;228;25.6;50.7;1.227
13/10/2004;06.00.00;2.7;647;292;12.6;402;83;1935;134;1106;228;24.6;56.5;0.358
13/10/2004;07.00.00;2.9;816;212;11.6;415;493;1602;87;729;784;23.2;62.4;1.687
13/10/2004;08.00.00;2.6;647;247;12.2;383;77;1924;174;1433;228;16.2;33.8;1.281
13/10/2004;09.00.00;1.4;647;232;3.1;383;66;1882;54;551;228;21.4;35.3;1.339
13/10/2004;10.00.00;1.4;647;259;6.8;383;348;1646;138;992;405;16.1;44.7;0.82
13/10/2004;11.00.00;0.5;647;193;0.1;383;378;1749;105;887;546;6.9;51.1;0.518
13/10/2004;12.00.00;4.6;1321;172;11.7;383;2;2025;71;589;228;15.1;35.3;1.08
13/10/2004;13.00.00;2.2;661;140;6.1;383;284;1737;123;934;228;24.4;25.6;1.21
13/10/2004;14.00.00;1.8;647;83;8.9;383;162;1865;99;802;280;26.5;68.6;1.068
13/10/2004;15.00.00;0.8;647;111;0.7;383;296;1859;24;551;473;26.5;30.4;1.367
13/10/2004;16.00.00;6.3;1486;183;20.0;475;199;1834;121;973;239;17.9;64.6;0.652
13/10/2004;17.00.00;0.6;647;65;4.4;383;37;1969;63;551;228;28.1;28.8;0.648
13/10/2004;18.00.00;1.5;647;86;6.7;383;172;1984;118;816;228;10.2;37.5;0.684
13/10/2004;19.00.00;2.7;686;317;13.2;383;341;1812;106;876;415;39.3;46.0;0.56
13/10/2004;20.00.00;3.0;862;239;9.6;383;543;1514;133;1121;740;17.8;87.8;0.834
13/10/2004;21.00.00;3.5;1071;175;10.3;383;305;1841;3;551;397;18.7;52.2;0.863
13/10/2004;22.00.00;4.7;1272;433;12.8;383;186;1837;65;551;264;8.4;53.5;1.067
13/10/2004;23.00.00;2.9;724;61;8.4;383;65;1863;118;876;228;14.2;46.6;1.359
14/10/2004;00.00.00;0.7;647;310;0.1;383;221;1926;251;2025;401;23.7;33.9;1.148
14/10/2004;01.00.00;1.8;647;207;2.1;383;188;1792;119;1021;316;22.1;60.6;0.428
14/10/2004;02.00.00;2.6;669;292;12.2;383;292;1724;91;839;377;6.5;49.5;1.322
14/10/2004;03.00.00;5.0;1510;228;16.2;383;236;1779;154;1300;283;20.5;72.9;0.555
14/10/2004;04.00.00;0.2;647;40;5.8;383;319;1907;84;718;398;4.6;29.5;0.18
14/10/2004;05.00.00;3.8;923;227;10.6;383;190;1771;133;866;228;27.8;71.8;1.33
14/10/2004;06.00.00;2.4;647;249;6.8;383;507;1545;115;874;630;27.9;52.9;1.404
14/10/2004;07.00.00;3.3;943;9;9.1;383;335;1704;164;1340;310;9.7;35.6;1.545
14/10/2004;08.00.00;2.0;647;402;5.1;383;137;1931;144;1103;228;19.7;54.2;1.109
14/10/2004;09.00.00;1.0;647;247;4.9;383;399;1675;90;645;539;6.7;35.1;1.59
14/10/2004;10.00.00;3.2;932;281;11.4;383;69;1891;40;551;228;14.4;69.3;0.353
14/10/2004;11.00.00;3.1;964;107;11.6;383;115;1957;61;634;250;20.0;47.1;0.855
14/10/2004;12.00.00;3.5;1134;283;13.9;383;123;2009;127;913;228;18.8;35.4;1.364
14/10/2004;13.00.00;2.1;647;321;9.0;383;449;1510;110;867;635;20.5;39.6;0.998
14/10/2004;14.00.00;1.3;647;242;2.2;383;218;1770;114;856;240;19.4;35.6;1.201
14/10/2004;15.00.00;0.1;647;217;0.1;383;149;1921;125;932;228;20.9;75.1;1.191
14/10/2004;16.00.00;3.3;1091;133;10.8;383;271;1684;73;622;417;13.0;29.8;1.357
14/10/2004;17.00.00;2.7;722;197;16.2;393;328;1724;107;929;380;16.6;47.8;1.773
14/10/2004;18.00.00;0.8;647;169;4.1;383;489;1710;112;806;616;18.3;53.4;1.198
14/10/2004;19.00.00;1.4;647;272;4.7;383;16;2036;43;551;228;16.6;41.5;1.245
14/10/2004;20.00.00;1.5;647;137;6.1;383;439;1690;83;660;343;39.7;26.1;0.636
14/10/2004;21.00.00;0.1;647;271;0.1;383;2;2058;131;1018;228;18.7;84.6;0.824
14/10/2004;22.00.00;1.0;647;138;3.7;383;384;1718;146;1097;578;7.0;43.5;1.065
14/10/2004;23.00.00;0.6;647;193;3.7;383;423;1633;74;682;535;9.3;26.7;0.938
15/10/2004;00.00.00;1.6;647;276;5.0;383;431;1731;136;1013;589;20.0;35.8;0.537
15/10/2004;01.00.00;1.1;647;151;2.1;383;333;1695;83;563;474;17.0;51.0;1.4
15/10/2004;02.00.00;0.1;647;279;0.2;383;83;1920;70;654;228;16.6;46.0;0.797
15/10/2004;03.00.00;5.0;1345;270;15.3;383;360;1579;204;1653;559;5.5;25.2;0.991
15/10/2004;04.00.00;3.9;1215;192;9.8;383;82;1895;93;650;228;7.1;54.2;0.498
15/10/2004;05.00.00;1.1;647;328;2.2;383;102;1924;42;551;241;9.0;29.1;1.266
15/10/2004;06.00.00;2.5;757;225;5.3;383;176;1861;91;685;265;10.2;62.2;0.912
15/10/2004;07.00.00;2.7;911;322;6.3;383;189;1921;100;920;263;7.3;55.6;1.239
15/10/2004;08.00.00;3.8;1247;388;9.9;383;282;1738;156;1235;228;23.6;43.9;0.18
15/10/2004;09.00.00;1.0;647;195;5.1;383;139;1856;95;808;228;19.4;88.7;0.696
15/10/2004;10.00.00;3.7;965;279;14.8;383;296;1719;131;1047;429;24.8;39.4;1.348
15/10/2004;11.00.00;1.4;647;157;1.4;383;36;1990;164;1427;228;28.7;47.0;0.976
15/10/2004;12.00.00;0.3;647;119;4.1;383;251;1922;84;696;402;19.9;75.6;1.857
15/10/2004;13.00.00;3.2;850;199;7.9;383;204;1651;126;1108;348;11.7;62.5;1.124
15/10/2004;14.00.00;4.0;1198;88;14.2;383;401;1640;109;923;459;24.4;33.7;1.353
15/10/2004;15.00.00;5.8;1557;128;19.0;546;416;1638;123;946;508;7.3;55.6;1.277
15/10/2004;16.00.00;0.5;647;274;2.8;383;219;1653;117;942;242;13.6;66.1;0.726
15/10/2004;17.00.00;3.1;819;169;7.7;383;2;1988;120;943;228;16.2;9.2;0.888
15/10/2004;18.00.00;1.6;647;285;1.4;383;20;1955;99;748;228;19.5;42.3;1.27
15/10/2004;19.00.00;3.2;892;246;8.8;383;417;1630;114;827;520;27.5;80.0;1.176
15/10/2004;20.00.00;0.1;647;393;1.2;383;224;1732;99;908;228;11.0;37.4;0.304
15/10/2004;21.00.00;0.4;647;267;5.1;383;513;1582;224;1634;613;7.2;74.2;1.402
15/10/2004;22.00.00;1.1;647;323;1.3;383;383;1600;142;1242;492;30.3;36.2;1.062
15/10/2004;23.00.00;2.3;683;256;7.0;383;285;1704;113;797;352;26.1;52.7;0.235
16/10/2004;00.00.00;1.3;647;247;2.5;383;265;1771;96;817;313;42.0;50.4;0.751
16/10/2004;01.00.00;3.1;807;328;9.8;383;70;2025;159;1232;228;5.7;36.6;1.27
16/10/2004;02.00.00;3.6;957;281;7.6;383;149;1913;73;551;228;19.2;19.2;0.751
16/10/2004;03.00.00;3.0;1000;237;12.6;383;309;1801;51;551;329;6.3;63.1;0.778
16/10/2004;04.00.00;4.4;1254;237;14.2;403;193;2002;47;551;228;31.2;39.0;1.296
16/10/2004;05.00.00;2.7;647;269;10.6;383;317;1781;175;1465;377;3.1;83.5;0.724
16/10/2004;06.00.00;0.4;647;154;1.0;383;403;1593;172;1392;416;10.4;44.0;1.27
16/10/2004;07.00.00;4.1;1144;150;13.4;383;218;1780;120;1049;278;20.4;46.6;0.515
16/10/2004;08.00.00;1.3;647;353;6.4;383;179;1787;86;738;228;19.1;57.0;1.32
16/10/2004;09.00.00;3.4;1041;395;11.2;383;108;1902;86;742;228;17.7;36.1;1.455
16/10/2004;10.00.00;4.4;1145;129;14.3;383;373;1668;211;1759;369;21.6;48.5;1.069
16/10/2004;11.00.00;2.8;974;154;7.3;383;361;1635;108;936;448;26.4;21.1;1.001
16/10/2004;12.00.00;0.1;647;326;0.1;383;580;1609;129;1071;759;21.4;64.1;0.579
16/10/2004;13.00.00;0.9;647;268;0.7;383;273;1861;91;708;305;14.8;22.6;1.379
16/10/2004;14.00.00;4.0;1028;282;11.3;383;231;1829;117;920;297;11.3;63.8;1.049
16/10/2004;15.00.00;1.9;647;303;8.6;383;317;1665;131;1057;366;20.4;43.4;1.456
16/10/2004;16.00.00;2.3;647;195;10.9;383;201;1848;199;1576;228;21.6;37.7;1.225
16/10/2004;17.00.00;3.2;647;249;7.8;383;110;1862;108;1045;228;22.8;41.3;1.567
16/10/2004;18.00.00;3.1;1043;241;10.8;383;259;1895;137;1095;308;15.6;56.7;1.352
16/10/2004;19.00.00;2.5;728;136;7.5;383;316;1651;95;674;330;4.3;56.2;1.386
16/10/2004;20.00.00;1.9;647;247;8.7;383;326;1791;121;965;501;23.0;41.8;1.113
16/10/2004;21.00.00;1.7;647;335;5.7;383;313;1799;129;968;322;13.9;34.9;0.873
16/10/2004;22.00.00;3.4;953;186;10.7;383;408;1744;103;982;504;19.2;28.7;0.985
16/10/2004;23.00.00;2.9;868;232;7.9;383;325;1755;124;1002;305;18.6;9.2;0.839
17/10/2004;00.00.00;1.8;647;237;2.7;383;287;1743;78;682;328;7.2;70.1;1.215
17/10/2004;01.00.00;3.7;1002;190;13.2;383;52;2149;137;1138;228;17.8;54.1;0.388
17/10/2004;02.00.00;2.0;647;282;7.0;383;283;1702;115;1001;294;20.7;70.3;1.138
17/10/2004;03.00.00;1.0;647;153;3.8;383;219;1881;86;710;341;24.5;65.9;1.08
17/10/2004;04.00.00;1.1;647;344;2.3;383;74;1941;107;827;228;2.9;66.5;1.062
17/10/2004;05.00.00;0.8;647;277;2.2;383;322;1769;175;1409;453;5.7;40.9;0.684
17/10/2004;06.00.00;1.8;669;129;7.2;383;325;1766;107;765;373;13.5;51.6;0.484
17/10/2004;07.00.00;3.9;1050;379;14.4;383;311;1664;133;1056;432;15.5;32.2;0.697
17/10/2004;08.00.00;1.0;647;233;0.9;383;331;1627;133;1210;462;4.6;58.7;0.977
17/10/2004;09.00.00;2.4;709;149;6.5;383;264;1685;140;1185;374;12.8;51.9;0.964
17/10/2004;10.00.00;1.2;647;322;1.2;383;208;1797;59;551;325;7.6;57.3;0.928
17/10/2004;11.00.00;1.8;647;264;6.1;383;516;1606;63;667;659;8.8;47.2;0.994
17/10/2004;12.00.00;0.1;647;49;2.1;383;268;1730;77;567;288;18.4;68.5;0.641
17/10/2004;13.00.00;1.8;647;168;5.3;383;2;1883;142;1164;228;13.4;40.3;1.078
17/10/2004;14.00.00;1.9;677;244;4.7;383;2;2071;125;980;228;8.4;32.9;0.239
17/10/2004;15.00.00;2.9;781;12;8.6;383;430;1532;123;968;547;24.1;74.7;1.467
17/10/2004;16.00.00;2.5;647;226;12.5;383;2;2036;107;889;228;11.9;58.3;0.867
17/10/2004;17.00.00;0.5;647;233;3.9;383;162;1809;49;551;234;28.8;43.2;1.593
17/10/2004;18.00.00;3.7;942;105;13.2;383;59;2049;84;657;228;3.3;21.3;0.935
17/10/2004;19.00.00;2.4;647;243;8.5;383;199;1798;123;918;228;23.1;41.7;1.165
17/10/2004;20.00.00;2.4;725;218;7.7;383;305;1615;104;985;368;17.7;11.9;1.682
17/10/2004;21.00.00;2.1;673;104;5.0;383;144;1881;121;980;228;15.5;33.2;1.126
17/10/2004;22.00.00;1.4;647;305;2.4;383;121;1835;38;551;228;16.1;41.1;0.722
17/10/2004;23.00.00;2.5;647;297;6.7;383;357;1778;112;817;389;17.6;60.0;1.383
18/10/2004;00.00.00;2.8;836;190;7.1;383;648;1507;12;551;710;19.2;48.7;1.124
18/10/2004;01.00.00;0.1;647;199;0.1;383;328;1686;50;600;337;28.2;34.3;0.544
18/10/2004;02.00.00;1.4;647;286;4.3;383;106;1834;66;557;228;16.8;69.3;0.442
18/10/2004;03.00.00;1.8;647;198;5.7;383;379;1608;24;551;450;27.7;30.6;0.698
18/10/2004;04.00.00;2.5;658;34;6.8;383;512;1542;74;622;550;15.5;15.0;1.611
18/10/2004;05.00.00;3.8;1092;264;13.2;383;408;1782;126;985;445;18.6;63.9;1.059
18/10/2004;06.00.00;1.1;647;140;3.0;383;9;1980;168;1397;228;16.1;41.3;0.977
18/10/2004;07.00.00;1.5;647;180;5.1;383;326;1814;87;726;439;4.0;61.5;1.492
18/10/2004;08.00.00;1.4;647;356;3.1;383;175;1740;81;649;346;11.6;35.9;1.728
18/10/2004;09.00.00;1.0;647;205;4.7;383;254;1643;107;851;332;30.5;36.1;1.02
18/10/2004;10.00.00;1.7;647;218;4.3;383;188;1773;100;783;228;11.1;28.4;1.272
18/10/2004;11.00.00;3.2;926;266;13.6;423;359;1764;64;590;308;24.4;52.2;1.279
18/10/2004;12.00.00;0.7;647;266;1.7;383;191;1823;138;1096;240;0.6;60.6;1.453
18/10/2004;13.00.00;2.7;857;130;8.6;383;462;1700;98;955;551;14.8;65.4;0.963
18/10/2004;14.00.00;0.1;647;212;1.5;383;245;1904;81;822;274;21.4;74.1;1.491
18/10/2004;15.00.00;1.4;647;221;6.0;383;211;1753;85;655;228;17.5;57.9;0.353
18/10/2004;16.00.00;1.7;647;243;7.2;383;333;1799;225;1778;323;21.0;31.8;1.15
18/10/2004;17.00.00;4.5;1262;245;17.9;449;300;1870;150;1197;446;-1.9;70.8;0.637
18/10/2004;18.00.00;1.8;647;463;7.0;383;337;1812;96;722;487;9.8;51.6;0.786
18/10/2004;19.00.00;0.1;647;106;0.2;383;225;1691;2;551;291;13.0;64.0;1.599
18/10/2004;20.00.00;0.1;647;311;0.1;383;450;1491;31;551;590;9.8;42.1;0.856
18/10/2004;21.00.00;2.2;657;330;6.8;383;397;1646;117;1039;385;17.0;51.4;1.004
18/10/2004;22.00.00;3.0;951;264;12.6;383;244;1771;99;775;318;3.5;51.3;0.907
18/10/2004;23.00.00;2.7;819;156;5.8;383;371;1769;57;551;394;15.2;30.3;1.051
19/10/2004;00.00.00;2.4;666;376;6.0;383;205;1757;106;694;346;33.5;18.6;1.418
19/10/2004;01.00.00;3.8;954;9;11.6;383;333;1766;77;565;438;15.0;41.9;0.955
19/10/2004;02.00.00;1.4;647;153;2.8;383;372;1615;82;583;322;4.8;73.8;1.402
19/10/2004;03.00.00;3.4;1079;329;10.1;413;284;1800;104;748;243;26.0;44.3;1.231
19/10/2004;04.00.00;0.1;647;182;3.9;383;120;1867;64;551;228;13.2;48.9;0.51
19/10/2004;05.00.00;0.9;647;369;2.2;383;63;1977;46;551;228;5.6;47.9;1.174
19/10/2004;06.00.00;0.1;647;74;1.1;383;290;1738;47;551;438;16.4;65.9;1.494
19/10/2004;07.00.00;1.8;647;112;2.3;383;135;1715;93;857;228;13.6;28.8;1.021
19/10/2004;08.00.00;2.1;647;167;4.5;383;407;1714;37;551;483;18.9;62.8;1.105
19/10/2004;09.00.00;2.3;647;257;9.3;383;15;2081;218;1655;228;18.2;45.9;1.208
19/10/2004;10.00.00;2.2;668;196;10.5;453;447;1575;157;1296;506;22.1;48.6;1.443
19/10/2004;11.00.00;0.9;647;171;3.2;383;253;1861;147;1116;228;19.2;56.4;1.587
19/10/2004;12.00.00;1.9;647;352;5.4;383;115;1858;70;575;228;36.1;47.9;1.381
19/10/2004;13.00.00;0.1;647;361;1.3;383;176;1750;72;683;228;12.5;53.9;1.065
19/10/2004;14.00.00;4.1;992;178;7.8;383;214;1779;45;551;228;7.0;38.4;1.305
19/10/2004;15.00.00;1.7;647;55;6.0;383;319;1729;201;1530;468;10.5;69.1;1.377
19/10/2004;16.00.00;1.5;647;13;2.6;383;58;1847;177;1423;228;27.0;50.9;0.6
19/10/2004;17.00.00;4.4;1254;240;15.6;383;99;2028;145;1267;228;4.5;66.0;0.18
19/10/2004;18.00.00;0.4;647;280;0.1;383;196;1720;107;1017;228;25.6;58.2;0.311
19/10/2004;19.00.00;0.6;647;223;0.6;383;241;1763;94;705;402;35.0;64.6;0.915
19/10/2004;20.00.00;0.6;647;211;1.9;383;355;1641;137;1108;455;28.9;64.7;1.099
19/10/2004;21.00.00;2.1;647;141;5.1;383;287;1878;189;1539;418;14.4;53.4;0.589
19/10/2004;22.00.00;2.8;752;280;8.1;383;186;1730;143;1037;228;23.2;64.7;1.147
19/10/2004;23.00.00;3.2;888;377;12.0;383;282;1840;59;551;389;25.0;56.3;1.051
20/10/2004;00.00.00;5.8;1712;7;18.4;490;271;1798;76;635;288;14.5;83.3;0.783
20/10/2004;01.00.00;0.1;647;210;0.1;383;207;1734;135;1053;274;9.2;51.6;1.283
20/10/2004;02.00.00;3.0;708;125;11.5;383;263;1760;71;551;410;17.4;55.7;0.442
20/10/2004;03.00.00;1.4;647;76;4.9;383;2;1983;90;778;228;25.0;62.0;1.06
20/10/2004;04.00.00;1.3;647;110;4.8;383;388;1735;185;1488;322;28.6;40.8;1.623
20/10/2004;05.00.00;1.3;647;254;2.3;383;329;1684;97;784;362;18.7;64.0;0.92
20/10/2004;06.00.00;0.9;647;256;0.1;383;475;1670;37;551;596;16.3;42.3;1.308
20/10/2004;07.00.00;4.5;1305;356;12.6;383;121;1906;251;1875;278;17.0;41.6;1.295
20/10/2004;08.00.00;3.3;1032;218;8.6;383;333;1769;165;1273;407;33.3;41.2;0.856
20/10/2004;09.00.00;2.2;649;50;5.8;383;2;1927;109;883;228;19.5;10.7;0.452
20/10/2004;10.00.00;4.0;1182;195;11.2;383;2;1979;112;844;228;23.7;56.2;0.758
20/10/2004;11.00.00;0.1;647;86;0.5;383;209;1841;10;551;228;27.2;49.7;1.125
20/10/2004;12.00.00;0.3;647;103;2.7;383;157;1880;94;723;228;15.9;50.6;1.422
20/10/2004;13.00.00;0.1;647;273;2.5;383;406;1671;77;621;614;12.9;57.7;0.354
20/10/2004;14.00.00;1.2;647;236;5.4;383;426;1826;117;1054;513;19.5;48.8;0.683
20/10/2004;15.00.00;2.4;674;273;5.8;383;442;1692;191;1541;552;11.8;61.1;1.01
20/10/2004;16.00.00;2.3;647;184;7.5;383;337;1788;134;955;350;13.9;38.7;0.666
20/10/2004;17.00.00;2.4;753;293;10.7;383;344;1744;210;1521;367;1.5;29.5;1.577
20/10/2004;18.00.00;0.2;647;178;0.1;383;49;2002;45;551;228;26.2;45.2;0.944
20/10/2004;19.00.00;3.3;919;324;13.2;383;460;1647;38;551;435;10.9;52.1;1.108
20/10/2004;20.00.00;2.5;647;250;6.0;383;437;1795;172;1296;464;27.8;54.4;0.666
20/10/2004;21.00.00;3.2;970;198;10.8;383;34;1967;117;983;228;10.3;54.1;1.288
20/10/2004;22.00.00;0.1;647;238;1.1;383;317;1812;135;1177;389;7.1;88.7;0.633
20/10/2004;23.00.00;2.6;768;216;8.7;383;162;2036;111;940;228;4.1;12.9;1.179
21/10/2004;00.00.00;0.5;647;369;6.0;383;528;1629;122;960;698;0.2;54.3;1.64
21/10/2004;01.00.00;1.6;647;241;4.5;383;96;1899;146;1316;352;30.4;42.4;1.33
21/10/2004;02.00.00;2.9;829;217;6.0;383;260;1733;125;964;228;24.2;60.4;1.077
21/10/2004;03.00.00;2.3;647;195;8.0;383;274;1740;85;612;351;19.3;56.8;0.686
21/10/2004;04.00.00;1.0;647;298;2.7;383;237;1841;224;1825;231;29.1;45.0;0.714
21/10/2004;05.00.00;2.2;647;285;8.0;383;574;1682;117;1002;763;10.7;30.6;1.177
21/10/2004;06.00.00;0.1;647;191;2.1;383;504;1644;103;620;752;9.9;40.7;1.057
21/10/2004;07.00.00;3.8;1196;108;12.0;383;2;1967;96;860;228;19.2;44.0;1.363
21/10/2004;08.00.00;1.9;647;132;6.8;383;320;1719;129;904;464;13.6;29.2;0.983
21/10/2004;09.00.00;3.7;1053;200;12.2;383;244;1792;101;646;228;27.9;65.7;1.214
21/10/2004;10.00.00;1.4;647;346;8.1;383;373;1593;15;551;549;42.6;72.0;1.04
21/10/2004;11.00.00;1.4;647;194;3.8;383;278;1740;100;721;472;26.8;36.6;1.259
21/10/2004;12.00.00;1.1;647;161;2.1;383;121;1862;61;551;228;20.6;18.4;0.878
21/10/2004;13.00.00;3.4;913;50;12.6;383;87;2152;125;1035;228;18.4;39.3;0.415
21/10/2004;14.00.00;1.2;647;361;1.8;383;184;1926;111;917;228;31.3;23.4;1.398
21/10/2004;15.00.00;3.1;924;272;10.6;383;227;1732;81;747;228;18.6;59.3;0.945
21/10/2004;16.00.00;1.6;647;293;4.8;383;275;1653;158;1240;374;22.6;36.8;1.543
21/10/2004;17.00.00;0.1;647;309;0.1;383;158;1768;109;906;380;10.0;21.9;1.042
21/10/2004;18.00.00;1.4;647;202;9.2;383;507;1707;94;625;462;14.0;28.3;1.012
21/10/2004;19.00.00;0.5;647;226;4.1;383;327;1629;95;841;408;22.0;25.2;1.533
21/10/2004;20.00.00;2.2;647;359;9.1;383;379;1825;94;716;556;27.5;61.5;0.74
21/10/2004;21.00.00;0.5;647;235;2.6;383;224;1839;137;1075;416;16.5;35.5;0.826
21/10/2004;22.00.00;3.4;925;273;9.6;383;87;1910;75;577;228;21.9;46.2;1.176
21/10/2004;23.00.00;2.0;650;300;7.0;383;381;1603;116;923;561;9.8;50.2;0.661
22/10/2004;00.00.00;1.9;647;279;7.3;383;93;2025;88;680;228;21.4;29.8;1.717
22/10/2004;01.00.00;3.1;855;205;10.2;383;2;2042;82;551;228;26.8;22.8;0.874
22/10/2004;02.00.00;3.5;1020;214;11.4;383;332;1805;135;1184;383;18.4;44.8;0.924
22/10/2004;03.00.00;2.1;647;291;6.0;383;130;1873;68;551;228;16.8;69.6;1.544
22/10/2004;04.00.00;1.1;647;291;4.0;383;194;1897;137;1074;228;14.3;39.7;1.026
22/10/2004;05.00.00;0.1;647;328;0.1;383;352;1836;127;1007;399;14.4;81.6;0.669
22/10/2004;06.00.00;1.2;647;270;5.2;383;103;1964;176;1455;228;28.8;42.7;1.39
22/10/2004;07.00.00;1.3;647;274;0.1;383;2;1913;28;551;228;13.7;31.0;1.346
22/10/2004;08.00.00;2.3;647;175;10.1;383;432;1695;161;1380;662;17.8;38.9;0.553
22/10/2004;09.00.00;1.7;647;162;2.7;383;237;1870;98;937;289;10.6;12.4;0.722
22/10/2004;10.00.00;3.1;859;292;7.8;383;438;1783;27;551;487;17.6;56.6;0.604
22/10/2004;11.00.00;1.3;647;163;5.0;383;341;1773;81;671;378;26.0;43.7;0.18
22/10/2004;12.00.00;2.1;647;216;7.7;383;346;1811;137;1054;291;9.0;35.7;1.845
22/10/2004;13.00.00;3.8;1119;349;16.3;407;271;1832;108;822;374;10.4;75.6;0.436
22/10/2004;14.00.00;2.6;750;333;9.0;383;270;1674;177;1391;255;30.0;39.2;0.669
22/10/2004;15.00.00;2.1;658;246;6.5;383;419;1730;96;706;454;13.7;62.4;1.198
22/10/2004;16.00.00;1.3;647;189;4.6;383;370;1713;111;924;535;24.8;46.5;1.136
22/10/2004;17.00.00;1.3;647;206;7.2;383;155;2035;104;814;228;14.2;63.9;1.263
22/10/2004;18.00.00;1.0;647;300;7.9;383;321;1627;63;551;422;11.9;54.3;1.115
22/10/2004;19.00.00;1.4;647;214;4.1;383;151;1788;111;868;228;36.0;57.8;1.611
22/10/2004;20.00.00;3.2;957;164;11.4;383;198;1899;102;855;228;16.4;40.8;0.768
22/10/2004;21.00.00;1.8;647;333;5.7;383;332;1854;117;958;349;23.3;52.7;1.703
22/10/2004;22.00.00;0.3;647;235;0.6;383;148;1871;115;898;228;17.0;42.4;0.838
22/10/2004;23.00.00;4.6;1336;163;18.6;423;268;1775;113;892;228;16.5;28.0;0.494
23/10/2004;00.00.00;2.6;674;263;6.5;383;304;1773;117;929;425;28.1;31.4;0.847
23/10/2004;01.00.00;0.2;647;310;0.1;383;194;1806;165;1379;457;15.0;39.9;1.204
23/10/2004;02.00.00;1.5;647;122;5.5;383;356;1794;66;551;474;10.3;52.4;1.506
23/10/2004;03.00.00;2.3;647;198;9.8;383;178;1818;78;588;228;15.7;58.5;1.273
23/10/2004;04.00.00;4.5;1237;194;15.0;383;390;1743;181;1296;522;18.5;65.8;0.524
23/10/2004;05.00.00;0.6;647;260;2.9;383;265;1681;173;1305;228;14.2;76.0;0.653
23/10/2004;06.00.00;3.5;1039;278;12.8;383;272;1919;125;984;265;12.8;37.7;0.773
23/10/2004;07.00.00;4.1;1091;165;13.4;383;108;1743;210;1646;228;7.9;72.5;1.105
23/10/2004;08.00.00;1.3;647;76;5.2;383;210;1746;136;934;335;13.7;29.0;1.41
23/10/2004;09.00.00;1.8;647;316;6.7;383;275;1959;202;1665;386;6.4;49.9;1.062
23/10/2004;10.00.00;0.7;647;111;0.1;383;402;1685;183;1394;369;10.2;28.8;0.347
23/10/2004;11.00.00;1.9;647;243;6.2;383;196;1789;191;1399;301;24.3;36.8;1.542
23/10/2004;12.00.00;2.1;647;205;3.6;383;402;1576;57;551;438;26.5;24.8;0.747
23/10/2004;13.00.00;3.1;879;233;9.8;383;130;1860;145;1227;228;18.3;49.3;1.508
23/10/2004;14.00.00;3.7;1055;374;10.8;383;297;1785;109;677;295;5.9;34.2;0.866
23/10/2004;15.00.00;1.1;647;506;5.6;383;168;1904;48;551;228;14.2;38.6;0.919
23/10/2004;16.00.00;0.1;647;62;0.8;383;482;1639;177;1399;512;27.2;38.3;1.14
23/10/2004;17.00.00;2.1;659;311;7.7;383;454;1493;170;1342;537;21.6;39.6;1.362
23/10/2004;18.00.00;2.6;755;203;7.8;383;289;1779;106;758;252;8.6;60.4;1.871
23/10/2004;19.00.00;2.5;808;317;10.1;383;164;1895;83;654;228;24.5;69.0;0.839
23/10/2004;20.00.00;1.7;647;308;2.2;383;13;2016;115;918;228;15.0;28.0;0.933
23/10/2004;21.00.00;2.3;686;351;5.6;383;303;1759;25;551;287;13.0;48.9;0.642
23/10/2004;22.00.00;4.3;1320;245;16.2;397;277;1679;48;551;302;20.6;54.0;0.666
23/10/2004;23.00.00;2.7;839;133;7.7;383;377;1624;98;788;459;17.3;49.2;0.92
24/10/2004;00.00.00;1.6;647;306;0.9;383;21;2079;142;1234;228;32.0;85.1;1.4
24/10/2004;01.00.00;1.4;647;229;7.5;383;267;1723;104;903;231;23.6;45.2;0.773
24/10/2004;02.00.00;1.9;647;195;8.3;383;311;1692;86;574;290;17.4;27.0;1.395
24/10/2004;03.00.00;4.4;1283;172;15.6;383;107;1889;73;639;228;23.0;38.9;0.848
24/10/2004;04.00.00;1.9;647;313;6.2;383;263;1691;230;1848;228;10.8;52.0;1.443
24/10/2004;05.00.00;2.1;647;370;10.1;383;134;1942;61;551;228;30.5;56.0;0.18
24/10/2004;06.00.00;1.5;647;104;7.2;383;119;1802;25;551;228;21.1;41.6;0.747
24/10/2004;07.00.00;3.7;1054;277;14.9;393;164;1954;85;671;241;36.2;51.7;1.407
24/10/2004;08.00.00;4.9;1335;182;17.1;492;205;1728;137;1102;425;12.2;73.7;1.184
24/10/2004;09.00.00;2.8;803;78;9.1;383;435;1629;118;1037;527;1.6;81.6;0.95
24/10/2004;10.00.00;2.3;698;232;6.5;383;196;1870;76;551;228;16.1;71.3;1.124
24/10/2004;11.00.00;2.2;647;138;4.5;383;116;1969;122;877;228;0.8;67.2;1.183
24/10/2004;12.00.00;0.1;647;68;1.3;383;370;1685;166;1345;443;36.4;61.4;0.986
24/10/2004;13.00.00;3.2;1004;143;11.4;383;403;1621;122;971;470;17.5;46.3;0.881
24/10/2004;14.00.00;2.3;692;120;6.8;383;371;1816;120;971;588;7.6;47.3;1.369
24/10/2004;15.00.00;2.7;785;156;10.0;383;455;1650;120;927;606;13.2;64.5;1.35
24/10/2004;16.00.00;1.2;647;92;3.0;383;275;1766;77;637;254;5.0;64.2;1.419
24/10/2004;17.00.00;1.6;647;180;6.9;383;269;1638;134;949;250;10.5;57.7;1.845
24/10/2004;18.00.00;1.6;647;150;3.3;383;138;1904;163;1471;228;31.3;66.9;1.126
24/10/2004;19.00.00;3.6;1105;253;9.3;383;460;1631;177;1456;464;22.0;17.5;1.85
24/10/2004;20.00.00;1.6;647;274;4.7;383;231;1706;133;1105;368;22.7;55.1;1.645
24/10/2004;21.00.00;5.1;1273;242;17.9;521;199;1777;113;824;228;20.6;27.3;1.661
24/10/2004;22.00.00;2.8;647;195;6.5;383;185;1858;203;1577;228;18.1;44.6;1.196
24/10/2004;23.00.00;0.4;647;193;3.3;383;343;1762;118;991;448;6.4;48.5;1.401
25/10/2004;00.00.00;2.0;647;138;3.0;383;258;1711;89;690;324;20.3;43.1;1.682
25/10/2004;01.00.00;1.2;647;140;3.5;383;274;1699;79;660;294;36.7;35.3;0.573
25/10/2004;02.00.00;0.1;647;284;0.1;383;196;1852;74;551;228;25.6;63.3;0.99
25/10/2004;03.00.00;4.4;1215;50;8.8;383;215;1760;88;603;260;21.0;58.7;1.115
25/10/2004;04.00.00;3.1;869;210;10.8;383;223;1805;205;1732;273;16.1;69.9;1.486
25/10/2004;05.00.00;2.9;741;187;8.9;383;463;1771;76;551;588;11.9;43.6;1.293
25/10/2004;06.00.00;2.4;665;274;4.8;383;2;1994;186;1563;228;44.6;47.0;1.374
25/10/2004;07.00.00;0.2;647;82;0.1;383;314;1830;103;758;289;24.3;88.7;1.207
25/10/2004;08.00.00;1.5;647;219;5.6;383;412;1570;163;1291;459;18.3;43.2;1.114
25/10/2004;09.00.00;3.3;906;250;9.9;383;2;1936;61;551;228;16.2;22.6;0.367
25/10/2004;10.00.00;0.7;647;37;1.8;383;235;1748;112;880;320;11.0;63.7;0.832
25/10/2004;11.00.00;0.1;647;115;0.1;383;396;1594;35;551;529;30.5;65.4;1.356
25/10/2004;12.00.00;1.8;647;209;4.7;383;130;1753;114;1043;228;20.1;68.5;1.013
25/10/2004;13.00.00;2.0;647;266;5.1;383;287;1785;150;1190;397;22.7;67.3;0.408
25/10/2004;14.00.00;2.3;778;235;6.2;383;103;1948;159;1284;228;8.3;33.8;0.804
25/10/2004;15.00.00;3.2;955;271;8.6;383;251;1723;112;880;319;22.3;60.6;1.808
25/10/2004;16.00.00;3.0;894;115;7.7;383;441;1587;95;773;299;17.8;57.5;0.414
25/10/2004;17.00.00;2.5;729;67;7.3;383;505;1601;117;880;590;21.0;60.8;0.18
25/10/2004;18.00.00;3.8;1139;226;11.0;383;285;1773;85;601;294;15.6;47.0;1.456
25/10/2004;19.00.00;0.1;647;101;0.1;383;50;2042;85;709;228;17.1;66.8;0.951
25/10/2004;20.00.00;2.9;878;135;10.7;383;198;1931;93;765;228;22.0;57.6;1.231
25/10/2004;21.00.00;3.0;896;306;12.2;383;2;1944;123;1082;228;10.5;55.2;1.356
25/10/2004;22.00.00;0.4;647;235;1.3;383;201;1833;181;1459;228;10.1;40.8;0.481
25/10/2004;23.00.00;0.1;647;164;0.5;383;393;1605;175;1399;439;3.9;63.1;1.36
26/10/2004;00.00.00;1.1;647;151;2.2;383;37;2090;97;823;228;19.1;46.8;0.18
26/10/2004;01.00.00;1.2;647;276;6.1;383;214;1849;73;669;245;21.4;53.6;1.136
26/10/2004;02.00.00;3.2;859;238;13.7;383;121;1982;77;609;228;10.2;47.7;1.324
26/10/2004;03.00.00;1.3;647;102;3.8;383;520;1554;42;551;524;7.8;62.1;1.06
26/10/2004;04.00.00;1.0;647;32;2.0;383;306;1836;147;1099;586;17.4;51.8;0.482
26/10/2004;05.00.00;1.3;647;396;4.8;383;376;1758;46;551;530;23.2;33.2;0.999
26/10/2004;06.00.00;3.7;1068;101;12.1;383;290;1869;4;551;362;4.6;65.4;1.651
26/10/2004;07.00.00;2.2;655;268;5.9;383;362;1602;147;1290;321;14.3;63.2;1.22
26/10/2004;08.00.00;1.9;647;361;7.0;383;411;1676;145;1132;372;27.0;56.9;0.762
26/10/2004;09.00.00;2.0;647;232;8.3;383;251;1886;61;551;435;11.8;53.2;0.992
26/10/2004;10.00.00;4.0;1019;160;11.1;383;164;1793;127;1079;326;13.3;35.4;1.386
26/10/2004;11.00.00;1.1;647;82;8.6;383;102;1959;49;551;228;23.7;49.7;1.628
26/10/2004;12.00.00;4.0;1075;81;9.7;383;515;1633;108;667;553;16.6;37.6;0.295
26/10/2004;13.00.00;2.4;647;253;6.1;383;371;1758;130;1045;401;21.3;57.5;1.458
26/10/2004;14.00.00;1.9;647;355;6.6;383;2;2025;146;1166;228;24.7;61.0;1.403
26/10/2004;15.00.00;5.7;1628;180;22.6;437;208;1882;132;963;416;29.9;68.1;0.627
26/10/2004;16.00.00;0.7;647;165;1.0;383;309;1786;22;551;355;27.0;51.6;1.201
26/10/2004;17.00.00;1.7;647;284;3.2;383;501;1693;127;1041;667;32.9;57.6;0.899
26/10/2004;18.00.00;0.4;647;152;2.5;383;77;1880;217;1724;228;33.7;43.2;0.646
26/10/2004;19.00.00;3.5;1033;244;10.6;383;311;1778;131;1129;270;23.0;29.4;0.946
26/10/2004;20.00.00;4.5;1212;221;15.8;383;184;1949;46;551;228;19.2;38.5;0.439
26/10/2004;21.00.00;4.5;1245;179;14.2;383;62;1887;78;706;228;16.1;59.6;1.032
26/10/2004;22.00.00;3.9;1011;216;10.6;383;451;1583;88;743;645;12.4;44.4;0.817
26/10/2004;23.00.00;1.9;647;385;10.7;383;98;1963;2;551;228;4.2;22.5;0.893
27/10/2004;00.00.00;1.6;647;275;0.1;383;394;1794;117;1006;469;14.0;47.8;0.876
27/10/2004;01.00.00;0.1;647;321;4.0;383;2;1987;96;719;228;27.3;43.5;0.929
27/10/2004;02.00.00;5.0;1380;130;17.9;634;171;1870;98;743;228;11.7;46.1;0.705
27/10/2004;03.00.00;2.8;668;322;7.5;383;333;1762;107;757;324;29.3;56.4;0.18
27/10/2004;04.00.00;1.5;647;278;8.4;383;355;1676;78;551;366;17.8;84.2;1.783
27/10/2004;05.00.00;4.0;1163;75;10.1;383;312;1925;154;1334;415;26.8;29.8;1.691
27/10/2004;06.00.00;0.8;647;269;4.5;383;396;1608;121;996;549;26.5;74.3;1.292
27/10/2004;07.00.00;2.7;864;169;4.5;383;201;1845;87;741;292;12.8;50.6;0.844
27/10/2004;08.00.00;1.9;647;71;3.8;383;459;1641;134;1064;425;32.1;68.0;1.314
27/10/2004;09.00.00;3.0;823;230;7.4;383;300;1584;130;1191;386;33.2;56.0;0.301
27/10/2004;10.00.00;2.1;647;269;5.1;383;358;1645;67;677;479;22.6;49.7;1.37
27/10/2004;11.00.00;0.1;647;232;0.4;383;301;1650;104;836;498;0.2;56.4;0.79
27/10/2004;12.00.00;2.3;647;207;5.6;383;321;1800;104;834;278;11.3;24.4;0.469
27/10/2004;13.00.00;3.6;1096;186;7.5;383;92;1790;84;661;228;5.7;40.6;1.464
27/10/2004;14.00.00;2.1;647;452;7.7;383;101;1993;47;551;249;16.8;53.0;1.203
27/10/2004;15.00.00;3.2;985;105;10.5;383;163;1775;83;634;228;12.9;26.6;0.806
27/10/2004;16.00.00;0.7;647;300;3.0;383;324;1817;173;1365;441;21.5;50.0;0.98
27/10/2004;17.00.00;2.1;647;219;7.1;383;155;1763;81;551;228;8.1;34.1;0.628
27/10/2004;18.00.00;1.3;647;136;6.0;383;200;1873;156;1066;238;-0.9;56.7;1.208
27/10/2004;19.00.00;3.2;883;213;10.1;383;234;1886;111;885;228;25.8;57.1;1.19
27/10/2004;20.00.00;2.2;647;85;9.0;383;462;1675;121;1034;610;26.4;71.6;1.148
27/10/2004;21.00.00;3.1;869;161;8.4;383;338;1631;54;551;401;-0.5;55.3;0.18
27/10/2004;22.00.00;3.7;1094;213;10.3;383;22;2072;168;1490;228;13.7;30.5;1.095
27/10/2004;23.00.00;3.1;870;70;12.7;383;270;1827;211;1672;373;14.7;39.5;0.551
28/10/2004;00.00.00;2.5;686;266;10.8;383;199;1651;79;568;228;13.2;27.2;1.358
28/10/2004;01.00.00;0.8;647;126;3.6;383;211;1840;175;1290;254;28.3;55.5;0.974
28/10/2004;02.00.00;2.1;649;80;5.1;383;246;2029;52;551;350;19.2;41.0;1.875
28/10/2004;03.00.00;1.4;647;115;2.6;383;418;1754;110;722;475;3.8;49.3;0.777
28/10/2004;04.00.00;1.7;647;424;8.0;383;121;1862;56;551;228;23.7;46.3;0.438
28/10/2004;05.00.00;1.6;650;30;7.7;383;277;1821;131;1052;312;19.0;27.1;0.66
28/10/2004;06.00.00;0.8;647;259;2.4;383;290;1736;103;713;463;18.5;54.2;1.004
28/10/2004;07.00.00;0.1;647;146;5.0;383;212;1911;110;842;367;23.3;63.5;0.565
28/10/2004;08.00.00;1.2;647;184;4.8;383;148;1816;175;1409;228;2.6;36.7;0.18
28/10/2004;09.00.00;2.4;766;275;5.5;383;130;1992;172;1284;228;17.8;43.7;1.256
28/10/2004;10.00.00;0.3;647;270;0.3;383;181;1928;104;889;228;22.1;61.1;1.831
28/10/2004;11.00.00;2.2;647;153;7.0;383;358;1764;166;1404;611;13.3;36.5;1.555
28/10/2004;12.00.00;4.8;1346;89;15.6;383;191;2012;168;1264;292;14.4;47.2;0.857
28/10/2004;13.00.00;3.6;943;277;14.0;383;230;1895;166;1314;349;14.4;56.4;0.771
28/10/2004;14.00.00;4.5;1240;270;12.3;383;68;2026;120;950;228;25.1;65.3;0.979
28/10/2004;15.00.00;2.7;732;190;6.0;383;173;1951;128;1058;228;9.3;51.8;1.457
28/10/2004;16.00.00;3.8;1068;259;13.3;383;281;1832;99;771;315;16.4;36.1;0.769
28/10/2004;17.00.00;1.1;647;175;2.6;383;2;2035;225;1742;228;14.1;53.7;0.918
28/10/2004;18.00.00;1.2;647;139;8.8;383;405;1621;132;972;443;29.5;41.3;1.897
28/10/2004;19.00.00;0.1;647;218;2.2;383;155;1822;109;939;228;19.0;47.3;1.055
28/10/2004;20.00.00;3.8;1204;267;11.1;383;515;1621;137;1050;643;17.8;30.4;1.568
28/10/2004;21.00.00;4.3;1212;247;16.2;383;310;1800;126;946;285;1.2;34.1;1.13
28/10/2004;22.00.00;1.4;647;266;5.9;383;2;1999;211;1779;228;7.1;58.8;0.981
28/10/2004;23.00.00;1.8;647;145;7.0;383;288;1730;111;907;390;23.8;53.1;0.991
29/10/2004;00.00.00;1.1;647;368;3.3;383;197;1831;149;1116;228;16.4;42.7;0.417
29/10/2004;01.00.00;2.7;901;185;9.4;383;290;1763;107;842;441;22.9;34.7;1.173
29/10/2004;02.00.00;3.7;1042;206;7.7;383;493;1627;32;551;498;24.4;69.9;1.203
29/10/2004;03.00.00;0.1;647;92;3.0;383;353;1699;113;810;395;27.5;57.6;0.569
29/10/2004;04.00.00;2.7;702;199;1.8;383;211;1924;153;1188;373;8.9;85.4;1.462
29/10/2004;05.00.00;1.8;647;268;4.8;383;32;1965;119;939;228;32.0;35.2;1.044
29/10/2004;06.00.00;2.3;668;290;4.2;383;379;1644;57;551;336;20.7;25.7;0.894
29/10/2004;07.00.00;2.8;777;366;7.9;383;323;1734;189;1556;408;21.5;55.3;1.607
29/10/2004;08.00.00;1.9;647;267;5.9;383;423;1573;55;551;485;3.4;46.8;0.414
29/10/2004;09.00.00;2.0;647;244;4.0;383;224;1981;75;551;310;23.0;45.7;1.18
29/10/2004;10.00.00;1.9;647;175;0.4;383;291;1819;58;551;437;11.3;30.5;1.261
29/10/2004;11.00.00;3.5;1032;155;11.6;398;208;1832;63;551;244;19.0;49.4;1.111
29/10/2004;12.00.00;2.7;755;310;12.9;383;259;1905;115;842;228;32.8;38.8;0.782
29/10/2004;13.00.00;2.5;711;308;7.2;383;14;1972;142;1151;228;21.1;32.6;1.876
29/10/2004;14.00.00;0.4;647;115;3.1;383;294;1761;84;551;272;19.7;38.9;1.289
29/10/2004;15.00.00;1.6;647;286;8.2;383;304;1700;140;1043;406;21.3;23.3;0.63
29/10/2004;16.00.00;3.4;938;279;7.1;383;168;1789;149;1106;271;12.0;65.1;0.746
29/10/2004;17.00.00;2.2;647;112;6.1;383;338;1745;97;705;491;5.6;47.4;0.272
29/10/2004;18.00.00;3.1;1076;269;7.3;383;379;1781;40;551;523;22.9;46.8;0.936
29/10/2004;19.00.00;4.6;1319;118;13.2;383;460;1561;185;1356;527;18.9;70.8;1.827
29/10/2004;20.00.00;3.6;1060;7;14.9;383;89;1908;80;623;228;28.4;39.3;0.433
29/10/2004;21.00.00;2.3;673;202;7.7;383;348;1704;6;551;452;10.7;30.4;1.124
29/10/2004;22.00.00;1.4;647;242;6.2;383;450;1701;94;753;606;7.7;58.4;0.86
29/10/2004;23.00.00;0.1;647;207;0.2;383;192;1811;141;1147;228;23.7;30.1;1.128
30/10/2004;00.00.00;1.9;647;490;3.7;383;459;1692;148;1218;625;12.7;12.8;1.148
30/10/2004;01.00.00;1.7;647;253;6.8;383;134;1949;58;551;228;5.6;59.1;1.071
30/10/2004;02.00.00;2.7;728;231;11.1;383;256;1741;24;551;228;13.3;52.6;0.428
30/10/2004;03.00.00;1.9;647;258;6.8;383;2;1974;127;1000;228;9.7;42.3;0.665
30/10/2004;04.00.00;1.7;647;176;6.4;383;2;2004;137;1093;228;5.7;27.6;0.837
30/10/2004;05.00.00;0.1;647;306;0.1;383;8;1958;166;1296;228;21.4;57.9;1.046
30/10/2004;06.00.00;0.8;647;252;4.1;383;463;1557;161;1225;571;22.6;40.8;1.542
30/10/2004;07.00.00;2.8;693;247;11.7;383;127;2016;120;940;228;15.5;61.8;1.867
30/10/2004;08.00.00;4.6;1249;158;15.4;383;127;1755;68;551;228;32.8;58.3;0.953
30/10/2004;09.00.00;2.0;647;69;2.8;383;308;1771;89;742;316;16.0;35.1;0.826
30/10/2004;10.00.00;2.6;956;170;11.6;383;132;2003;101;886;228;23.1;26.8;1.06
30/10/2004;11.00.00;3.5;843;244;9.3;383;430;1591;69;551;449;5.7;56.1;1.111
30/10/2004;12.00.00;1.0;647;175;4.0;383;531;1577;164;1276;689;8.8;55.1;1.742
30/10/2004;13.00.00;2.7;837;245;10.4;383;2;2070;162;1484;228;26.6;54.5;0.422
30/10/2004;14.00.00;1.1;647;195;5.7;383;325;1496;45;551;421;27.5;48.7;1.283
30/10/2004;15.00.00;3.4;1009;258;7.2;383;2;1994;97;651;228;16.3;65.4;1.461
30/10/2004;16.00.00;2.4;647;125;7.8;383;37;1843;211;1780;228;22.9;88.7;0.634
30/10/2004;17.00.00;2.6;827;236;8.3;383;319;1821;168;1503;388;20.5;77.7;1.521
30/10/2004;18.00.00;1.1;647;157;6.3;383;101;1855;122;1092;228;22.4;53.4;0.598
30/10/2004;19.00.00;3.1;896;71;11.0;383;285;1914;165;1349;407;9.9;62.1;0.406
30/10/2004;20.00.00;5.1;1438;202;19.1;539;250;1723;192;1502;228;38.6;45.0;0.908
30/10/2004;21.00.00;0.7;647;363;3.4;383;2;2034;117;918;228;44.1;12.1;1.306
30/10/2004;22.00.00;1.7;647;79;5.2;383;346;1652;47;551;394;13.1;75.1;0.238
30/10/2004;23.00.00;2.5;791;229;8.3;383;291;1747;154;1308;393;17.0;37.2;0.305
31/10/2004;00.00.00;3.3;1015;293;13.5;383;251;1798;156;1296;364;24.3;26.5;1.429
31/10/2004;01.00.00;1.4;647;436;1.8;383;146;1884;64;551;228;25.6;67.2;0.939
31/10/2004;02.00.00;0.1;647;171;2.1;383;305;1887;125;909;303;14.0;88.7;1.151
31/10/2004;03.00.00;4.1;1123;157;11.7;383;48;2075;75;622;228;23.8;57.3;1.234
31/10/2004;04.00.00;3.2;897;107;8.6;383;91;1866;34;551;228;16.7;45.1;0.412
31/10/2004;05.00.00;0.1;647;326;2.4;383;295;1767;123;836;383;8.8;67.0;0.767
31/10/2004;06.00.00;1.3;647;135;2.4;383;403;1584;182;1531;354;15.5;54.9;0.984
31/10/2004;07.00.00;4.3;1156;182;14.7;451;172;1750;128;1047;228;20.4;26.9;0.643
31/10/2004;08.00.00;4.2;1101;42;12.4;401;315;1693;121;1095;238;21.3;31.7;0.842
31/10/2004;09.00.00;3.5;1068;301;6.4;383;277;1912;49;551;246;11.5;40.7;1.372
31/10/2004;10.00.00;1.9;647;328;7.0;383;309;1617;143;1095;501;15.8;55.5;0.18
31/10/2004;11.00.00;2.3;647;298;7.5;383;140;1933;86;711;303;24.7;62.6;1.065
31/10/2004;12.00.00;2.0;647;65;2.5;383;223;1858;75;551;228;22.8;42.5;0.582
31/10/2004;13.00.00;3.7;1017;275;10.5;383;240;1748;155;1113;327;17.9;66.7;0.887
31/10/2004;14.00.00;0.9;647;59;0.1;383;475;1671;54;551;608;17.4;73.4;0.898
31/10/2004;15.00.00;1.0;647;223;4.7;383;77;1989;102;807;228;27.7;46.3;1.044
31/10/2004;16.00.00;3.6;1089;237;14.2;383;31;1972;57;571;228;27.5;25.0;0.971
31/10/2004;17.00.00;2.1;650;247;8.4;383;704;1424;98;797;762;14.6;61.3;1.12
31/10/2004;18.00.00;4.1;1218;268;15.0;383;293;1745;7;551;286;-1.9;79.7;1.247
31/10/2004;19.00.00;1.2;647;217;2.8;383;329;1668;138;1158;427;4.6;41.3;0.372
31/10/2004;20.00.00;2.1;647;31;7.7;383;344;1737;131;1039;266;6.2;77.5;0.86
31/10/2004;21.00.00;0.9;647;268;2.7;383;364;1668;217;1720;299;17.0;38.9;0.685
31/10/2004;22.00.00;2.2;647;227;7.3;383;383;1706;124;1016;527;22.7;46.5;0.307
31/10/2004;23.00.00;0.1;647;132;2.2;383;364;1659;69;657;649;23.8;70.2;0.606
01/11/2004;00.00.00;1.5;647;68;7.0;383;418;1612;160;1325;452;10.7;44.6;1.408
01/11/2004;01.00.00;0.1;647;364;0.1;383;271;1739;159;1277;313;13.4;25.7;0.898
01/11/2004;02.00.00;3.1;782;334;7.2;383;410;1773;175;1372;485;17.1;60.8;1.205
01/11/2004;03.00.00;3.2;922;285;9.7;383;535;1461;18;551;662;17.0;27.5;1.173
01/11/2004;04.00.00;0.1;647;153;0.1;383;275;1921;79;565;262;14.1;64.8;0.638
01/11/2004;05.00.00;4.0;1132;7;13.4;383;319;1805;69;551;375;38.5;62.3;1.215
01/11/2004;06.00.00;5.6;1640;290;19.7;496;157;1749;186;1471;252;20.5;74.2;0.559
01/11/2004;07.00.00;2.2;647;252;3.3;383;220;1777;151;1213;228;9.3;33.9;1.29
01/11/2004;08.00.00;1.3;647;182;2.7;383;299;1630;167;1396;360;18.0;34.2;0.762
01/11/2004;09.00.00;6.1;1632;324;17.6;480;186;1902;60;551;306;14.5;48.9;0.466
01/11/2004;10.00.00;0.3;647;298;3.5;383;260;1894;119;955;309;15.8;41.8;1.056
01/11/2004;11.00.00;2.2;654;234;6.6;383;298;1779;34;551;234;10.9;21.4;0.718
01/11/2004;12.00.00;2.4;811;221;6.7;383;478;1714;60;551;392;11.3;44.1;1.252
01/11/2004;13.00.00;4.0;1049;222;14.0;383;113;1923;118;914;228;2.5;49.8;1.284
01/11/2004;14.00.00;2.7;840;282;7.3;383;310;1829;123;1049;466;16.1;57.7;0.18
01/11/2004;15.00.00;1.5;647;136;4.6;383;153;1900;131;1050;228;18.2;52.5;2.23
01/11/2004;16.00.00;0.8;647;258;6.2;383;363;1710;81;551;463;13.4;45.5;0.487
01/11/2004;17.00.00;1.7;647;130;8.9;383;375;1761;133;1129;554;25.2;75.8;1.287
01/11/2004;18.00.00;0.7;647;344;1.6;383;502;1585;113;912;503;17.7;43.1;0.819
01/11/2004;19.00.00;2.2;647;268;6.7;383;180;1971;188;1378;430;18.3;38.3;1.132
01/11/2004;20.00.00;1.4;647;152;3.1;383;268;1760;92;669;313;19.9;45.5;0.75
01/11/2004;21.00.00;0.1;647;225;0.1;383;369;1750;24;551;485;17.7;58.7;1.589
01/11/2004;22.00.00;3.9;1026;136;14.6;383;346;1666;142;1165;359;18.4;41.0;0.426
01/11/2004;23.00.00;1.5;647;360;9.5;383;2;1872;129;1115;228;6.9;58.0;1.413
02/11/2004;00.00.00;0.4;647;372;0.3;383;140;1915;70;551;228;26.9;58.2;0.235
02/11/2004;01.00.00;1.9;647;284;4.5;383;333;1589;97;742;351;7.2;38.0;1.039
02/11/2004;02.00.00;2.2;647;365;6.6;383;213;2000;122;1049;263;25.3;40.9;0.445
02/11/2004;03.00.00;0.1;647;232;0.5;383;370;1675;94;841;273;20.7;81.0;1.285
02/11/2004;04.00.00;2.6;763;290;6.1;383;405;1669;59;551;376;13.6;51.1;1.137
02/11/2004;05.00.00;0.7;647;334;1.3;383;213;1804;103;784;228;21.1;9.2;1.21
02/11/2004;06.00.00;4.5;1346;217;16.6;383;337;1740;155;1283;314;15.7;36.5;0.892
02/11/2004;07.00.00;2.9;730;224;9.5;383;468;1652;95;599;805;25.9;59.2;0.894
02/11/2004;08.00.00;1.6;647;306;7.6;383;401;1611;123;984;496;12.3;48.2;0.946
02/11/2004;09.00.00;1.1;647;279;4.3;383;128;1693;104;832;228;17.9;49.0;0.53
02/11/2004;10.00.00;2.0;647;146;4.2;383;217;1737;53;551;228;12.1;61.1;2.03
02/11/2004;11.00.00;3.0;808;10;8.5;383;250;1761;107;900;244;10.2;35.4;0.681
02/11/2004;12.00.00;2.1;647;201;7.3;383;102;1940;91;820;228;17.1;51.6;0.84
02/11/2004;13.00.00;1.8;669;18;3.7;383;409;1686;149;1117;583;29.2;45.9;1.128
02/11/2004;14.00.00;2.2;647;123;4.6;383;147;1942;172;1320;228;21.9;52.9;0.821
02/11/2004;15.00.00;1.3;647;134;1.8;383;230;1684;155;1295;249;16.8;42.8;1.114
02/11/2004;16.00.00;1.7;647;163;6.4;383;409;1600;77;551;527;17.1;43.5;0.259
02/11/2004;17.00.00;0.1;647;295;0.1;383;176;1823;57;551;228;5.2;56.8;0.985
02/11/2004;18.00.00;3.5;944;316;13.6;383;194;1966;40;551;228;11.2;33.2;0.624
02/11/2004;19.00.00;2.6;735;266;6.4;383;297;1979;121;984;244;11.8;39.0;1.161
02/11/2004;20.00.00;1.1;647;278;0.1;383;183;1745;78;608;228;19.3;76.1;1.611
02/11/2004;21.00.00;4.8;1399;280;15.1;383;480;1702;59;551;540;25.8;57.9;1.757
02/11/2004;22.00.00;2.3;698;7;10.6;383;105;1922;207;1464;228;16.7;63.9;0.819
02/11/2004;23.00.00;0.7;647;218;2.3;383;2;2042;136;1175;228;19.7;49.8;0.18
03/11/2004;00.00.00;3.3;899;47;8.0;383;374;1594;129;940;416;18.3;51.5;1.131
03/11/2004;01.00.00;2.7;647;266;5.4;383;191;1955;126;1017;323;19.2;35.1;0.851
03/11/2004;02.00.00;2.7;798;19;11.0;383;122;1724;190;1627;228;18.1;53.5;0.625
03/11/2004;03.00.00;1.6;647;200;3.4;383;304;1651;104;800;356;21.1;53.6;1.103
03/11/2004;04.00.00;2.8;907;270;12.0;383;310;1730;142;1104;432;12.3;63.3;1.084
03/11/2004;05.00.00;1.8;647;111;7.0;383;129;1848;156;1306;267;25.1;44.5;1.286
03/11/2004;06.00.00;2.9;758;309;7.8;383;427;1659;202;1725;412;9.5;48.8;0.797
03/11/2004;07.00.00;0.1;647;266;2.7;383;377;1642;112;971;483;5.4;88.7;0.759
03/11/2004;08.00.00;1.5;647;254;3.1;383;548;1532;172;1495;661;19.5;49.7;0.748
03/11/2004;09.00.00;4.6;1133;284;11.7;383;175;1844;25;551;228;17.4;34.9;0.729
03/11/2004;10.00.00;1.1;647;183;1.7;383;269;1766;214;1750;228;15.4;58.0;1.27
03/11/2004;11.00.00;1.3;647;232;5.7;383;281;1786;133;1169;236;14.8;51.6;0.681
03/11/2004;12.00.00;1.5;647;218;7.1;383;195;1914;149;1230;532;23.3;34.1;0.427
03/11/2004;13.00.00;0.4;647;216;0.6;383;307;1693;51;551;463;11.3;56.1;1.196
03/11/2004;14.00.00;0.1;647;154;0.1;383;319;1852;48;551;388;10.0;66.3;1.179
03/11/2004;15.00.00;1.8;647;99;2.7;383;319;1748;81;597;315;22.2;37.7;1.765
03/11/2004;16.00.00;2.3;656;185;5.4;383;196;1944;113;1031;280;24.4;70.5;1.993
03/11/2004;17.00.00;2.1;647;180;4.1;383;213;1801;100;803;228;11.6;38.1;1.608
03/11/2004;18.00.00;1.9;647;148;6.8;383;159;1803;93;696;228;28.1;35.1;1.269
03/11/2004;19.00.00;2.2;647;298;10.9;383;131;1901;103;704;228;15.9;51.3;0.992
03/11/2004;20.00.00;3.6;830;106;13.1;383;236;2016;2;551;270;15.2;61.5;0.696
03/11/2004;21.00.00;1.9;647;201;3.8;383;478;1508;133;1003;525;19.5;63.3;1.89
03/11/2004;22.00.00;1.3;647;328;2.9;383;557;1607;104;836;628;18.7;54.4;1.156
03/11/2004;23.00.00;1.8;647;304;4.6;383;447;1656;158;1407;613;24.5;29.7;1.581
04/11/2004;00.00.00;3.0;844;333;10.3;383;175;1892;90;785;228;37.0;33.9;0.98
04/11/2004;01.00.00;4.1;1183;161;16.3;395;308;1656;95;865;502;9.8;43.3;1.205
04/11/2004;02.00.00;1.3;647;292;3.1;383;2;2034;120;976;228;15.1;58.3;1.077
04/11/2004;03.00.00;2.3;647;117;10.4;383;222;1845;145;1223;228;15.2;42.3;0.732
04/11/2004;04.00.00;2.6;794;191;12.6;383;186;1732;168;1452;230;33.4;65.7;1.219
04/11/2004;05.00.00;0.8;647;200;1.7;383;532;1584;111;822;675;4.6;81.3;1.903
04/11/2004;06.00.00;2.2;647;163;6.2;383;285;1751;133;1065;337;16.6;33.1;0.79
04/11/2004;07.00.00;0.1;647;183;0.1;383;253;1768;114;861;416;22.2;49.9;0.916
04/11/2004;08.00.00;0.1;647;171;0.4;383;235;1807;98;742;228;26.7;58.9;0.266
04/11/2004;09.00.00;2.7;819;124;7.8;383;201;1925;20;551;243;15.4;63.2;1.246
04/11/2004;10.00.00;1.6;647;299;6.9;383;327;1774;122;906;479;28.2;52.8;1.239
04/11/2004;11.00.00;2.4;729;200;4.7;383;144;1800;69;551;316;11.3;47.1;1.226
04/11/2004;12.00.00;2.1;743;237;5.7;383;330;1775;154;1293;379;14.3;22.4;0.891
04/11/2004;13.00.00;0.8;647;233;3.2;383;465;1624;71;562;772;3.8;42.2;0.842
04/11/2004;14.00.00;2.1;647;223;8.4;383;263;1740;85;623;323;24.6;59.3;1.076
04/11/2004;15.00.00;0.4;647;226;5.7;383;197;1742;73;651;373;10.8;72.0;1.208
04/11/2004;16.00.00;4.1;1120;188;10.5;383;234;1876;138;1035;253;16.4;29.9;0.995
04/11/2004;17.00.00;0.3;647;352;0.1;383;429;1610;98;699;503;29.7;70.4;0.811
04/11/2004;18.00.00;1.9;647;290;1.5;383;267;1858;140;1218;414;10.2;66.1;0.365
04/11/2004;19.00.00;0.7;647;219;0.1;383;152;1791;2;551;248;27.3;52.2;1.389
04/11/2004;20.00.00;2.9;782;175;5.9;383;369;1863;208;1642;442;26.4;35.6;1.054
04/11/2004;21.00.00;1.7;647;206;4.4;383;137;2100;64;667;228;17.1;72.8;0.433
04/11/2004;22.00.00;1.4;647;257;4.1;383;210;1875;149;1153;462;17.5;47.5;1.25
04/11/2004;23.00.00;3.3;908;360;11.6;383;281;1878;136;1150;315;13.1;57.1;1.265
05/11/2004;00.00.00;2.2;647;87;6.4;383;122;1865;147;1050;228;17.2;35.3;0.806
05/11/2004;01.00.00;2.9;751;280;10.1;383;2;1954;73;551;228;12.9;24.6;0.583
05/11/2004;02.00.00;0.8;647;325;2.7;383;314;1843;96;856;332;31.0;60.4;1.418
05/11/2004;03.00.00;0.2;647;76;0.1;383;2;2010;132;1170;228;19.1;55.7;0.804
05/11/2004;04.00.00;2.3;655;200;4.0;383;104;1806;113;893;228;26.1;56.8;0.18
05/11/2004;05.00.00;1.7;647;116;6.6;383;365;1714;69;737;650;12.4;30.8;0.972
05/11/2004;06.00.00;3.0;897;258;13.0;383;310;1654;140;1228;395;28.9;62.3;1.057
05/11/2004;07.00.00;2.0;647;183;11.6;383;221;1807;222;1725;228;25.0;61.3;1.044
05/11/2004;08.00.00;2.4;663;205;9.7;383;108;1996;92;711;267;21.7;88.7;0.714
05/11/2004;09.00.00;0.1;647;178;3.2;383;180;1972;136;980;412;22.9;44.6;1.023
05/11/2004;10.00.00;4.8;1363;286;16.3;383;334;1754;123;956;508;18.4;20.0;1.281
05/11/2004;11.00.00;1.9;647;239;6.7;383;225;1926;95;780;281;23.9;41.6;0.18
05/11/2004;12.00.00;3.1;750;239;10.2;383;57;1917;151;1216;228;24.1;42.3;1.218
05/11/2004;13.00.00;1.0;647;233;2.9;383;111;2046;151;1210;228;22.8;50.9;1.34
05/11/2004;14.00.00;2.6;647;272;9.5;383;179;1798;86;772;243;22.9;60.4;0.864
05/11/2004;15.00.00;0.3;647;193;0.1;383;302;1693;181;1467;394;19.5;39.7;0.464
05/11/2004;16.00.00;2.8;781;379;8.6;383;261;1753;113;962;228;5.7;67.0;1.36
05/11/2004;17.00.00;1.7;647;100;2.9;383;55;1895;164;1352;228;16.8;49.1;1.516
05/11/2004;18.00.00;2.2;755;54;8.0;383;452;1679;129;1059;632;11.6;12.8;0.552
05/11/2004;19.00.00;3.1;832;46;8.1;383;132;1994;114;992;228;7.4;48.2;0.932
05/11/2004;20.00.00;0.4;647;20;1.4;383;313;1750;112;964;402;21.2;38.4;0.606
05/11/2004;21.00.00;1.2;647;281;4.8;383;101;1944;145;1073;228;31.2;51.3;0.751
05/11/2004;22.00.00;2.8;884;270;10.1;383;625;1388;60;627;896;-0.1;66.8;0.981
05/11/2004;23.00.00;5.1;1470;332;17.8;497;448;1648;130;1056;484;10.6;29.1;1.371
06/11/2004;00.00.00;2.0;647;117;5.8;383;127;2039;175;1331;228;17.8;46.2;1.246
06/11/2004;01.00.00;3.0;695;288;10.5;383;259;1905;137;1094;332;21.9;76.8;1.056
06/11/2004;02.00.00;2.0;647;223;5.4;383;88;1841;29;551;228;15.5;42.4;1.883
06/11/2004;03.00.00;4.9;1321;233;11.6;383;191;1811;46;551;306;22.3;38.1;0.48
06/11/2004;04.00.00;0.1;647;277;1.4;383;310;2023;114;988;343;27.8;80.8;0.773
06/11/2004;05.00.00;2.3;647;146;7.9;383;375;1733;75;663;403;20.2;57.5;1.042
06/11/2004;06.00.00;0.1;647;463;2.3;383;56;2076;155;1392;228;21.2;73.2;0.875
06/11/2004;07.00.00;0.1;647;344;0.3;383;131;2022;90;730;228;5.4;37.4;0.917
06/11/2004;08.00.00;2.6;685;167;5.0;383;390;1598;139;1102;366;0.1;41.8;1.346
06/11/2004;09.00.00;2.3;703;114;7.3;383;448;1699;206;1531;557;13.2;32.1;0.647
06/11/2004;10.00.00;1.8;647;209;7.4;383;127;1912;114;990;228;18.5;57.7;1.71
06/11/2004;11.00.00;2.0;647;235;7.4;383;392;1825;64;564;538;19.9;37.3;0.635
06/11/2004;12.00.00;6.5;1875;319;20.5;587;56;2111;131;1010;228;19.8;33.8;0.704
06/11/2004;13.00.00;1.8;647;106;2.4;383;200;1773;126;1031;228;13.4;51.3;1.455
06/11/2004;14.00.00;2.9;803;245;7.1;383;70;2218;125;999;228;20.8;54.8;1.486
06/11/2004;15.00.00;1.2;647;72;4.9;383;183;1866;178;1443;228;17.6;47.8;0.87
06/11/2004;16.00.00;2.6;789;259;4.9;383;538;1620;56;551;627;18.8;51.0;1.498
06/11/2004;17.00.00;1.8;647;207;5.2;383;237;1597;160;1296;321;19.3;75.4;0.637
06/11/2004;18.00.00;1.6;647;401;5.1;383;202;1918;83;551;248;13.4;66.7;0.237
06/11/2004;19.00.00;4.7;1247;71;17.3;383;159;1699;179;1401;230;14.8;48.2;1.396
06/11/2004;20.00.00;3.8;1022;348;13.4;395;200;1828;11;551;228;33.3;59.8;0.395
06/11/2004;21.00.00;2.3;647;56;9.4;383;122;1857;220;1704;228;24.1;63.7;0.994
06/11/2004;22.00.00;0.1;647;91;0.9;383;266;1823;100;831;367;16.0;54.6;1.762
06/11/2004;23.00.00;1.6;647;58;3.6;383;241;1821;54;604;357;18.9;36.1;0.622
07/11/2004;00.00.00;5.9;1600;241;17.8;457;176;1906;156;1160;274;15.4;17.7;0.482
07/11/2004;01.00.00;1.8;647;106;4.0;383;162;1969;137;953;273;19.4;80.0;0.619
07/11/2004;02.00.00;3.7;994;89;13.0;383;273;1700;134;1174;290;19.4;49.7;0.509
07/11/2004;03.00.00;4.2;1224;237;12.0;383;134;1876;157;1428;228;13.0;57.1;0.557
07/11/2004;04.00.00;2.5;647;260;7.1;383;209;1764;114;947;267;20.9;34.1;0.385
07/11/2004;05.00.00;1.0;647;221;3.2;383;176;1784;98;792;369;19.5;45.1;1.388
07/11/2004;06.00.00;0.1;647;202;3.6;383;2;2153;57;551;228;13.6;35.5;0.327
07/11/2004;07.00.00;3.1;779;391;11.3;383;377;1596;107;903;587;24.5;32.0;1.261
07/11/2004;08.00.00;1.0;647;231;1.7;383;2;1932;88;706;228;13.0;54.6;0.34
07/11/2004;09.00.00;2.4;847;294;8.0;383;2;2173;112;968;228;10.2;54.7;1.061
07/11/2004;10.00.00;0.4;647;231;4.6;383;382;1683;118;810;572;24.5;51.1;1.355
07/11/2004;11.00.00;1.8;647;113;6.9;383;76;1933;196;1597;228;10.4;50.7;0.986
07/11/2004;12.00.00;2.2;655;270;3.8;383;2;2030;77;551;228;22.3;58.1;0.515
07/11/2004;13.00.00;2.5;675;155;6.3;383;450;1543;106;925;471;32.4;9.2;0.982
07/11/2004;14.00.00;0.6;647;209;0.1;383;148;1807;92;645;267;26.7;62.5;0.785
07/11/2004;15.00.00;3.8;1039;247;15.1;383;431;1605;45;551;496;13.9;87.5;0.925
07/11/2004;16.00.00;1.3;647;33;6.7;383;105;1998;252;1975;228;12.8;23.9;0.484
07/11/2004;17.00.00;0.1;647;65;0.1;383;2;2052;68;551;228;25.6;16.6;1.144
07/11/2004;18.00.00;2.0;647;304;5.1;383;196;1792;130;1113;274;19.8;20.2;0.889
07/11/2004;19.00.00;2.2;647;154;7.1;383;61;1940;194;1493;228;5.0;65.8;1.305
07/11/2004;20.00.00;2.4;647;159;7.7;383;307;1816;53;551;329;23.3;29.0;1.414
07/11/2004;21.00.00;4.1;1231;233;11.1;383;349;1529;155;1246;394;16.2;52.3;1.14
07/11/2004;22.00.00;1.8;647;181;5.3;383;388;1713;39;551;539;19.0;57.4;0.871
07/11/2004;23.00.00;2.0;647;257;3.4;383;198;1901;74;551;228;19.5;46.0;0.692
08/11/2004;00.00.00;0.6;647;213;4.5;383;457;1560;139;1147;549;20.6;40.9;0.651
08/11/2004;01.00.00;3.3;838;236;7.0;383;104;1968;99;822;228;35.0;43.5;1.133
08/11/2004;02.00.00;2.4;647;151;4.2;383;266;1787;182;1471;368;30.4;26.9;1.207
08/11/2004;03.00.00;1.6;647;236;5.9;383;224;1964;119;993;260;6.3;62.8;0.946
08/11/2004;04.00.00;0.1;647;322;0.1;383;547;1519;138;944;583;21.9;67.7;0.995
08/11/2004;05.00.00;4.2;1159;164;12.3;383;430;1702;79;578;688;5.5;52.5;0.446
08/11/2004;06.00.00;0.4;647;304;1.5;383;250;1681;63;551;424;28.6;34.4;1.057
08/11/2004;07.00.00;1.3;647;213;5.6;383;276;1784;57;551;351;27.1;48.0;0.816
08/11/2004;08.00.00;2.7;735;287;8.0;383;480;1680;68;564;624;12.2;45.6;1.464
08/11/2004;09.00.00;0.5;647;230;5.1;383;131;1853;79;730;228;16.9;38.9;1.129
08/11/2004;10.00.00;0.1;647;214;0.3;383;2;2087;168;1294;228;25.0;49.4;0.878
08/11/2004;11.00.00;0.1;647;251;2.7;383;97;1995;132;1009;329;16.6;44.1;1.157
08/11/2004;12.00.00;3.2;945;333;10.7;383;182;1865;51;551;318;13.5;68.3;1.752
08/11/2004;13.00.00;1.4;647;240;8.7;383;454;1614;93;739;460;18.4;33.5;1.349
08/11/2004;14.00.00;6.2;1802;263;22.1;598;404;1429;111;750;517;29.2;45.3;0.772
08/11/2004;15.00.00;0.8;647;182;2.5;383;239;1756;253;2028;293;5.8;34.3;1.204
08/11/2004;16.00.00;0.9;647;367;4.0;383;317;1834;113;904;422;11.2;48.1;2.16
08/11/2004;17.00.00;1.4;647;278;3.8;383;137;1868;134;1029;307;13.2;53.3;1.351
08/11/2004;18.00.00;2.5;733;225;7.4;383;565;1583;65;551;605;32.9;44.5;0.949
08/11/2004;19.00.00;1.5;647;206;2.2;383;431;1617;147;1202;501;28.8;63.9;1.497
08/11/2004;20.00.00;3.0;835;310;8.0;383;254;1682;179;1481;228;10.9;77.3;0.282
08/11/2004;21.00.00;0.8;647;160;6.6;383;234;1872;105;857;298;17.3;9.2;0.58
08/11/2004;22.00.00;0.2;647;48;0.1;383;353;1619;142;1151;432;25.0;64.1;0.247
08/11/2004;23.00.00;0.1;647;224;0.1;383;237;1789;140;1122;451;24.5;48.2;0.367
09/11/2004;00.00.00;0.1;647;331;0.1;383;2;2027;116;931;228;19.1;48.8;1.006
09/11/2004;01.00.00;1.4;647;369;4.4;383;480;1561;174;1454;649;18.3;44.5;0.448
09/11/2004;02.00.00;1.7;647;207;6.3;383;424;1785;74;727;300;33.8;59.3;0.598
09/11/2004;03.00.00;1.3;647;222;3.1;383;302;1915;71;688;518;16.9;50.1;0.313
09/11/2004;04.00.00;3.9;1050;267;13.3;392;181;1789;113;819;228;5.3;62.7;1.186
09/11/2004;05.00.00;3.9;1100;192;14.7;383;247;1740;95;591;308;19.3;49.2;0.51
09/11/2004;06.00.00;1.7;647;267;7.9;383;2;1963;2;551;228;20.4;58.2;1.349
09/11/2004;07.00.00;0.1;647;209;0.1;383;76;2030;77;624;228;17.2;62.2;0.945
09/11/2004;08.00.00;1.4;647;314;5.6;383;516;1625;10;551;572;8.0;46.8;1.558
09/11/2004;09.00.00;1.3;647;286;1.9;383;325;1799;97;811;401;21.1;62.0;0.857
09/11/2004;10.00.00;1.2;647;294;2.5;383;2;2103;147;1158;228;10.2;57.4;1.347
09/11/2004;11.00.00;1.2;647;198;1.4;383;119;1832;115;795;228;18.0;52.2;1.082
09/11/2004;12.00.00;1.2;647;400;3.9;383;2;2038;119;863;228;14.2;37.2;1.243
09/11/2004;13.00.00;1.6;647;263;3.4;383;126;1902;105;757;228;26.0;34.7;1.379
09/11/2004;14.00.00;1.3;647;241;1.0;383;220;1857;123;1038;341;5.5;55.6;1.073
09/11/2004;15.00.00;2.4;656;145;7.0;383;491;1699;248;2139;577;8.7;59.9;1.152
09/11/2004;16.00.00;2.7;737;208;5.0;383;366;1694;96;731;403;18.5;43.4;1.224
09/11/2004;17.00.00;0.9;647;228;5.5;383;199;1784;112;1107;254;18.0;61.3;0.355
09/11/2004;18.00.00;3.9;1075;143;11.5;383;207;1750;71;551;333;16.1;37.1;1.148
09/11/2004;19.00.00;0.8;647;190;4.5;383;123;2041;21;551;228;20.8;47.0;1.335
09/11/2004;20.00.00;0.1;647;202;0.1;383;412;1666;125;1020;555;19.5;39.1;0.967
09/11/2004;21.00.00;2.7;819;223;6.2;383;431;1545;167;1134;545;25.2;37.9;0.459
09/11/2004;22.00.00;1.0;647;50;5.6;383;41;2077;224;1916;228;19.2;35.3;1.2
09/11/2004;23.00.00;2.6;908;205;8.5;383;2;1861;103;776;228;32.0;88.7;0.439
10/11/2004;00.00.00;0.1;647;182;4.1;383;197;1718;100;807;239;9.3;68.1;0.327
10/11/2004;01.00.00;4.1;1103;216;12.2;383;216;1801;157;1299;315;30.9;57.2;1.465
10/11/2004;02.00.00;3.1;1079;316;9.0;383;285;1727;195;1434;228;18.2;42.3;1.209
10/11/2004;03.00.00;0.1;647;412;2.3;383;2;2023;53;624;228;3.4;29.9;0.68
10/11/2004;04.00.00;0.1;647;282;2.3;383;136;1736;144;1169;228;-1.3;23.1;1.169
10/11/2004;05.00.00;4.5;1304;100;14.7;412;233;1839;200;1578;425;13.5;46.3;0.921
10/11/2004;06.00.00;1.1;647;185;10.2;383;126;2000;101;719;252;23.5;64.6;1.322
10/11/2004;07.00.00;1.0;647;274;2.6;383;377;1619;57;551;278;25.3;31.1;2.221
10/11/2004;08.00.00;0.1;647;263;0.1;383;531;1544;150;1079;667;10.8;58.6;0.646
10/11/2004;09.00.00;1.7;647;311;3.3;383;163;1805;48;551;228;12.9;52.3;0.86
10/11/2004;10.00.00;1.8;647;208;5.3;383;382;1719;170;1472;506;27.6;51.5;0.528
10/11/2004;11.00.00;3.2;868;183;13.1;383;191;1760;208;1761;256;5.3;88.7;1.418
10/11/2004;12.00.00;0.2;647;384;0.2;383;103;1820;88;667;228;11.7;53.7;0.908
10/11/2004;13.00.00;0.1;647;223;3.5;383;137;1878;192;1518;228;23.3;52.7;0.911
10/11/2004;14.00.00;2.8;805;121;9.8;383;363;1736;143;1189;517;11.9;39.1;0.829
10/11/2004;15.00.00;3.6;1035;358;13.6;383;147;1893;179;1530;228;20.7;37.8;0.766
10/11/2004;16.00.00;0.1;647;75;1.1;383;177;1822;81;777;228;15.7;30.3;0.79
10/11/2004;17.00.00;3.7;977;7;12.5;383;70;1996;142;1273;228;13.3;26.6;0.845
10/11/2004;18.00.00;2.2;647;291;8.6;383;342;1744;124;922;480;10.2;44.9;1.314
10/11/2004;19.00.00;3.7;1103;304;10.6;383;316;1653;75;662;402;13.6;57.8;1.372
10/11/2004;20.00.00;2.1;659;257;5.5;383;468;1411;96;658;523;36.3;17.3;1.063
10/11/2004;21.00.00;0.1;647;94;1.0;383;337;1771;140;1088;270;12.9;46.7;1.577
10/11/2004;22.00.00;1.9;647;212;10.1;383;309;1732;59;551;240;19.6;35.5;1.251
10/11/2004;23.00.00;3.6;959;191;8.5;383;335;1643;55;551;385;21.5;62.2;0.748
11/11/2004;00.00.00;0.9;647;166;0.1;383;206;1964;51;551;261;39.5;42.3;1.35
11/11/2004;01.00.00;1.6;647;352;4.6;383;262;1918;75;551;287;30.4;63.2;1.374
11/11/2004;02.00.00;1.9;647;118;8.2;383;388;1791;126;1036;382;4.5;39.0;1.069
11/11/2004;03.00.00;0.1;647;248;0.4;383;120;1921;88;612;228;22.7;57.0;0.887
11/11/2004;04.00.00;4.5;1403;331;12.0;383;506;1341;174;1433;620;24.3;49.0;0.461
11/11/2004;05.00.00;0.9;647;254;3.0;383;343;1819;43;551;520;28.0;57.1;0.811
11/11/2004;06.00.00;2.9;913;335;5.7;383;555;1482;137;1077;606;6.1;66.1;0.258
11/11/2004;07.00.00;2.0;647;271;7.7;383;66;1902;95;659;228;17.5;80.6;0.859
11/11/2004;08.00.00;3.9;1022;258;11.9;383;66;2019;107;945;228;15.1;51.1;1.019
11/11/2004;09.00.00;2.7;745;252;8.5;383;302;1920;145;1178;411;21.4;48.5;1.435
11/11/2004;10.00.00;1.8;647;276;6.7;383;264;1911;2;551;307;14.7;73.2;0.789
11/11/2004;11.00.00;0.9;647;181;3.3;383;176;1872;10;551;290;15.2;37.5;1.101
11/11/2004;12.00.00;3.3;988;94;9.4;383;51;2017;109;933;228;6.7;57.1;1.457
11/11/2004;13.00.00;0.1;647;308;2.4;383;205;1747;102;821;255;24.0;39.0;0.545
11/11/2004;14.00.00;3.1;647;328;11.4;383;279;1646;44;551;266;16.8;46.6;1.226
11/11/2004;15.00.00;0.6;647;241;0.1;383;45;2049;209;1784;228;15.7;36.7;0.336
11/11/2004;16.00.00;3.9;917;165;12.0;415;183;1879;57;551;256;15.6;60.3;0.618
11/11/2004;17.00.00;2.4;679;70;5.4;383;304;1640;87;735;383;14.7;45.2;0.656
11/11/2004;18.00.00;3.1;873;226;7.2;383;366;1702;168;1188;600;25.2;28.3;0.724
11/11/2004;19.00.00;2.3;656;89;8.3;383;202;1887;80;731;228;22.1;27.7;0.713
11/11/2004;20.00.00;0.1;647;76;0.1;383;123;1973;71;606;228;1.9;51.2;1.136
11/11/2004;21.00.00;0.9;647;216;2.7;383;263;1839;131;1152;326;6.0;67.3;0.917
11/11/2004;22.00.00;3.1;922;145;8.6;383;214;1799;77;571;228;3.2;17.5;0.586
11/11/2004;23.00.00;2.4;647;250;8.4;383;21;1914;131;998;228;-1.5;44.4;0.392
12/11/2004;00.00.00;3.8;947;202;13.5;383;177;1867;137;1230;228;27.1;38.7;1.271
12/11/2004;01.00.00;2.7;760;160;13.0;383;155;1939;131;1126;228;23.6;64.1;1.383
12/11/2004;02.00.00;0.8;647;56;2.2;383;249;1872;169;1242;258;30.4;32.6;0.996
12/11/2004;03.00.00;1.0;647;136;0.4;383;133;2019;94;757;232;15.3;48.6;0.18
12/11/2004;04.00.00;2.3;687;140;6.3;383;162;1873;88;792;228;25.5;27.4;0.796
12/11/2004;05.00.00;0.1;647;101;2.0;383;218;1736;108;885;283;22.2;69.3;0.728
12/11/2004;06.00.00;4.5;1328;186;12.8;383;343;1811;2;551;300;2.3;33.2;0.793
12/11/2004;07.00.00;2.8;738;109;5.9;383;260;1798;123;932;343;27.0;68.8;1.526
12/11/2004;08.00.00;3.9;1021;202;10.9;383;653;1374;97;782;680;14.2;49.9;1.268
12/11/2004;09.00.00;0.1;647;240;0.1;383;52;2007;131;1132;228;21.5;33.8;1.317
12/11/2004;10.00.00;3.9;1098;139;10.3;383;385;1804;69;551;539;14.1;59.3;1.424
12/11/2004;11.00.00;5.3;1426;258;17.3;428;234;1843;177;1249;228;5.7;61.8;0.842
12/11/2004;12.00.00;0.3;647;88;0.8;383;32;2087;103;791;228;20.6;78.0;0.865
12/11/2004;13.00.00;3.2;720;112;11.9;383;188;1810;153;1260;228;30.9;58.5;1.033
12/11/2004;14.00.00;2.2;647;207;6.0;383;14;1930;88;762;228;8.2;60.2;0.772
12/11/2004;15.00.00;0.1;647;283;1.4;383;258;1861;135;1002;371;19.7;63.4;0.764
12/11/2004;16.00.00;2.8;882;300;8.1;383;199;1812;38;551;228;28.1;9.2;1.337
12/11/2004;17.00.00;3.3;970;371;8.4;383;141;1983;7;551;228;-1.9;55.5;1.233
12/11/2004;18.00.00;1.3;647;182;3.1;383;83;1946;103;883;228;10.0;66.1;0.18
12/11/2004;19.00.00;3.8;1104;205;8.9;383;401;1776;112;885;518;18.0;52.9;0.924
12/11/2004;20.00.00;0.1;647;119;3.9;383;221;1873;108;934;312;14.3;40.4;1.47
12/11/2004;21.00.00;0.1;647;98;0.6;383;278;1705;99;798;445;12.8;37.0;1.313
12/11/2004;22.00.00;2.3;719;239;5.9;383;273;1622;93;789;427;8.1;48.3;1.044
12/11/2004;23.00.00;2.2;647;144;6.2;383;262;1852;145;1127;413;18.6;46.7;1.612
13/11/2004;00.00.00;1.1;647;335;0.1;383;196;1888;198;1532;305;10.7;52.5;0.837
13/11/2004;01.00.00;3.3;917;79;13.4;383;478;1536;237;1874;637;7.8;49.1;0.905
13/11/2004;02.00.00;2.9;794;264;11.9;383;588;1593;165;1373;673;8.3;59.7;0.18
13/11/2004;03.00.00;3.4;1054;122;10.9;383;467;1737;3;551;516;27.8;26.7;0.995
13/11/2004;04.00.00;2.0;647;140;7.0;383;249;1743;163;1408;228;11.5;62.6;1.748
13/11/2004;05.00.00;3.0;788;269;7.0;383;238;1654;162;1424;398;21.7;70.6;0.995
13/11/2004;06.00.00;1.5;647;153;2.5;383;413;1747;108;856;499;13.3;20.5;1.084
13/11/2004;07.00.00;5.0;1527;169;12.7;383;130;1997;157;1217;228;4.7;41.6;0.928
13/11/2004;08.00.00;1.0;647;140;2.9;383;507;1535;130;866;384;11.7;63.4;1.182
13/11/2004;09.00.00;5.1;1392;387;18.4;546;367;1768;112;850;387;13.3;56.2;0.735
13/11/2004;10.00.00;2.2;647;159;6.3;383;203;1863;125;890;321;18.4;29.4;1.712
13/11/2004;11.00.00;0.2;647;222;1.4;383;289;1759;86;752;373;19.1;59.1;1.435
13/11/2004;12.00.00;4.1;1166;198;15.0;383;341;1772;24;551;357;8.1;17.1;1.283
13/11/2004;13.00.00;2.3;863;239;4.2;383;180;1815;22;551;228;28.8;57.5;1.469
13/11/2004;14.00.00;3.3;971;159;14.4;383;404;1588;157;1299;643;29.4;71.9;0.988
13/11/2004;15.00.00;3.9;1044;198;14.7;383;440;1679;63;551;510;18.4;48.5;0.734
13/11/2004;16.00.00;2.6;689;255;9.4;383;205;1856;39;551;256;20.5;62.7;1.148
13/11/2004;17.00.00;1.3;647;136;6.1;383;173;1657;38;551;228;11.3;54.7;1.478
13/11/2004;18.00.00;3.5;864;321;13.2;465;229;1721;90;660;292;5.6;36.2;0.887
13/11/2004;19.00.00;2.2;647;330;7.5;383;69;1891;185;1533;228;17.5;39.4;0.881
13/11/2004;20.00.00;3.1;933;275;12.8;383;2;2040;106;838;228;14.8;43.7;1.047
13/11/2004;21.00.00;0.1;647;224;0.1;383;179;1734;44;551;333;30.8;44.8;0.209
13/11/2004;22.00.00;2.8;712;7;9.8;383;99;1895;184;1546;228;37.3;68.8;0.585
13/11/2004;23.00.00;1.3;647;258;6.7;383;516;1741;128;941;715;11.3;74.3;0.771
14/11/2004;00.00.00;4.5;1135;180;8.9;383;176;1864;96;916;228;19.0;63.7;1.471
14/11/2004;01.00.00;3.0;680;194;10.5;383;315;1757;136;989;377;24.8;74.1;1.163
14/11/2004;02.00.00;2.5;647;37;9.4;383;149;1875;113;823;228;21.6;53.7;0.58
14/11/2004;03.00.00;2.8;669;264;5.6;383;518;1663;78;758;576;21.2;9.2;1.135
14/11/2004;04.00.00;0.8;647;80;3.0;383;216;1830;86;691;336;28.3;49.1;1.041
14/11/2004;05.00.00;4.4;1209;229;12.6;428;55;1937;53;551;228;29.1;35.8;0.795
14/11/2004;06.00.00;4.9;1365;303;16.6;383;348;1733;90;757;311;20.8;60.4;0.754
14/11/2004;07.00.00;2.7;848;173;8.5;383;285;1877;157;1175;328;35.9;46.6;1.947
14/11/2004;08.00.00;4.4;1170;333;12.1;383;430;1688;156;1401;463;24.9;54.3;0.288
14/11/2004;09.00.00;1.4;647;147;6.5;383;222;1826;104;1012;320;12.3;49.9;0.778
14/11/2004;10.00.00;1.0;647;275;2.5;383;262;1884;105;691;403;25.9;39.6;1.326
14/11/2004;11.00.00;2.2;647;94;7.6;383;15;1945;63;551;228;12.3;34.7;0.653
14/11/2004;12.00.00;2.8;831;315;11.5;383;373;1444;132;1110;544;19.2;40.7;0.781
14/11/2004;13.00.00;1.6;647;301;3.3;383;255;1831;46;551;398;24.6;56.5;0.526
14/11/2004;14.00.00;2.9;886;262;9.3;383;226;1853;152;1179;228;13.0;72.4;1.101
14/11/2004;15.00.00;2.6;647;180;7.3;383;210;1781;133;1109;228;24.4;56.4;1.146
14/11/2004;16.00.00;0.8;647;84;1.9;383;202;1816;100;854;247;19.8;88.7;0.567
14/11/2004;17.00.00;2.9;774;180;13.5;430;375;1799;133;1206;656;8.6;59.8;1.577
14/11/2004;18.00.00;3.4;869;323;11.7;399;104;1952;96;634;228;3.7;52.7;0.614
14/11/2004;19.00.00;2.4;647;230;8.3;383;359;1830;122;895;546;4.1;68.4;1.182
14/11/2004;20.00.00;3.8;1036;70;13.1;383;2;2019;123;926;228;15.4;24.7;0.487
14/11/2004;21.00.00;0.4;647;111;2.3;383;2;1986;168;1543;228;13.1;38.1;1.221
14/11/2004;22.00.00;2.8;752;337;5.3;383;461;1687;136;1212;552;31.4;59.4;1.206
14/11/2004;23.00.00;0.5;647;264;6.2;383;89;1957;163;1328;228;16.5;36.7;0.708
15/11/2004;00.00.00;0.6;647;100;0.1;383;262;1825;131;1048;369;12.9;73.4;1.151
15/11/2004;01.00.00;1.3;647;50;7.5;383;204;1817;110;917;228;19.5;40.6;1.138
15/11/2004;02.00.00;0.8;647;158;3.9;383;298;1715;137;1195;228;18.7;62.9;0.909
15/11/2004;03.00.00;1.4;647;42;4.8;383;253;1754;129;1016;283;13.4;50.8;1.331
15/11/2004;04.00.00;1.9;647;203;5.3;383;405;1717;95;787;530;18.3;82.1;0.644
15/11/2004;05.00.00;3.3;884;450;15.8;383;27;2030;45;551;228;16.0;61.6;1.496
15/11/2004;06.00.00;1.7;647;66;6.7;383;348;1510;87;591;604;14.1;59.0;1.218
15/11/2004;07.00.00;0.1;647;200;0.4;383;238;1750;87;557;285;14.1;42.9;0.49
15/11/2004;08.00.00;3.7;1005;342;10.9;383;11;1863;139;1061;228;22.3;39.3;1.223
15/11/2004;09.00.00;1.0;647;289;1.8;383;164;1828;109;849;228;13.0;50.2;0.915
15/11/2004;10.00.00;2.1;647;203;6.7;383;2;1950;73;626;228;6.2;58.5;0.766
15/11/2004;11.00.00;2.8;758;204;7.0;383;2;2010;105;862;228;16.9;54.8;1.308
15/11/2004;12.00.00;2.4;647;108;9.1;383;179;1871;97;669;230;17.3;24.3;1.418
15/11/2004;13.00.00;3.7;923;192;10.5;383;427;1828;68;551;538;12.4;43.3;0.18
15/11/2004;14.00.00;2.8;913;241;11.0;383;293;1794;183;1423;372;37.5;54.5;0.978
15/11/2004;15.00.00;0.9;647;322;5.0;383;444;1695;104;812;461;24.0;32.7;0.947
15/11/2004;16.00.00;5.2;1466;159;16.5;421;257;1680;74;606;424;16.2;55.9;0.789
15/11/2004;17.00.00;2.4;647;199;8.9;383;483;1586;33;551;554;12.1;41.5;1.078
15/11/2004;18.00.00;1.9;647;127;7.5;383;467;1539;117;900;698;7.6;59.1;1.416
15/11/2004;19.00.00;3.5;1072;239;8.3;383;100;1967;137;1237;228;8.5;45.2;0.482
15/11/2004;20.00.00;2.5;791;292;11.5;383;256;1798;81;551;380;15.7;49.8;0.701
15/11/2004;21.00.00;2.7;811;277;8.2;383;135;1864;119;887;228;24.6;52.0;0.708
15/11/2004;22.00.00;5.6;1488;106;19.4;401;223;1897;60;551;275;24.9;58.0;1.23
15/11/2004;23.00.00;1.8;647;231;7.1;383;499;1578;101;722;552;20.5;63.5;0.773
16/11/2004;00.00.00;1.7;647;153;0.5;383;147;1988;165;1214;231;23.5;28.9;1.306
16/11/2004;01.00.00;2.3;647;314;6.1;383;64;2054;101;820;228;20.0;48.7;1.367
16/11/2004;02.00.00;3.7;932;202;13.4;383;74;1889;82;551;232;22.6;51.4;0.915
16/11/2004;03.00.00;0.1;647;73;0.4;383;185;1940;177;1342;276;17.5;88.7;1.074
16/11/2004;04.00.00;0.1;647;197;1.7;383;819;1353;122;973;950;12.1;64.3;0.946
16/11/2004;05.00.00;1.3;647;261;4.4;383;471;1591;88;847;531;17.5;51.1;1.814
16/11/2004;06.00.00;0.1;647;241;2.8;383;2;2029;71;556;228;13.2;28.1;0.617
16/11/2004;07.00.00;1.6;647;169;5.2;383;240;1680;57;551;407;20.5;45.9;0.398
16/11/2004;08.00.00;2.9;861;162;12.0;386;149;1837;133;975;228;9.6;88.3;0.18
16/11/2004;09.00.00;0.9;647;124;0.9;383;396;1715;149;1114;558;18.1;23.6;1.086
16/11/2004;10.00.00;0.2;647;180;0.2;383;65;1923;113;720;228;30.8;45.4;1.095
16/11/2004;11.00.00;2.2;696;136;6.0;383;87;2016;103;749;228;34.2;71.5;0.546
16/11/2004;12.00.00;3.4;912;310;11.5;383;158;1841;141;1191;228;25.7;86.7;0.696
16/11/2004;13.00.00;0.1;647;132;0.1;383;140;1897;44;551;228;27.9;45.7;1.396
16/11/2004;14.00.00;3.3;871;229;10.1;383;345;1713;116;945;513;11.0;59.6;1.329
16/11/2004;15.00.00;3.3;1054;223;9.1;383;194;1721;113;928;365;13.4;65.7;0.904
16/11/2004;16.00.00;3.5;966;307;10.2;383;399;1711;132;1122;623;21.3;60.9;0.819
16/11/2004;17.00.00;3.9;1005;321;12.3;383;122;1927;135;1220;228;33.8;54.3;0.802
16/11/2004;18.00.00;5.2;1407;284;12.7;383;378;1542;93;795;416;30.0;72.8;1.143
16/11/2004;19.00.00;1.7;647;251;0.7;383;68;1747;202;1597;228;10.1;69.5;1.149
16/11/2004;20.00.00;2.3;705;118;7.5;383;340;1691;60;551;398;19.6;57.5;1.318
16/11/2004;21.00.00;1.6;647;116;0.1;383;169;1962;90;745;228;25.1;78.7;1.271
16/11/2004;22.00.00;2.2;750;137;6.5;383;382;1911;154;1054;385;29.3;52.2;0.687
16/11/2004;23.00.00;4.3;1227;289;13.0;407;2;1852;82;564;228;16.1;53.0;1.046
17/11/2004;00.00.00;0.3;647;224;1.9;383;126;2029;118;928;228;17.1;45.6;1.19
17/11/2004;01.00.00;0.9;647;300;1.7;383;424;1753;87;652;681;20.2;9.2;0.786
17/11/2004;02.00.00;4.1;1143;313;16.2;416;215;1781;94;743;239;8.9;53.4;0.995
17/11/2004;03.00.00;3.6;989;149;13.1;383;2;2149;50;551;228;17.3;52.4;0.737
17/11/2004;04.00.00;1.6;647;221;2.2;383;137;1927;149;1263;228;23.2;29.3;0.657
17/11/2004;05.00.00;3.3;936;216;10.1;383;304;1738;150;1200;432;15.2;37.7;0.502
17/11/2004;06.00.00;2.6;797;186;11.5;383;121;1760;150;1300;228;32.2;66.5;0.538
17/11/2004;07.00.00;4.3;1155;167;12.2;383;423;1669;92;741;453;22.1;26.5;0.842
17/11/2004;08.00.00;2.3;647;330;7.1;383;412;1673;128;1047;608;6.9;48.8;0.751
17/11/2004;09.00.00;3.6;939;222;14.3;383;348;1900;208;1587;487;13.5;63.8;1.355
17/11/2004;10.00.00;5.8;1734;219;17.6;432;403;1601;126;919;390;2.6;30.4;0.707
17/11/2004;11.00.00;3.0;769;141;11.8;383;167;1795;57;551;295;16.6;50.6;0.937
17/11/2004;12.00.00;2.2;647;282;5.3;383;473;1580;72;576;628;10.5;55.7;1.081
17/11/2004;13.00.00;3.2;860;122;4.3;383;410;1884;69;551;427;18.4;63.9;0.662
17/11/2004;14.00.00;1.6;647;261;7.7;383;226;1726;176;1486;271;16.3;54.2;0.847
17/11/2004;15.00.00;5.5;1595;263;18.5;557;2;2103;131;1059;228;21.2;57.0;0.18
17/11/2004;16.00.00;2.4;647;178;8.7;383;2;1873;37;551;228;29.3;40.9;1.428
17/11/2004;17.00.00;1.8;647;248;3.5;383;397;1716;175;1334;600;28.3;56.3;1.12
17/11/2004;18.00.00;1.0;647;235;1.1;383;2;2006;140;1182;228;31.1;62.5;2.122
17/11/2004;19.00.00;3.7;1045;214;14.1;383;105;1859;121;915;228;17.2;25.5;0.948
17/11/2004;20.00.00;3.4;879;219;11.3;383;318;1802;185;1505;416;15.6;56.9;1.259
17/11/2004;21.00.00;1.5;647;223;4.4;383;47;1898;102;802;228;11.9;88.7;1.384
17/11/2004;22.00.00;3.0;826;230;9.9;383;618;1376;178;1384;576;13.0;39.9;1.073
17/11/2004;23.00.00;0.1;647;223;3.3;383;282;1749;6;551;425;21.4;51.9;0.403
18/11/2004;00.00.00;2.4;769;113;9.2;383;472;1548;77;726;663;7.6;36.1;1.853
18/11/2004;01.00.00;2.8;727;203;8.0;383;405;1696;151;1127;541;15.0;70.1;0.915
18/11/2004;02.00.00;4.5;1318;243;11.7;383;2;1975;193;1479;228;7.8;57.6;0.858
18/11/2004;03.00.00;1.1;647;227;4.6;383;359;1837;54;551;421;18.2;47.8;1.06
18/11/2004;04.00.00;0.4;647;308;0.1;383;243;1779;92;735;327;9.8;62.7;1.669
18/11/2004;05.00.00;0.9;647;276;0.5;383;236;1832;120;993;228;7.0;65.1;1.342
18/11/2004;06.00.00;0.3;647;135;3.5;383;242;1713;67;664;228;17.0;29.2;1.36
18/11/2004;07.00.00;4.0;1119;202;14.6;383;407;1639;100;922;384;5.6;56.8;0.914
18/11/2004;08.00.00;4.3;1354;188;14.6;452;497;1528;188;1467;624;20.1;55.1;1.607
18/11/2004;09.00.00;2.6;735;217;5.8;383;63;2043;63;600;228;13.9;49.2;0.909
18/11/2004;10.00.00;3.9;1213;217;15.9;417;257;1733;101;683;397;18.8;49.2;0.451
18/11/2004;11.00.00;2.3;672;276;9.5;383;460;1579;126;868;413;3.1;62.8;0.973
18/11/2004;12.00.00;2.0;647;234;5.8;383;214;1852;135;1086;278;28.7;24.9;0.997
18/11/2004;13.00.00;1.7;647;334;4.4;383;277;1721;71;565;470;8.7;40.7;0.607
18/11/2004;14.00.00;1.7;647;240;5.6;383;279;1889;104;887;344;32.3;51.0;0.762
18/11/2004;15.00.00;0.1;647;139;0.1;383;569;1700;99;836;755;14.5;40.1;0.72
18/11/2004;16.00.00;2.5;743;173;12.5;399;360;1639;127;1075;620;28.4;47.6;1.503
18/11/2004;17.00.00;2.1;647;275;5.9;383;562;1617;56;580;784;25.6;43.3;0.828
18/11/2004;18.00.00;3.2;735;64;8.1;383;512;1522;174;1549;501;14.4;67.0;1.255
18/11/2004;19.00.00;2.3;713;90;10.5;383;211;1802;125;1073;228;23.5;49.1;1.299
18/11/2004;20.00.00;1.9;647;219;5.0;383;292;1821;164;1312;379;15.4;78.5;1.365
18/11/2004;21.00.00;0.9;647;308;4.5;383;559;1563;85;668;666;16.2;49.1;1.264
18/11/2004;22.00.00;2.3;664;342;8.6;383;71;1956;54;551;228;23.9;67.7;1.126
18/11/2004;23.00.00;3.2;871;197;10.1;383;362;1797;67;551;433;5.6;58.6;0.18
19/11/2004;00.00.00;0.5;647;318;0.1;383;363;1796;146;1246;431;13.3;73.5;0.284
19/11/2004;01.00.00;2.3;704;224;7.2;383;203;1841;91;817;331;21.7;43.7;0.657
19/11/2004;02.00.00;2.5;824;72;5.6;383;187;1799;35;551;228;25.3;52.8;0.763
19/11/2004;03.00.00;1.1;647;217;3.6;383;208;1833;121;960;289;19.4;26.9;0.734
19/11/2004;04.00.00;1.3;647;159;5.8;383;353;1636;97;639;373;12.6;24.8;1.063
19/11/2004;05.00.00;2.5;647;305;11.3;383;471;1685;98;783;627;21.8;63.7;1.057
19/11/2004;06.00.00;0.6;647;215;0.1;383;359;1697;30;551;401;15.4;36.6;0.405
19/11/2004;07.00.00;2.6;647;96;7.9;383;53;1868;40;551;228;35.6;66.1;1.339
19/11/2004;08.00.00;0.9;647;75;1.8;383;476;1726;86;651;527;19.5;48.4;1.125
19/11/2004;09.00.00;3.6;1065;216;12.2;383;428;1656;68;551;355;4.8;64.4;0.885
19/11/2004;10.00.00;5.4;1565;7;14.3;412;208;1773;85;559;278;14.1;62.8;1.005
19/11/2004;11.00.00;0.9;647;168;1.2;383;145;1974;152;1342;228;10.8;9.2;1.47
19/11/2004;12.00.00;2.9;934;239;5.9;383;107;2014;61;551;248;6.9;44.1;1.042
19/11/2004;13.00.00;1.1;647;117;0.7;383;410;1520;69;565;537;8.5;31.3;1.229
19/11/2004;14.00.00;3.6;961;312;10.2;383;2;2086;87;779;228;16.6;9.2;0.46
19/11/2004;15.00.00;0.4;647;331;4.6;383;414;1681;66;647;474;11.3;37.5;0.954
19/11/2004;16.00.00;2.8;720;121;9.7;383;176;1936;102;736;228;20.2;21.1;0.818
19/11/2004;17.00.00;0.9;647;189;3.1;383;289;1762;162;1400;228;20.2;48.4;0.775
19/11/2004;18.00.00;1.9;647;312;8.6;383;2;2028;99;806;228;16.2;36.1;0.929
19/11/2004;19.00.00;0.7;647;217;3.0;383;2;1974;125;1048;228;17.7;57.6;1.11
19/11/2004;20.00.00;3.3;1030;85;11.5;383;142;1965;2;551;228;32.5;50.5;1.083
19/11/2004;21.00.00;1.0;647;204;2.2;383;106;1861;116;984;228;30.1;64.5;1.132
19/11/2004;22.00.00;2.9;803;136;8.1;383;362;1792;183;1396;483;19.5;63.6;0.18
19/11/2004;23.00.00;1.7;647;323;2.7;383;292;1780;117;777;365;19.5;63.3;1.133
20/11/2004;00.00.00;2.0;647;275;5.2;383;541;1627;119;1004;545;22.1;54.2;1.228
20/11/2004;01.00.00;2.4;788;188;7.0;383;324;1659;126;1046;497;21.2;43.2;0.534
20/11/2004;02.00.00;1.1;647;231;4.2;383;146;1916;188;1442;228;21.3;40.7;1.246
20/11/2004;03.00.00;2.4;659;93;7.7;383;433;1696;177;1438;449;5.5;37.3;1.419
20/11/2004;04.00.00;4.3;1180;146;13.0;419;175;2008;63;551;293;18.4;45.6;1.067
20/11/2004;05.00.00;1.1;647;365;1.6;383;166;1922;170;1394;228;24.0;63.9;0.908
20/11/2004;06.00.00;3.8;1022;223;12.9;383;246;1755;179;1325;282;16.3;65.5;0.998
20/11/2004;07.00.00;4.2;1223;306;12.6;383;493;1554;30;551;714;11.1;23.0;0.606
20/11/2004;08.00.00;1.0;647;240;3.9;383;406;1735;114;1082;519;17.1;52.3;0.833
20/11/2004;09.00.00;0.1;647;342;0.1;383;402;1635;138;1128;531;18.5;50.1;1.125
20/11/2004;10.00.00;2.6;950;28;8.9;383;545;1521;2;551;646;6.8;31.1;1.568
20/11/2004;11.00.00;1.4;647;200;5.9;383;398;1612;80;689;425;13.6;61.9;1.325
20/11/2004;12.00.00;4.8;1343;374;16.5;383;58;1964;78;651;228;23.7;81.8;0.248
20/11/2004;13.00.00;2.2;647;308;6.6;383;328;1754;82;568;228;21.2;41.6;0.605
20/11/2004;14.00.00;1.0;647;343;5.1;383;494;1578;163;1418;646;20.3;48.4;0.777
20/11/2004;15.00.00;0.5;647;217;0.1;383;13;2124;110;918;228;30.3;58.0;1.183
20/11/2004;16.00.00;3.7;878;166;11.6;383;243;1850;133;1110;228;19.2;88.7;1.022
20/11/2004;17.00.00;1.4;647;120;3.9;383;82;2074;117;1019;228;19.2;64.2;2.141
20/11/2004;18.00.00;2.2;682;113;9.1;383;265;1797;231;1928;228;27.4;37.8;1.262
20/11/2004;19.00.00;3.5;1132;294;7.1;383;419;1605;160;1385;674;17.9;36.0;1.184
20/11/2004;20.00.00;1.5;647;266;2.6;383;451;1559;112;933;495;21.9;49.0;1.229
20/11/2004;21.00.00;2.1;672;211;10.2;383;217;1815;100;733;228;3.5;47.7;1.077
20/11/2004;22.00.00;2.1;647;266;1.9;383;347;1782;79;669;476;22.1;62.1;1.471
20/11/2004;23.00.00;3.1;862;231;11.6;383;15;1963;66;551;228;15.2;49.0;0.909
21/11/2004;00.00.00;3.0;920;309;8.1;383;2;2066;55;551;228;17.4;52.7;0.553
21/11/2004;01.00.00;1.8;648;308;6.4;383;417;1778;160;1397;504;29.8;36.2;1.181
21/11/2004;02.00.00;2.2;731;116;10.0;383;2;1933;70;551;228;21.0;46.6;1.425
21/11/2004;03.00.00;1.6;647;243;5.8;383;140;1799;143;1168;228;21.2;57.4;1.068
21/11/2004;04.00.00;0.1;647;59;3.2;383;349;1796;88;652;482;14.1;86.0;0.865
21/11/2004;05.00.00;2.5;725;230;7.0;383;279;1797;76;611;233;16.5;48.4;2.033
21/11/2004;06.00.00;4.8;1322;275;14.6;383;2;2024;97;851;228;28.9;53.7;0.512
21/11/2004;07.00.00;0.9;647;93;4.5;383;326;1794;199;1755;272;21.5;40.6;1.001
21/11/2004;08.00.00;1.1;647;178;2.5;383;114;1786;258;1953;228;31.3;35.8;1.281
21/11/2004;09.00.00;0.9;647;218;4.2;383;264;1823;95;765;228;11.0;57.7;0.957
21/11/2004;10.00.00;3.2;1020;240;12.5;383;150;1894;91;551;244;5.9;57.1;1.037
21/11/2004;11.00.00;2.8;751;191;10.6;383;140;1924;158;1236;268;16.2;26.7;0.885
21/11/2004;12.00.00;1.9;647;106;3.0;383;2;1922;120;972;228;25.8;25.8;1.242
21/11/2004;13.00.00;0.9;647;212;2.1;383;191;1853;81;666;228;19.9;65.2;1.085
21/11/2004;14.00.00;2.3;788;61;7.9;383;435;1613;136;1223;460;8.0;35.9;1.138
21/11/2004;15.00.00;0.1;647;195;0.1;383;181;1938;149;1180;298;14.1;51.4;0.733
21/11/2004;16.00.00;2.4;713;176;7.7;383;188;1842;101;936;230;22.8;54.0;1.194
21/11/2004;17.00.00;3.4;999;205;11.4;383;138;1841;102;842;228;25.8;51.8;0.333
21/11/2004;18.00.00;0.4;647;164;0.2;383;49;1881;195;1521;228;12.4;44.8;1.243
21/11/2004;19.00.00;0.1;647;74;0.1;383;93;1995;73;604;228;28.5;59.9;2.052
21/11/2004;20.00.00;4.4;1147;183;11.6;383;279;1854;87;706;433;23.6;69.3;1.192
21/11/2004;21.00.00;1.3;647;306;3.2;383;622;1656;90;742;662;12.5;49.0;0.989
21/11/2004;22.00.00;3.7;958;337;8.9;383;395;1658;194;1500;579;32.9;25.4;1.247
21/11/2004;23.00.00;1.9;647;449;6.4;383;340;1646;18;551;394;13.7;29.8;1.028
22/11/2004;00.00.00;1.9;647;378;5.8;383;550;1549;152;1310;758;15.1;73.1;1.672
22/11/2004;01.00.00;2.8;765;104;7.0;383;317;1690;111;977;364;24.8;35.7;1.492
22/11/2004;02.00.00;0.9;647;179;6.5;383;410;1621;200;1534;559;15.8;65.2;0.924
22/11/2004;03.00.00;2.3;647;215;7.0;383;278;1814;130;1029;268;30.3;26.2;0.624
22/11/2004;04.00.00;1.6;647;209;5.7;383;315;1835;9;551;412;27.0;27.7;1.088
22/11/2004;05.00.00;0.3;647;224;0.1;383;30;2008;190;1587;228;21.2;56.4;1.087
22/11/2004;06.00.00;2.6;819;446;7.6;383;198;1850;101;828;228;24.7;36.7;1.164
22/11/2004;07.00.00;1.8;647;115;6.3;383;160;1937;15;551;322;14.0;71.5;1.437
22/11/2004;08.00.00;1.9;647;150;5.5;383;151;1860;93;742;228;15.1;48.6;1.732
22/11/2004;09.00.00;0.5;647;374;1.5;383;142;2001;114;1041;258;7.1;33.7;0.856
22/11/2004;10.00.00;4.4;1381;159;15.6;383;464;1867;62;705;518;21.0;27.6;0.451
22/11/2004;11.00.00;3.4;1035;255;9.8;383;189;1797;39;551;289;35.4;80.7;0.589
22/11/2004;12.00.00;3.5;856;316;8.5;383;223;1917;127;1047;302;13.4;45.7;0.728
22/11/2004;13.00.00;1.7;647;264;2.5;383;592;1622;53;551;683;3.0;47.5;1.427
22/11/2004;14.00.00;0.1;647;236;3.2;383;364;1750;63;551;366;23.8;45.3;0.275
22/11/2004;15.00.00;4.9;1306;307;17.5;383;247;1905;178;1439;277;20.6;52.6;1.059
22/11/2004;16.00.00;2.1;647;133;7.9;383;407;1702;97;832;451;22.4;52.9;0.515
22/11/2004;17.00.00;1.1;647;170;2.7;383;143;1937;54;551;228;15.2;49.5;0.927
22/11/2004;18.00.00;2.7;702;268;6.1;383;181;1861;70;619;228;4.1;19.5;0.809
22/11/2004;19.00.00;3.8;996;21;11.5;383;190;1858;131;1022;228;10.5;61.5;0.3
22/11/2004;20.00.00;2.1;647;352;6.6;383;284;1823;133;1146;242;2.6;44.7;1.238
22/11/2004;21.00.00;3.9;1092;246;10.3;383;317;1779;144;1192;347;25.4;67.0;0.618
22/11/2004;22.00.00;3.7;1025;232;8.8;383;100;1835;151;1242;228;22.5;76.9;1.107
22/11/2004;23.00.00;0.6;647;63;0.1;383;308;1794;129;995;309;15.6;48.8;1.748
23/11/2004;00.00.00;1.2;647;95;5.2;383;338;1709;142;1130;436;9.2;52.0;0.617
23/11/2004;01.00.00;3.5;836;180;8.8;383;174;1815;90;691;228;15.6;43.5;1.23
23/11/2004;02.00.00;0.1;647;294;0.9;383;220;1901;59;551;343;4.2;26.6;0.704
23/11/2004;03.00.00;1.9;647;20;5.4;383;72;1867;178;1317;228;13.6;73.5;0.376
23/11/2004;04.00.00;0.1;647;292;1.6;383;15;1966;155;1185;228;35.8;42.3;1.646
23/11/2004;05.00.00;1.5;647;183;5.4;383;70;1858;99;892;228;19.6;52.6;1.071
23/11/2004;06.00.00;1.7;647;196;5.1;383;356;1682;81;663;530;37.0;19.7;1.152
23/11/2004;07.00.00;1.6;647;242;5.5;383;326;1930;222;1879;411;3.4;30.3;0.437
23/11/2004;08.00.00;1.4;647;243;4.2;383;540;1506;69;623;754;16.5;10.8;0.719
23/11/2004;09.00.00;0.6;647;150;0.7;383;251;1786;123;1065;372;9.3;51.5;0.812
23/11/2004;10.00.00;5.4;1488;277;19.1;487;253;1908;80;680;288;13.3;33.6;0.975
23/11/2004;11.00.00;4.8;1103;7;14.4;383;297;1797;93;693;308;17.9;41.0;1.344
23/11/2004;12.00.00;0.5;647;175;1.5;383;82;1922;76;621;228;14.4;51.4;1.193
23/11/2004;13.00.00;4.4;1221;232;11.1;383;384;1637;9;551;438;9.2;22.9;0.817
23/11/2004;14.00.00;1.6;647;185;5.6;383;304;1810;131;1040;308;13.7;39.6;0.684
23/11/2004;15.00.00;2.3;806;44;6.2;383;101;1893;144;1112;228;10.3;52.9;0.845
23/11/2004;16.00.00;2.1;647;290;5.6;383;302;1931;81;551;517;20.4;51.2;0.928
23/11/2004;17.00.00;1.2;647;99;2.2;383;362;1687;238;1938;326;25.2;11.8;0.81
23/11/2004;18.00.00;3.5;1104;211;11.0;383;42;2101;126;1039;228;27.5;56.3;0.911
23/11/2004;19.00.00;2.3;647;232;3.4;383;407;1743;121;1069;520;19.4;29.7;1.458
23/11/2004;20.00.00;1.5;647;219;6.1;383;177;1927;131;954;228;17.7;52.2;0.783
23/11/2004;21.00.00;0.3;647;329;1.0;383;2;1985;84;762;228;5.8;52.5;0.65
23/11/2004;22.00.00;0.9;647;212;1.9;383;394;1647;66;551;364;17.3;72.3;1.143
23/11/2004;23.00.00;0.1;647;258;0.1;383;451;1618;76;599;574;19.8;49.0;0.697
24/11/2004;00.00.00;2.2;659;212;7.8;383;74;2024;86;852;228;15.4;41.2;0.91
24/11/2004;01.00.00;0.5;647;276;0.3;383;2;2040;139;1116;228;8.6;31.6;0.487
24/11/2004;02.00.00;1.8;647;350;8.3;383;449;1491;94;700;583;24.1;55.1;1.036
24/11/2004;03.00.00;4.1;1145;231;14.0;450;151;1775;142;1134;228;11.4;24.0;0.893
24/11/2004;04.00.00;3.8;1093;292;15.3;415;451;1627;52;551;413;25.1;36.0;0.64
24/11/2004;05.00.00;2.1;647;356;7.0;383;2;2041;82;634;228;24.5;9.2;0.774
24/11/2004;06.00.00;2.0;647;346;8.6;383;460;1612;78;661;485;1.0;23.5;0.875
24/11/2004;07.00.00;4.8;1335;181;16.2;383;410;1631;2;551;404;24.7;64.8;1.746
24/11/2004;08.00.00;2.9;828;316;8.3;383;328;1658;91;772;498;16.4;34.2;0.808
24/11/2004;09.00.00;1.7;647;241;5.8;383;2;2071;63;588;228;4.8;43.3;1.742
24/11/2004;10.00.00;0.2;647;324;0.1;383;190;1855;134;1237;228;13.1;33.0;1.122
24/11/2004;11.00.00;2.7;648;272;12.8;383;400;1814;148;1192;544;25.8;66.5;0.536
24/11/2004;12.00.00;3.3;1013;244;10.4;383;2;1894;45;551;228;18.0;42.4;1.085
24/11/2004;13.00.00;1.3;647;259;4.1;383;166;1922;101;714;228;12.8;49.5;1.113
24/11/2004;14.00.00;2.6;762;242;9.0;383;306;1798;51;551;375;18.8;35.5;1.451
24/11/2004;15.00.00;1.6;647;245;3.1;383;68;2012;128;1137;228;16.9;82.8;0.88
24/11/2004;16.00.00;1.9;647;202;8.7;383;444;1710;80;695;408;8.3;25.8;1.43
24/11/2004;17.00.00;0.1;647;194;0.1;383;414;1627;87;588;531;8.2;39.7;1.381
24/11/2004;18.00.00;1.8;647;385;3.4;383;283;1759;102;788;415;19.7;72.9;0.545
24/11/2004;19.00.00;3.5;928;263;10.9;383;312;1763;126;1017;447;23.0;46.2;0.558
24/11/2004;20.00.00;1.3;647;163;1.5;383;163;1789;115;856;228;14.7;56.5;0.315
24/11/2004;21.00.00;2.2;647;191;10.2;383;336;1813;131;1226;474;19.9;59.6;1.368
24/11/2004;22.00.00;1.1;647;318;3.0;383;154;1678;147;1212;238;11.8;58.1;0.48
24/11/2004;23.00.00;2.7;775;148;2.1;383;215;1734;106;927;295;33.0;67.7;1.465
25/11/2004;00.00.00;1.8;647;77;6.3;383;170;1729;63;582;228;17.9;62.3;1.548
25/11/2004;01.00.00;0.8;647;84;3.8;383;465;1715;36;551;516;3.3;15.9;1.866
25/11/2004;02.00.00;4.0;1003;53;12.0;399;430;1672;76;551;575;9.8;61.4;1.251
25/11/2004;03.00.00;3.5;984;94;8.3;383;92;1883;123;1053;228;15.5;42.5;1.307
25/11/2004;04.00.00;1.3;647;105;4.0;383;450;1647;46;551;524;26.3;57.5;0.986
25/11/2004;05.00.00;2.8;968;349;8.1;383;123;1922;164;1286;228;23.2;29.0;0.407
25/11/2004;06.00.00;2.9;927;213;7.3;383;529;1477;62;551;672;12.7;62.0;0.537
25/11/2004;07.00.00;3.0;794;183;7.6;383;486;1622;107;927;575;5.4;41.6;0.783
25/11/2004;08.00.00;0.1;647;80;0.6;383;581;1645;183;1544;642;16.2;41.0;1.231
25/11/2004;09.00.00;3.6;1016;204;13.2;383;290;1892;104;925;354;12.5;63.5;0.819
25/11/2004;10.00.00;1.4;647;52;5.3;383;203;1905;60;551;312;16.4;39.5;0.78
25/11/2004;11.00.00;1.6;647;182;1.8;383;199;1860;2;551;228;17.5;49.1;1.696
25/11/2004;12.00.00;5.8;1554;414;19.9;523;303;1831;132;849;456;20.1;51.3;0.709
25/11/2004;13.00.00;2.6;662;281;9.8;383;90;1983;127;1027;228;16.8;53.3;0.528
25/11/2004;14.00.00;1.6;647;198;7.9;383;2;1908;140;1080;228;0.7;43.5;1.388
25/11/2004;15.00.00;0.1;647;284;0.1;383;184;1779;118;770;285;20.0;43.3;1.401
25/11/2004;16.00.00;4.1;1181;168;13.0;383;252;1848;87;849;267;21.4;40.5;1.41
25/11/2004;17.00.00;0.3;647;141;2.0;383;330;1681;75;621;288;13.3;63.9;0.763
25/11/2004;18.00.00;0.7;647;379;1.3;383;306;1672;115;777;324;6.8;51.5;0.773
25/11/2004;19.00.00;1.7;647;109;6.5;383;267;1889;160;1314;296;22.3;65.4;1.602
25/11/2004;20.00.00;4.1;1228;184;13.2;383;424;1665;2;551;483;15.8;61.8;0.868
25/11/2004;21.00.00;3.2;1107;247;8.7;383;112;1904;158;1360;228;11.4;60.4;1.081
25/11/2004;22.00.00;1.9;647;129;4.7;383;143;1789;99;869;228;18.9;40.6;1.61
25/11/2004;23.00.00;2.6;786;279;10.8;383;568;1509;104;741;675;26.4;50.4;0.725
26/11/2004;00.00.00;1.3;647;188;2.2;383;2;1970;146;1127;228;13.9;16.1;0.74
26/11/2004;01.00.00;2.3;647;281;5.2;383;417;1593;104;768;585;15.9;23.3;0.887
26/11/2004;02.00.00;2.3;647;273;7.9;383;332;1637;123;992;488;15.4;9.2;1.132
26/11/2004;03.00.00;3.5;966;194;11.2;383;245;1943;34;551;296;8.0;43.4;0.542
26/11/2004;04.00.00;3.5;1178;380;8.6;383;383;1806;99;832;535;17.2;70.9;0.522
26/11/2004;05.00.00;2.8;771;154;8.1;383;355;1706;137;1025;478;31.0;59.8;0.817
26/11/2004;06.00.00;1.6;647;346;3.6;383;22;1875;94;738;228;3.8;37.0;1.275
26/11/2004;07.00.00;3.2;738;329;8.9;383;96;1784;97;860;228;16.1;72.2;1.176
26/11/2004;08.00.00;2.0;647;386;11.5;383;172;1825;120;1007;228;24.4;45.0;0.862
26/11/2004;09.00.00;0.6;647;234;1.4;383;2;1818;133;1101;228;8.7;74.1;1.218
26/11/2004;10.00.00;1.6;647;143;3.3;383;244;1768;186;1418;342;19.5;21.3;0.528
26/11/2004;11.00.00;2.3;647;415;11.3;383;343;1563;134;1085;453;25.0;49.6;1.026
26/11/2004;12.00.00;3.4;955;186;12.7;383;424;1652;177;1332;545;5.9;31.8;0.994
26/11/2004;13.00.00;1.9;647;140;7.5;383;257;1809;108;800;320;30.4;46.9;1.529
26/11/2004;14.00.00;0.5;647;199;0.1;383;131;1879;2;551;228;17.0;18.1;1.152
26/11/2004;15.00.00;2.2;785;124;9.5;383;280;1949;92;877;228;14.5;37.3;0.2
26/11/2004;16.00.00;2.3;647;267;9.0;383;233;1796;74;734;310;5.8;64.7;0.495
26/11/2004;17.00.00;2.4;647;160;8.0;383;366;1845;109;799;498;12.8;58.2;1.154
26/11/2004;18.00.00;3.4;869;190;7.6;383;239;1832;97;718;229;4.0;57.9;0.224
26/11/2004;19.00.00;3.6;1017;309;11.4;383;382;1855;125;979;594;1.2;47.0;0.977
26/11/2004;20.00.00;1.3;647;277;7.7;383;206;1694;80;744;228;19.3;38.8;0.785
26/11/2004;21.00.00;1.3;647;219;4.6;383;443;1558;123;1035;626;18.9;44.6;0.982
26/11/2004;22.00.00;0.7;647;234;1.5;383;273;1758;130;1156;228;4.6;56.3;0.736
26/11/2004;23.00.00;3.1;913;219;9.6;383;154;2004;114;1052;228;19.5;58.6;1.359
27/11/2004;00.00.00;4.2;1173;177;13.1;383;195;1824;42;551;261;7.5;22.1;0.845
27/11/2004;01.00.00;1.7;647;217;3.9;383;357;1659;155;1271;403;19.2;50.9;1.184
27/11/2004;02.00.00;1.8;647;264;5.7;383;51;2007;142;1250;228;22.0;55.3;1.175
27/11/2004;03.00.00;4.2;982;206;16.3;416;226;1891;103;916;292;1.1;37.4;0.511
27/11/2004;04.00.00;2.9;819;257;11.8;383;409;1610;26;551;606;17.7;58.3;1.114
27/11/2004;05.00.00;2.8;775;138;7.3;383;325;1684;127;1057;350;23.0;30.2;0.772
27/11/2004;06.00.00;0.5;647;160;4.1;383;69;2079;87;784;228;8.7;54.4;1.157
27/11/2004;07.00.00;3.1;908;148;11.4;387;293;1865;86;668;334;15.2;9.2;0.564
27/11/2004;08.00.00;0.8;647;164;4.0;383;40;2088;109;828;228;24.4;39.9;0.875
27/11/2004;09.00.00;0.6;647;340;2.7;383;274;1855;182;1435;275;15.0;37.2;1.156
27/11/2004;10.00.00;1.7;647;286;3.5;383;457;1566;120;1142;479;26.2;71.7;1.13
27/11/2004;11.00.00;1.3;647;115;3.4;383;257;1791;107;778;228;29.4;43.3;0.633
27/11/2004;12.00.00;1.8;647;259;7.6;383;72;1856;87;779;228;28.9;31.6;1.114
27/11/2004;13.00.00;0.1;647;180;0.1;383;216;1904;114;1074;228;13.7;66.1;1.164
27/11/2004;14.00.00;3.5;918;153;9.1;383;275;1735;112;935;324;9.4;49.9;0.435
27/11/2004;15.00.00;3.7;1112;76;12.5;383;413;1532;141;1110;506;22.8;53.8;0.327
27/11/2004;16.00.00;0.1;647;310;0.1;383;411;1679;87;744;522;16.8;37.9;1.24
27/11/2004;17.00.00;3.5;1002;88;12.9;383;79;2026;74;552;228;17.1;73.0;0.528
27/11/2004;18.00.00;1.0;647;213;1.7;383;196;1732;91;661;228;33.4;43.2;1.039
27/11/2004;19.00.00;3.3;997;128;11.2;383;306;1745;108;978;304;16.7;43.8;0.935
27/11/2004;20.00.00;2.1;647;291;7.2;383;153;1832;111;998;228;12.2;55.7;0.791
27/11/2004;21.00.00;2.2;668;186;6.0;383;322;1821;112;874;386;-1.9;57.4;1.625
27/11/2004;22.00.00;1.9;647;205;5.6;383;39;1804;65;551;228;9.2;88.7;0.587
27/11/2004;23.00.00;3.8;1172;208;11.0;383;285;1862;108;888;393;15.5;67.7;0.672
28/11/2004;00.00.00;0.4;647;246;1.3;383;403;1621;145;1158;411;25.2;53.1;1.261
28/11/2004;01.00.00;3.0;801;219;7.7;383;254;1783;174;1327;438;29.1;31.2;1.126
28/11/2004;02.00.00;3.7;1052;213;11.4;383;272;1850;160;1160;228;18.7;30.9;1.054
28/11/2004;03.00.00;3.2;811;168;11.6;383;375;1818;110;763;492;14.7;49.9;1.112
28/11/2004;04.00.00;5.4;1357;68;15.0;383;178;1861;105;747;228;13.8;80.0;0.77
28/11/2004;05.00.00;1.4;647;111;3.5;383;341;1669;172;1298;395;20.9;72.2;0.575
28/11/2004;06.00.00;3.5;934;286;12.2;383;241;1764;107;878;338;11.7;57.5;1.625
28/11/2004;07.00.00;2.0;647;188;2.2;383;107;2007;154;1172;228;24.9;23.9;0.545
28/11/2004;08.00.00;3.9;1008;154;16.1;383;384;1622;111;830;435;27.3;31.5;0.205
28/11/2004;09.00.00;2.1;647;84;8.9;383;460;1658;2;551;465;27.8;42.6;0.708
28/11/2004;10.00.00;1.6;647;54;2.1;383;423;1661;144;1060;614;6.3;47.8;1.323
28/11/2004;11.00.00;4.0;1052;151;8.5;383;384;1753;159;1174;417;20.8;42.0;0.193
28/11/2004;12.00.00;1.5;647;302;4.7;383;324;1743;97;771;342;16.3;69.0;0.662
28/11/2004;13.00.00;0.2;647;165;0.1;383;301;1724;57;551;466;3.9;72.5;1.363
28/11/2004;14.00.00;1.4;647;256;6.5;383;231;1774;186;1608;228;17.5;42.2;0.496
28/11/2004;15.00.00;3.0;934;160;10.4;383;144;1842;105;852;305;14.9;41.3;1.072
28/11/2004;16.00.00;4.1;1167;278;13.4;384;2;1888;96;856;228;14.3;42.5;1.001
28/11/2004;17.00.00;2.3;647;184;6.2;383;6;2035;134;1013;228;30.8;41.2;1.024
28/11/2004;18.00.00;4.0;1142;100;16.0;485;248;1818;244;2000;339;5.8;55.6;1.247
28/11/2004;19.00.00;0.2;647;192;2.3;383;50;1842;136;1020;228;17.4;43.9;0.495
28/11/2004;20.00.00;1.5;647;392;6.1;383;309;1720;121;1007;424;19.5;67.2;1.365
28/11/2004;21.00.00;1.7;647;388;8.0;383;513;1567;116;865;530;-1.9;45.2;0.52
28/11/2004;22.00.00;2.0;647;264;4.3;383;2;1951;192;1480;228;18.4;35.8;0.807
28/11/2004;23.00.00;2.3;647;204;9.8;383;97;1912;138;1102;252;19.8;49.1;0.859
29/11/2004;00.00.00;3.1;917;246;9.4;383;580;1527;154;1365;651;24.7;46.0;1.169
29/11/2004;01.00.00;1.5;647;248;5.6;383;373;1772;127;1089;537;-1.9;49.5;0.37
29/11/2004;02.00.00;2.3;647;214;7.2;383;228;1816;138;1051;228;17.6;44.8;1.647
29/11/2004;03.00.00;2.1;647;259;2.9;383;164;1915;99;712;315;14.0;14.9;0.887
29/11/2004;04.00.00;0.9;647;237;4.6;383;335;1620;121;903;393;20.8;38.0;1.316
29/11/2004;05.00.00;2.0;651;187;2.7;383;395;1598;80;692;510;20.7;63.8;0.508
29/11/2004;06.00.00;1.9;647;104;4.3;383;51;1848;88;726;228;20.1;40.0;0.787
29/11/2004;07.00.00;1.9;647;174;5.2;383;474;1588;136;1144;570;19.0;17.6;0.18
29/11/2004;08.00.00;2.2;647;293;3.1;383;306;1758;79;592;259;17.4;50.6;1.335
29/11/2004;09.00.00;2.3;647;215;5.0;383;389;1821;119;980;426;19.0;64.3;0.591
29/11/2004;10.00.00;1.5;647;246;5.4;383;402;1611;95;784;425;3.2;77.0;0.535
29/11/2004;11.00.00;3.9;1028;191;11.9;383;293;1832;59;573;247;42.4;61.1;1.216
29/11/2004;12.00.00;0.5;647;117;1.1;383;314;1682;123;1117;383;23.2;66.6;0.18
29/11/2004;13.00.00;1.1;647;195;1.8;383;325;1741;150;1274;502;31.3;62.8;0.911
29/11/2004;14.00.00;6.0;1639;120;19.4;383;191;1834;49;551;228;18.0;51.6;1.713
29/11/2004;15.00.00;0.7;647;114;1.6;383;345;1649;142;1136;548;22.4;29.6;0.597
29/11/2004;16.00.00;0.3;647;332;0.1;383;206;1767;59;551;236;5.1;47.3;0.644
29/11/2004;17.00.00;3.2;1017;178;9.8;383;246;1930;178;1422;259;31.3;60.7;1.372
29/11/2004;18.00.00;0.1;647;147;0.1;383;485;1569;140;1111;560;28.8;50.0;0.524
29/11/2004;19.00.00;1.8;647;371;7.6;383;240;1887;49;551;468;10.4;68.8;1.57
29/11/2004;20.00.00;5.2;1390;295;15.7;394;309;1806;153;1230;401;13.2;53.0;1.437
29/11/2004;21.00.00;0.1;647;182;5.4;383;219;1775;83;654;293;16.6;43.1;1.208
29/11/2004;22.00.00;0.1;647;258;2.3;383;190;1847;66;551;277;21.2;56.2;0.613
29/11/2004;23.00.00;0.1;647;195;0.1;383;541;1576;147;1170;543;16.3;36.0;0.961
30/11/2004;00.00.00;3.4;884;152;12.1;383;21;2021;170;1431;228;23.5;50.1;0.89
30/11/2004;01.00.00;3.7;991;263;7.7;383;253;1764;135;1017;238;20.0;44.3;1.035
30/11/2004;02.00.00;1.4;647;187;6.5;383;62;1829;95;868;228;20.2;31.2;1.124
30/11/2004;03.00.00;3.1;938;225;8.3;383;437;1593;121;1055;488;18.3;61.5;0.788
30/11/2004;04.00.00;4.1;1194;315;13.3;383;236;1903;85;687;264;29.0;33.0;0.784
30/11/2004;05.00.00;4.7;1218;304;13.4;383;174;1858;104;646;228;24.8;53.5;1.29
30/11/2004;06.00.00;1.8;647;165;4.5;383;2;1964;132;886;228;15.1;42.7;1.929
30/11/2004;07.00.00;0.1;647;264;0.1;383;487;1492;44;551;540;25.4;54.4;0.512
30/11/2004;08.00.00;1.0;647;110;3.4;383;42;2064;134;1129;228;11.1;49.7;1.3
30/11/2004;09.00.00;1.6;647;260;4.9;383;320;1727;45;551;387;13.7;38.9;1.212
30/11/2004;10.00.00;1.8;647;232;5.7;383;388;1776;51;551;325;25.0;48.4;1.188
30/11/2004;11.00.00;1.9;647;254;2.8;383;578;1591;144;1113;696;22.6;50.3;1.095
30/11/2004;12.00.00;3.7;999;189;16.6;482;161;1934;72;551;295;20.1;70.5;0.781
30/11/2004;13.00.00;3.9;874;415;13.1;383;115;2040;65;571;228;21.8;80.4;1.058
30/11/2004;14.00.00;1.9;647;132;7.0;383;180;1865;98;791;275;31.1;32.2;0.882
30/11/2004;15.00.00;3.7;1082;310;11.1;383;155;1864;84;638;297;17.6;37.6;1.222
30/11/2004;16.00.00;2.7;744;119;6.7;383;2;2123;124;994;228;18.0;9.5;1.184
30/11/2004;17.00.00;2.2;753;265;7.5;383;496;1669;121;963;549;29.0;29.2;0.18
30/11/2004;18.00.00;3.4;1080;272;11.5;383;182;1797;65;602;228;9.6;33.1;1.073
30/11/2004;19.00.00;2.3;664;223;9.8;383;221;1906;30;551;274;14.3;12.9;1.093
30/11/2004;20.00.00;5.0;1433;170;20.3;488;342;1847;103;825;311;23.4;21.7;1.422
30/11/2004;21.00.00;0.1;647;231;3.4;383;458;1449;165;1394;751;13.0;44.1;1.004
30/11/2004;22.00.00;1.4;647;243;1.0;383;68;1845;109;857;228;18.4;40.2;0.835
30/11/2004;23.00.00;2.0;647;388;5.4;383;300;1694;96;711;480;8.6;41.4;1.374
01/12/2004;00.00.00;2.8;782;135;9.5;383;59;2009;196;1465;228;20.1;34.2;0.702
01/12/2004;01.00.00;3.9;1148;165;11.8;383;297;1825;149;1109;362;5.3;88.7;0.39
01/12/2004;02.00.00;2.1;647;245;6.7;383;290;1808;30;551;345;7.4;55.3;1.249
01/12/2004;03.00.00;0.2;647;193;0.1;383;173;1931;99;873;310;20.4;48.2;1.522
01/12/2004;04.00.00;3.3;1007;208;12.5;383;281;1685;123;930;536;25.0;70.8;0.857
01/12/2004;05.00.00;3.2;1016;319;6.5;383;284;1675;61;551;228;18.3;46.0;0.7
01/12/2004;06.00.00;0.1;647;7;0.1;383;233;1913;98;709;260;29.1;25.4;1.483
01/12/2004;07.00.00;2.1;679;161;4.8;383;214;1836;114;916;291;21.3;36.2;1.205
01/12/2004;08.00.00;0.1;647;52;0.1;383;37;2066;102;841;228;13.6;76.2;0.891
01/12/2004;09.00.00;1.2;647;104;0.7;383;79;1880;54;551;228;28.7;43.1;1.101
01/12/2004;10.00.00;0.9;647;446;0.7;383;152;1793;183;1608;228;22.4;19.1;0.605
01/12/2004;11.00.00;3.3;960;274;12.8;387;91;1824;125;1005;228;21.9;62.1;1.132
01/12/2004;12.00.00;2.3;677;308;7.2;383;158;1937;71;597;228;29.2;54.6;0.21
01/12/2004;13.00.00;0.4;647;210;2.0;383;234;1903;155;1195;321;15.0;38.8;0.656
01/12/2004;14.00.00;3.4;878;290;8.4;383;259;1835;109;1046;269;23.3;52.1;0.936
01/12/2004;15.00.00;0.1;647;50;0.3;383;331;1695;160;1352;321;14.1;71.5;1.063
01/12/2004;16.00.00;2.6;810;316;8.1;383;270;1834;107;934;245;18.0;61.2;0.841
01/12/2004;17.00.00;1.0;647;140;1.6;383;264;1837;42;551;228;9.6;45.2;1.388
01/12/2004;18.00.00;1.6;647;167;5.1;383;328;1575;61;554;436;20.3;69.0;1.071
01/12/2004;19.00.00;2.9;858;265;5.4;383;105;1887;167;1433;228;24.1;74.7;0.81
01/12/2004;20.00.00;2.9;782;248;10.1;383;118;1927;162;1285;239;17.4;32.3;0.916
01/12/2004;21.00.00;4.0;1237;226;12.1;383;188;1937;49;574;278;20.8;86.3;1.257
01/12/2004;22.00.00;2.0;647;88;6.0;383;139;1881;179;1315;228;0.2;50.8;1.155
01/12/2004;23.00.00;2.6;842;227;10.0;383;2;2010;162;1275;228;21.6;60.4;0.875
02/12/2004;00.00.00;1.5;647;309;5.8;383;334;1727;82;798;262;7.5;50.8;1.583
02/12/2004;01.00.00;2.4;672;167;7.1;383;93;1946;109;860;228;26.3;59.0;0.627
02/12/2004;02.00.00;2.8;703;342;6.6;383;523;1471;7;551;611;25.4;58.2;1.604
02/12/2004;03.00.00;2.0;647;135;9.1;383;271;1734;79;597;268;10.9;40.3;0.426
02/12/2004;04.00.00;0.1;647;218;0.1;383;16;1808;102;858;228;13.7;53.1;0.504
02/12/2004;05.00.00;2.6;647;363;9.6;383;348;1686;127;993;470;29.0;68.2;0.548
02/12/2004;06.00.00;2.7;727;153;5.3;383;251;1838;107;953;255;28.7;40.0;1.478
02/12/2004;07.00.00;1.2;647;318;5.7;383;290;1704;119;980;329;21.6;66.2;0.767
02/12/2004;08.00.00;0.4;647;405;3.1;383;169;1843;66;551;249;13.9;24.4;0.882
02/12/2004;09.00.00;4.2;1285;234;9.7;383;103;1948;128;963;228;3.4;60.6;0.443
02/12/2004;10.00.00;2.8;696;167;10.0;383;22;2199;193;1472;228;23.9;88.7;0.794
02/12/2004;11.00.00;1.8;649;144;6.6;383;49;1953;134;1185;228;13.3;56.5;0.903
02/12/2004;12.00.00;0.6;647;341;3.2;383;36;2028;114;817;228;23.2;26.2;1.235
02/12/2004;13.00.00;1.0;647;339;3.9;383;191;1831;77;598;243;24.6;64.1;1.14
02/12/2004;14.00.00;4.0;1173;355;10.8;383;238;1837;95;936;228;16.3;75.7;0.734
02/12/2004;15.00.00;2.3;647;214;7.1;383;9;1990;50;551;228;19.7;58.2;0.459
02/12/2004;16.00.00;1.4;647;316;7.7;383;384;1658;43;551;409;28.5;42.4;0.899
02/12/2004;17.00.00;2.9;769;213;6.9;383;267;1769;109;806;280;16.2;33.4;1.722
02/12/2004;18.00.00;1.0;647;134;3.9;383;617;1605;139;1038;723;13.4;50.4;1.124
02/12/2004;19.00.00;4.3;1248;324;15.9;383;184;1875;71;591;397;21.3;58.9;0.556
02/12/2004;20.00.00;4.0;1109;373;11.0;383;587;1434;170;1323;747;16.3;18.1;0.381
02/12/2004;21.00.00;1.5;647;121;2.0;383;360;1677;86;707;585;19.0;72.1;0.603
02/12/2004;22.00.00;1.3;647;119;1.5;383;2;1927;108;894;228;26.2;9.2;0.877
02/12/2004;23.00.00;0.1;647;221;1.1;383;63;2023;158;1270;228;8.8;65.9;1.484
03/12/2004;00.00.00;0.1;647;308;0.1;383;294;1703;97;795;496;22.6;62.4;0.18
03/12/2004;01.00.00;0.3;647;110;0.6;383;2;2067;143;1151;228;13.0;67.3;1.113
03/12/2004;02.00.00;2.3;647;239;10.2;383;108;1991;140;1062;228;15.4;26.2;0.612
03/12/2004;03.00.00;1.7;647;161;5.3;383;2;2009;80;551;228;18.4;66.6;1.278
03/12/2004;04.00.00;0.3;647;284;0.1;383;573;1584;81;659;606;17.0;88.7;1.093
03/12/2004;05.00.00;1.8;647;142;5.9;383;414;1628;171;1310;520;4.6;46.6;1.85
03/12/2004;06.00.00;2.9;782;291;9.0;383;194;1912;176;1488;313;29.1;53.5;1.052
03/12/2004;07.00.00;2.9;783;202;10.2;383;477;1518;143;1044;562;27.1;25.0;1.637
03/12/2004;08.00.00;0.1;647;128;3.6;383;438;1612;71;551;580;16.8;35.8;0.659
03/12/2004;09.00.00;2.0;647;224;7.1;383;446;1618;154;1249;468;25.5;44.2;0.882
03/12/2004;10.00.00;0.2;647;33;4.8;383;160;1950;99;898;228;14.8;26.5;0.213
03/12/2004;11.00.00;3.4;837;164;11.8;383;198;1977;52;551;276;10.1;30.8;1.063
03/12/2004;12.00.00;3.2;944;250;8.9;383;78;1901;82;674;228;18.4;41.8;0.897
03/12/2004;13.00.00;0.9;647;49;7.4;383;228;1809;102;867;243;8.6;58.6;1.164
03/12/2004;14.00.00;1.1;647;7;3.2;383;121;1808;165;1382;228;22.9;24.7;0.933
03/12/2004;15.00.00;1.5;647;7;2.7;383;81;1928;74;625;228;12.4;48.2;1.567
03/12/2004;16.00.00;0.1;647;344;5.0;383;419;1752;66;677;501;5.2;22.1;0.902
03/12/2004;17.00.00;2.6;654;210;6.9;383;348;1577;89;686;301;-1.9;48.1;1.214
03/12/2004;18.00.00;1.8;647;167;4.1;383;110;1912;107;995;228;17.0;72.9;1.651
03/12/2004;19.00.00;3.5;1053;307;10.1;383;390;1744;145;1217;455;20.6;53.6;1.705
03/12/2004;20.00.00;0.6;647;179;2.3;383;293;1769;140;1142;466;28.7;69.7;1.16
03/12/2004;21.00.00;1.3;647;243;6.0;383;197;1826;5;551;228;4.1;49.5;1.057
03/12/2004;22.00.00;0.1;647;220;0.1;383;489;1678;95;842;625;26.1;55.2;1.166
03/12/2004;23.00.00;0.7;647;173;4.2;383;292;1701;118;894;365;14.1;34.7;1.65
04/12/2004;00.00.00;0.5;647;245;0.5;383;517;1523;71;581;537;17.5;60.9;1.04
04/12/2004;01.00.00;3.5;1012;291;10.5;383;332;1586;75;584;404;18.0;38.4;1.06
04/12/2004;02.00.00;1.2;647;200;7.2;383;345;1749;142;1272;309;17.9;28.2;0.665
04/12/2004;03.00.00;2.3;807;174;7.9;383;81;1952;145;1114;228;1.7;48.2;0.689
04/12/2004;04.00.00;1.6;647;185;6.1;383;160;1825;104;995;228;23.7;23.4;1.229
04/12/2004;05.00.00;0.4;647;7;1.1;383;468;1553;132;1022;633;24.7;59.8;0.639
04/12/2004;06.00.00;1.9;647;244;7.7;383;423;1657;135;970;451;25.7;81.9;1.129
04/12/2004;07.00.00;3.0;825;103;12.8;383;191;1854;60;551;228;21.9;44.2;0.886
04/12/2004;08.00.00;0.5;647;277;0.1;383;39;1872;60;551;228;16.3;45.0;0.745
04/12/2004;09.00.00;3.3;993;209;12.7;383;499;1444;94;885;649;6.3;57.5;0.663
04/12/2004;10.00.00;1.0;647;227;6.2;383;409;1534;79;551;502;21.6;59.1;1.964
04/12/2004;11.00.00;1.5;647;284;5.7;383;70;1826;84;700;228;18.3;51.2;1.217
04/12/2004;12.00.00;2.9;685;129;7.9;383;70;1846;108;984;228;18.0;21.4;0.451
04/12/2004;13.00.00;1.2;647;253;1.6;383;526;1572;108;1090;609;21.5;69.5;1.998
04/12/2004;14.00.00;2.2;647;243;11.8;383;168;1872;2;551;264;17.6;67.3;1.06
04/12/2004;15.00.00;1.7;647;200;3.7;383;171;1849;117;949;228;14.4;28.2;0.712
04/12/2004;16.00.00;2.3;647;129;10.5;383;141;1915;100;713;228;8.6;9.2;0.92
04/12/2004;17.00.00;0.1;647;274;1.1;383;300;1791;123;960;421;18.0;88.7;1.643
04/12/2004;18.00.00;0.1;647;284;4.4;383;31;2000;82;832;228;29.8;36.7;0.716
04/12/2004;19.00.00;3.0;819;228;9.0;383;282;1781;82;729;276;9.2;25.0;0.833
04/12/2004;20.00.00;3.6;914;116;8.3;383;30;1890;94;851;228;26.0;9.2;1.225
04/12/2004;21.00.00;0.9;647;167;2.8;383;31;1867;164;1366;228;23.7;40.4;0.908
04/12/2004;22.00.00;1.8;647;212;2.8;383;37;1925;92;829;228;4.3;58.4;1.549
04/12/2004;23.00.00;2.6;723;283;13.6;383;42;2056;166;1485;228;22.9;81.6;0.693
05/12/2004;00.00.00;3.1;1028;67;11.2;383;356;1902;159;1242;581;18.1;42.6;0.726
05/12/2004;01.00.00;0.1;647;164;1.9;383;356;1759;96;833;454;17.3;18.1;0.852
05/12/2004;02.00.00;0.9;647;179;4.5;383;221;1851;88;652;283;34.0;56.4;0.893
05/12/2004;03.00.00;1.7;647;210;4.0;383;149;1965;90;558;228;25.5;53.9;1.139
05/12/2004;04.00.00;3.1;809;94;9.8;383;457;1755;106;869;629;10.6;37.1;0.92
05/12/2004;05.00.00;5.6;1527;197;18.3;393;352;1644;86;699;522;23.1;43.6;0.713
05/12/2004;06.00.00;1.8;870;188;9.7;383;65;2179;148;1180;228;10.7;51.6;1.201
05/12/2004;07.00.00;0.2;647;119;0.1;383;299;1887;82;604;324;11.0;62.7;0.686
05/12/2004;08.00.00;2.7;828;206;7.2;383;291;1657;154;1246;320;19.3;58.4;1.336
05/12/2004;09.00.00;4.0;1069;166;12.1;409;355;1635;68;579;565;27.4;53.5;0.231
05/12/2004;10.00.00;2.3;769;265;6.0;383;666;1692;32;551;792;6.1;49.8;1.099
05/12/2004;11.00.00;0.9;647;133;0.1;383;120;1986;26;551;228;14.0;82.0;0.973
05/12/2004;12.00.00;3.5;1128;226;5.8;383;330;1687;87;743;473;27.4;58.2;1.153
05/12/2004;13.00.00;3.1;1008;141;6.2;383;474;1626;74;551;374;10.5;67.9;1.203
05/12/2004;14.00.00;0.7;647;161;4.5;383;508;1653;72;551;604;18.3;63.9;1.014
05/12/2004;15.00.00;2.7;662;246;8.6;383;273;1852;160;1203;305;15.5;55.0;1.833
05/12/2004;16.00.00;3.5;912;240;13.0;383;45;2072;77;599;228;28.2;74.3;1.258
05/12/2004;17.00.00;3.8;989;178;11.0;383;2;2017;18;551;228;20.6;36.1;1.736
05/12/2004;18.00.00;2.1;647;192;6.4;383;372;1724;140;1138;524;15.6;63.0;1.117
05/12/2004;19.00.00;1.6;647;79;8.5;383;298;1732;177;1351;339;11.3;26.6;0.758
05/12/2004;20.00.00;3.9;1248;351;15.5;383;265;1713;134;897;307;34.8;50.1;0.18
05/12/2004;21.00.00;0.5;647;283;3.3;383;289;1690;80;613;349;17.4;16.2;1.149
05/12/2004;22.00.00;2.8;773;279;9.2;383;395;1671;121;1044;535;16.2;27.6;1.256
05/12/2004;23.00.00;0.2;647;66;1.8;383;329;1763;74;565;487;22.0;41.8;0.498
06/12/2004;00.00.00;3.6;1138;161;12.4;383;305;1639;66;551;253;23.8;79.9;1.017
06/12/2004;01.00.00;1.8;647;186;5.4;383;155;2039;103;700;228;6.8;46.2;0.439
06/12/2004;02.00.00;3.9;938;34;11.8;383;405;1620;110;892;470;16.5;61.5;1.333
06/12/2004;03.00.00;2.8;777;302;11.3;383;157;1805;103;858;353;9.4;74.7;1.269
06/12/2004;04.00.00;0.4;647;356;0.1;383;394;1682;193;1500;384;13.5;45.2;0.266
06/12/2004;05.00.00;4.1;1176;413;16.2;474;185;1661;115;997;228;28.2;78.3;0.413
06/12/2004;06.00.00;4.3;1217;118;13.3;383;336;1759;159;1368;355;27.2;48.3;0.18
06/12/2004;07.00.00;3.4;952;229;8.2;383;515;1508;220;1930;666;22.7;31.5;1.148
06/12/2004;08.00.00;1.1;647;343;2.4;383;347;1568;90;648;464;6.8;67.7;1.152
06/12/2004;09.00.00;1.7;647;193;3.8;383;462;1641;120;983;511;19.5;59.7;1.348
06/12/2004;10.00.00;2.4;691;164;6.4;383;189;1860;152;1122;308;13.4;43.9;0.561
06/12/2004;11.00.00;1.2;647;40;2.5;383;260;1947;118;999;278;25.9;32.7;0.819
06/12/2004;12.00.00;4.5;1281;325;13.2;383;191;1860;99;836;298;13.5;66.1;0.692
06/12/2004;13.00.00;2.4;735;216;6.9;383;2;2012;225;1649;228;11.4;30.1;0.632
06/12/2004;14.00.00;0.1;647;148;0.2;383;409;1675;170;1385;414;20.9;12.1;0.623
06/12/2004;15.00.00;2.6;712;244;9.9;383;333;1527;12;551;366;27.7;68.8;0.485
06/12/2004;16.00.00;1.7;647;232;4.8;383;322;1748;178;1330;381;26.5;64.0;1.154
06/12/2004;17.00.00;2.0;647;233;7.2;383;434;1648;189;1495;454;28.4;60.6;1.583
06/12/2004;18.00.00;1.6;647;197;5.2;383;72;1930;170;1527;228;28.5;44.2;1.353
06/12/2004;19.00.00;3.3;860;372;11.6;383;35;1904;149;1238;228;31.1;60.6;0.837
06/12/2004;20.00.00;3.7;996;205;12.0;383;435;1696;187;1433;588;19.4;36.2;0.956
06/12/2004;21.00.00;2.5;656;371;6.9;383;235;1733;155;1216;228;14.4;52.1;1.158
06/12/2004;22.00.00;1.7;647;271;3.5;383;278;1833;140;971;228;11.4;79.2;1.06
06/12/2004;23.00.00;2.1;647;251;7.1;383;21;2013;119;869;228;27.6;48.5;0.639
07/12/2004;00.00.00;2.2;647;207;9.5;383;471;1735;61;627;602;16.6;57.1;1.18
07/12/2004;01.00.00;1.0;647;310;2.8;383;348;1683;47;551;334;10.7;26.3;1.206
07/12/2004;02.00.00;3.0;822;228;8.1;383;157;1980;150;1236;323;22.2;40.9;0.623
07/12/2004;03.00.00;2.8;871;129;8.4;383;565;1564;149;1225;607;6.4;45.2;1.049
07/12/2004;04.00.00;4.3;1339;126;12.7;383;37;1964;110;1000;228;9.4;67.8;0.911
07/12/2004;05.00.00;3.9;1176;258;11.2;383;195;1775;71;600;228;19.7;84.1;1.19
07/12/2004;06.00.00;1.2;647;131;0.9;383;397;1714;58;551;411;25.1;54.8;0.737
07/12/2004;07.00.00;3.3;974;212;10.1;383;422;1623;95;757;652;15.4;19.6;1.771
07/12/2004;08.00.00;0.8;647;318;3.1;383;17;1983;146;1152;228;16.1;29.0;0.442
07/12/2004;09.00.00;3.1;812;246;7.8;383;202;1900;220;1741;382;24.3;68.7;1.726
07/12/2004;10.00.00;1.4;647;149;2.8;383;360;1709;111;1030;408;24.6;37.1;0.666
07/12/2004;11.00.00;0.7;647;351;0.4;383;471;1648;126;929;541;1.4;62.2;1.222
07/12/2004;12.00.00;2.5;647;270;5.4;383;458;1754;167;1295;498;29.9;55.1;0.566
07/12/2004;13.00.00;0.1;647;314;0.1;383;353;1762;109;733;478;15.4;49.8;0.699
07/12/2004;14.00.00;0.1;647;7;0.1;383;259;1737;130;1126;470;12.0;53.7;0.64
07/12/2004;15.00.00;1.9;647;249;3.4;383;218;1792;152;1247;228;14.3;52.1;0.792
07/12/2004;16.00.00;2.3;647;298;7.0;383;322;1753;165;1466;362;7.1;26.5;0.619
07/12/2004;17.00.00;1.6;647;379;3.8;383;465;1797;115;873;675;38.4;44.2;1.865
07/12/2004;18.00.00;0.1;647;78;0.1;383;213;1722;89;655;228;7.6;85.3;1.412
07/12/2004;19.00.00;1.0;647;332;4.0;383;204;1851;122;889;228;6.0;30.3;0.885
07/12/2004;20.00.00;2.7;690;374;7.4;383;421;1772;31;551;615;15.9;29.8;1.397
07/12/2004;21.00.00;3.0;939;26;8.5;383;408;1722;127;988;523;7.0;41.3;1.905
07/12/2004;22.00.00;2.1;647;263;9.4;383;169;1853;154;1260;228;19.0;81.2;1.422
07/12/2004;23.00.00;3.8;1150;276;10.2;383;44;1827;194;1522;228;31.1;33.6;1.607
08/12/2004;00.00.00;2.7;745;186;11.8;383;2;2119;157;1374;228;19.3;40.7;1.502
08/12/2004;01.00.00;1.1;647;171;2.8;383;265;1749;2;551;405;20.7;31.7;1.581
08/12/2004;02.00.00;1.8;647;281;3.4;383;76;1862;179;1445;228;15.7;40.1;1.395
08/12/2004;03.00.00;0.2;647;159;0.1;383;383;1713;183;1551;378;9.7;44.3;0.587
08/12/2004;04.00.00;2.0;647;197;6.5;383;2;2112;68;551;228;15.7;57.4;1.614
08/12/2004;05.00.00;3.7;1054;295;14.4;429;492;1638;93;746;490;26.4;21.3;1.023
08/12/2004;06.00.00;3.1;911;384;11.5;383;194;1815;182;1283;234;28.9;53.2;1.128
08/12/2004;07.00.00;4.1;1024;269;13.3;395;123;1920;115;965;228;18.3;32.2;0.18
08/12/2004;08.00.00;1.7;647;230;8.0;383;163;1878;84;680;228;25.0;56.6;0.692
08/12/2004;09.00.00;4.0;1082;168;9.1;383;113;1871;76;685;228;11.8;23.6;1.498
08/12/2004;10.00.00;1.9;647;121;6.5;383;477;1623;239;1972;640;13.1;44.3;1.398
08/12/2004;11.00.00;4.2;1189;323;14.1;409;348;1655;150;1146;454;5.2;33.4;1.322
08/12/2004;12.00.00;2.1;647;203;7.4;383;260;1712;99;781;434;26.9;50.7;0.425
08/12/2004;13.00.00;3.1;989;327;6.8;383;61;1994;181;1414;228;13.4;75.7;1.096
08/12/2004;14.00.00;4.2;1275;186;11.5;383;237;1778;108;952;228;7.4;59.1;0.98
08/12/2004;15.00.00;1.9;647;156;5.7;383;128;1895;171;1495;259;22.0;59.6;1.292
08/12/2004;16.00.00;2.5;648;257;10.1;383;2;1936;140;1191;228;28.7;47.8;0.946
08/12/2004;17.00.00;4.0;1030;210;16.5;483;139;1842;96;932;228;15.0;45.7;0.694
08/12/2004;18.00.00;2.0;647;103;5.0;383;338;1690;136;1137;359;3.8;46.6;0.75
08/12/2004;19.00.00;0.3;647;390;0.1;383;180;1808;138;1032;282;15.4;44.7;0.18
08/12/2004;20.00.00;5.2;1393;158;18.1;489;223;1788;151;1100;237;19.9;38.4;0.889
08/12/2004;21.00.00;1.5;647;306;10.0;383;405;1691;191;1455;548;22.8;36.5;0.935
08/12/2004;22.00.00;2.4;660;297;9.8;383;377;1808;219;1717;554;24.2;36.2;0.443
08/12/2004;23.00.00;3.8;1022;98;10.6;383;546;1624;132;1007;663;18.6;44.1;0.799
09/12/2004;00.00.00;1.3;647;122;9.9;383;2;1971;21;551;228;15.9;32.8;2.058
09/12/2004;01.00.00;0.7;647;189;3.7;383;117;1855;155;1226;228;23.5;52.5;0.672
09/12/2004;02.00.00;2.5;789;135;6.4;383;384;1549;100;809;550;7.4;23.2;1.406
09/12/2004;03.00.00;0.1;647;382;4.2;383;312;1696;31;551;470;10.2;55.0;1.014
09/12/2004;04.00.00;1.7;647;198;3.9;383;261;1703;146;1239;326;12.2;48.6;1.086
09/12/2004;05.00.00;2.5;647;302;6.7;383;153;1881;134;1094;228;14.5;77.1;1.359
09/12/2004;06.00.00;1.8;647;266;7.1;383;280;1908;74;679;300;6.9;71.1;0.18
09/12/2004;07.00.00;0.1;647;243;0.3;383;271;1750;56;551;286;25.8;31.0;1.232
09/12/2004;08.00.00;4.4;1312;221;14.1;426;2;1882;179;1372;228;8.3;48.7;0.592
09/12/2004;09.00.00;2.3;647;335;7.4;383;278;1761;137;1171;367;-1.9;54.6;1.273
09/12/2004;10.00.00;4.2;1288;139;15.5;383;166;1831;75;600;272;25.9;38.7;1.15
09/12/2004;11.00.00;1.8;647;382;1.1;383;374;1801;144;1168;395;22.1;33.6;0.325
09/12/2004;12.00.00;0.9;647;95;3.5;383;298;1610;92;651;375;17.5;53.0;1.616
09/12/2004;13.00.00;2.5;800;292;7.5;383;545;1484;139;1075;470;21.7;60.2;1.293
09/12/2004;14.00.00;1.8;647;84;4.4;383;245;1864;128;991;262;18.9;49.5;1.053
09/12/2004;15.00.00;0.5;647;188;0.1;383;79;1811;2;551;228;27.3;46.1;1.906
09/12/2004;16.00.00;4.2;1326;226;8.2;383;2;2044;118;1117;228;11.9;45.9;0.684
09/12/2004;17.00.00;1.3;647;171;2.5;383;102;1864;105;1009;228;31.9;29.8;0.916
09/12/2004;18.00.00;0.1;647;200;2.9;383;303;1839;77;710;398;25.6;60.9;1.427
09/12/2004;19.00.00;4.0;1054;86;14.5;383;342;1721;52;551;313;13.1;52.5;1.359
09/12/2004;20.00.00;1.4;647;124;4.2;383;153;1864;102;773;228;11.9;51.1;1.201
09/12/2004;21.00.00;1.3;647;265;1.3;383;180;1903;96;685;269;19.2;57.1;0.655
09/12/2004;22.00.00;0.1;647;220;2.0;383;256;1796;144;1181;238;9.0;88.7;1.143
09/12/2004;23.00.00;4.6;1243;152;17.3;485;304;1657;106;950;328;16.4;81.0;2.178
10/12/2004;00.00.00;0.3;647;343;3.2;383;402;1636;117;1000;570;28.8;56.7;1.47
10/12/2004;01.00.00;2.2;697;102;5.2;383;156;1744;128;1037;228;19.5;38.5;1.29
10/12/2004;02.00.00;3.4;906;183;9.2;383;132;1824;90;779;228;34.8;63.7;2.23
10/12/2004;03.00.00;2.7;653;169;12.1;383;555;1384;65;551;601;11.8;45.2;1.454
10/12/2004;04.00.00;2.1;647;276;4.2;383;518;1771;219;1731;649;21.6;51.2;1.246
10/12/2004;05.00.00;0.1;647;222;1.3;383;164;1865;109;793;260;13.7;63.4;0.888
10/12/2004;06.00.00;1.0;647;207;0.1;383;420;1705;102;797;633;16.3;57.7;0.813
10/12/2004;07.00.00;2.4;647;42;7.1;383;583;1466;180;1471;731;22.0;52.3;0.523
10/12/2004;08.00.00;1.0;647;300;4.5;383;447;1684;203;1595;636;12.1;58.9;0.972
10/12/2004;09.00.00;2.4;650;197;7.7;383;129;1958;182;1367;228;11.1;67.6;0.774
10/12/2004;10.00.00;3.1;957;228;11.0;383;262;1865;94;763;228;14.3;26.6;0.938
10/12/2004;11.00.00;3.5;938;146;8.7;383;2;1991;129;1061;228;13.7;58.3;1.101
10/12/2004;12.00.00;0.4;647;131;0.1;383;98;2002;141;1098;228;9.9;33.7;0.779
10/12/2004;13.00.00;5.2;1627;360;17.7;471;243;1756;220;1761;377;29.6;56.5;1.378
10/12/2004;14.00.00;3.2;817;49;11.7;383;279;1806;133;862;328;15.6;29.0;0.927
10/12/2004;15.00.00;2.1;647;117;7.3;383;139;1891;135;1141;228;24.6;49.6;0.809
10/12/2004;16.00.00;3.7;1249;358;13.7;436;2;1904;64;551;228;24.1;51.2;1.299
10/12/2004;17.00.00;5.5;1534;278;14.2;383;275;1633;52;551;309;26.2;47.4;1.043
10/12/2004;18.00.00;0.1;647;187;0.1;383;357;1690;178;1407;421;7.3;60.3;0.562
10/12/2004;19.00.00;1.8;647;336;9.5;383;363;1685;129;1095;483;15.2;43.6;0.404
10/12/2004;20.00.00;0.1;647;260;2.9;383;214;1806;134;1170;228;23.5;44.9;0.841
10/12/2004;21.00.00;2.4;647;240;9.0;383;225;1903;164;1318;457;13.1;47.6;1.642
10/12/2004;22.00.00;2.7;835;239;8.2;383;283;1883;153;1258;268;29.9;37.7;1.203
10/12/2004;23.00.00;2.1;647;262;8.8;383;308;1805;147;1192;267;8.2;41.3;1.244
11/12/2004;00.00.00;1.2;647;266;4.8;383;231;1861;143;1020;318;24.6;61.3;0.919
11/12/2004;01.00.00;0.1;647;426;0.1;383;2;1992;119;988;228;14.4;62.1;1.144
11/12/2004;02.00.00;2.7;719;199;10.5;383;459;1646;123;908;553;26.4;35.7;1.329
11/12/2004;03.00.00;4.2;1117;202;11.7;383;174;1894;156;1187;228;20.2;60.5;0.933
11/12/2004;04.00.00;1.3;647;100;5.8;383;58;1964;67;585;228;11.2;24.1;0.443
11/12/2004;05.00.00;2.8;706;213;5.6;383;185;1898;62;604;235;24.6;43.6;0.68
11/12/2004;06.00.00;0.1;647;394;3.5;383;263;1793;116;997;407;4.2;29.7;0.68
11/12/2004;07.00.00;2.8;803;311;8.4;383;152;1838;120;1007;228;15.2;50.3;2.002
11/12/2004;08.00.00;1.6;647;166;2.9;383;163;1890;147;1209;228;14.4;49.1;1.125
11/12/2004;09.00.00;1.1;647;220;2.1;383;196;1824;102;888;251;21.5;72.8;0.903
11/12/2004;10.00.00;1.1;647;94;2.8;383;301;1875;75;740;284;-1.9;71.4;0.46
11/12/2004;11.00.00;1.6;647;125;5.1;383;123;1866;141;1088;228;19.9;41.4;1.324
11/12/2004;12.00.00;2.7;723;232;11.2;383;297;1990;177;1377;374;21.0;49.8;1.186
11/12/2004;13.00.00;0.3;647;171;1.1;383;34;2103;130;1102;228;11.6;34.0;1.055
11/12/2004;14.00.00;1.6;647;118;0.8;383;552;1467;43;551;637;15.6;37.9;1.183
11/12/2004;15.00.00;2.1;680;264;4.2;383;410;1772;126;1001;475;18.3;22.8;0.544
11/12/2004;16.00.00;0.6;647;210;7.5;383;203;1826;20;551;228;25.6;58.6;0.999
11/12/2004;17.00.00;4.7;1358;69;15.2;494;297;1807;111;844;386;0.7;36.5;1.044
11/12/2004;18.00.00;1.0;647;20;5.0;383;67;2072;16;551;228;17.5;36.3;1.309
11/12/2004;19.00.00;1.2;647;163;3.3;383;331;1672;92;849;447;21.8;41.0;1.395
11/12/2004;20.00.00;0.8;647;67;0.5;383;375;1662;137;1052;401;23.0;40.7;0.18
11/12/2004;21.00.00;4.7;1234;40;14.0;383;286;1830;99;749;339;16.3;33.8;0.909
11/12/2004;22.00.00;2.9;781;325;9.6;383;384;1663;168;1451;581;22.6;62.6;1.359
11/12/2004;23.00.00;0.8;647;208;1.8;383;244;1626;123;751;456;17.4;49.8;1.675
12/12/2004;00.00.00;3.7;1181;192;15.7;406;230;1892;59;593;257;27.0;37.4;0.583
12/12/2004;01.00.00;2.4;647;200;6.5;383;145;1913;156;1427;279;11.3;47.8;0.977
12/12/2004;02.00.00;2.5;767;109;5.9;383;331;1733;146;1097;498;12.7;45.8;1.265
12/12/2004;03.00.00;1.7;647;257;7.0;383;118;1915;174;1354;228;21.7;45.9;1.245
12/12/2004;04.00.00;1.1;647;205;5.4;383;309;1931;147;1215;229;23.2;58.9;0.506
12/12/2004;05.00.00;2.6;855;146;8.5;383;292;1847;135;1104;237;22.0;55.4;0.558
12/12/2004;06.00.00;1.4;647;160;3.2;383;451;1569;65;601;501;14.6;81.6;0.18
12/12/2004;07.00.00;4.7;1214;101;11.2;383;335;1741;152;1256;362;14.7;32.4;0.818
12/12/2004;08.00.00;0.4;647;179;3.6;383;2;2093;105;914;228;17.9;77.6;0.666
12/12/2004;09.00.00;4.3;1304;195;15.5;414;144;1977;151;1488;228;9.2;54.8;0.18
12/12/2004;10.00.00;2.0;647;176;5.5;383;140;1767;220;1632;228;11.5;47.5;1.175
12/12/2004;11.00.00;2.6;647;223;8.3;383;134;1852;170;1474;304;29.7;33.6;0.892
12/12/2004;12.00.00;3.3;863;210;10.2;383;393;1594;126;1131;424;16.7;39.1;1.233
12/12/2004;13.00.00;1.3;647;239;7.3;383;2;2049;116;844;228;13.8;51.2;1.148
12/12/2004;14.00.00;3.4;1020;307;8.7;383;463;1556;92;679;571;13.4;30.7;1.328
12/12/2004;15.00.00;0.1;647;274;0.1;383;398;1805;2;551;375;20.3;47.4;0.873
12/12/2004;16.00.00;1.1;647;308;2.2;383;274;1884;115;821;478;34.9;80.9;0.996
12/12/2004;17.00.00;0.9;647;137;3.4;383;299;1740;88;657;330;27.2;53.5;0.927
12/12/2004;18.00.00;0.4;647;169;1.4;383;257;1692;128;1046;302;7.5;56.7;1.382
12/12/2004;19.00.00;1.8;647;280;6.3;383;270;1720;88;651;335;28.3;31.5;1.287
12/12/2004;20.00.00;2.7;675;281;6.8;383;418;1701;123;970;490;11.3;57.3;1.195
12/12/2004;21.00.00;3.1;904;153;13.0;383;211;1898;172;1313;232;12.8;22.5;0.46
12/12/2004;22.00.00;2.5;657;276;7.1;383;337;1726;120;888;593;14.3;10.1;1.799
12/12/2004;23.00.00;1.2;647;128;6.3;383;112;1704;60;551;228;8.6;56.7;0.811
13/12/2004;00.00.00;2.7;863;263;14.8;383;327;1792;73;576;431;28.3;51.2;0.881
13/12/2004;01.00.00;2.3;701;215;5.7;383;204;1674;146;1179;228;13.4;72.5;1.669
13/12/2004;02.00.00;3.5;874;86;11.8;383;311;1581;149;1249;423;1.2;18.7;1.038
13/12/2004;03.00.00;3.2;852;176;10.1;383;113;1988;71;583;228;11.2;63.0;0.851
13/12/2004;04.00.00;2.2;714;425;11.1;383;314;1653;111;866;397;19.6;45.1;1.29
13/12/2004;05.00.00;0.9;647;237;2.3;383;238;1828;156;1180;324;4.2;61.0;0.595
13/12/2004;06.00.00;1.2;647;436;4.5;383;485;1619;195;1600;653;20.2;24.9;0.322
13/12/2004;07.00.00;1.4;647;80;4.9;383;285;1707;121;1131;398;10.9;57.0;0.707
13/12/2004;08.00.00;1.7;647;289;5.3;383;321;1759;103;898;383;26.9;22.5;1.704
13/12/2004;09.00.00;2.5;650;7;9.6;383;178;1813;95;641;228;21.6;72.4;0.65
13/12/2004;10.00.00;3.2;874;217;10.3;383;293;1768;119;796;263;18.6;39.2;0.857
13/12/2004;11.00.00;2.1;647;277;7.6;383;318;1714;179;1378;368;5.6;45.5;1.069
13/12/2004;12.00.00;2.2;690;297;7.4;383;191;1806;119;836;238;7.7;55.1;1.228
13/12/2004;13.00.00;2.4;647;142;6.3;383;179;1803;136;993;289;13.4;33.5;1.146
13/12/2004;14.00.00;1.4;647;316;4.0;383;122;1830;44;551;228;16.2;61.5;0.636
13/12/2004;15.00.00;0.9;647;167;3.8;383;234;1880;189;1534;305;30.2;68.7;1.624
13/12/2004;16.00.00;0.1;647;202;1.4;383;146;1846;177;1324;228;20.4;22.3;0.955
13/12/2004;17.00.00;1.2;647;176;6.3;383;290;1676;98;696;410;14.9;41.1;1.471
13/12/2004;18.00.00;2.8;682;110;12.7;383;125;1867;107;810;256;29.8;39.0;0.539
13/12/2004;19.00.00;1.2;647;367;2.7;383;227;1775;169;1305;268;17.3;31.4;1.182
13/12/2004;20.00.00;1.8;647;222;6.1;383;101;1887;254;2014;236;21.5;48.0;1.239
13/12/2004;21.00.00;2.8;887;321;8.6;383;421;1720;32;551;574;30.4;55.7;0.688
13/12/2004;22.00.00;2.9;793;317;7.0;383;249;1749;88;786;310;23.7;34.7;1.29
13/12/2004;23.00.00;0.6;647;126;3.2;383;248;1770;94;774;228;21.5;76.5;0.435
14/12/2004;00.00.00;3.5;954;333;12.9;383;337;1781;162;1336;435;22.6;48.8;0.59
14/12/2004;01.00.00;3.7;1074;265;9.8;383;517;1621;130;1004;554;17.5;51.3;1.282
14/12/2004;02.00.00;0.6;647;119;1.1;383;258;1738;88;793;228;18.3;52.3;0.41
14/12/2004;03.00.00;1.0;647;260;2.2;383;17;2062;45;551;228;5.3;25.0;1.286
14/12/2004;04.00.00;3.8;1128;120;9.2;383;426;1731;161;1307;620;12.3;22.2;0.57
14/12/2004;05.00.00;1.9;647;370;6.1;383;38;2036;103;906;228;17.6;69.5;1.303
14/12/2004;06.00.00;0.1;647;295;0.1;383;170;1888;57;551;302;21.7;71.2;0.293
14/12/2004;07.00.00;0.2;647;211;0.9;383;428;1643;80;657;640;14.5;65.4;0.877
14/12/2004;08.00.00;1.8;647;338;6.3;383;194;1758;92;687;255;37.1;41.3;1.211
14/12/2004;09.00.00;0.5;647;67;2.5;383;158;1762;98;730;228;24.3;36.2;1.752
14/12/2004;10.00.00;1.6;647;146;5.9;383;289;1761;62;566;262;20.0;39.6;0.686
14/12/2004;11.00.00;2.2;701;194;10.1;383;247;1803;63;617;291;6.4;13.6;0.273
14/12/2004;12.00.00;4.2;1195;430;11.8;383;139;1867;226;1915;228;17.5;43.8;0.54
14/12/2004;13.00.00;1.7;647;116;4.1;383;380;1686;128;1031;365;22.1;47.2;1.247
14/12/2004;14.00.00;3.7;978;55;13.0;383;433;1761;93;720;468;17.3;46.3;1.78
14/12/2004;15.00.00;4.2;1020;80;13.0;383;458;1763;131;1148;528;16.9;37.0;0.732
14/12/2004;16.00.00;4.2;1211;304;15.6;425;330;1647;120;887;377;16.7;52.7;1.383
14/12/2004;17.00.00;2.5;647;161;9.3;383;138;1912;69;691;228;12.4;66.4;1.035
14/12/2004;18.00.00;0.1;647;202;4.2;383;53;1961;21;551;228;8.0;31.8;1.18
14/12/2004;19.00.00;2.8;677;290;8.8;383;2;2052;87;696;228;35.5;39.9;0.908
14/12/2004;20.00.00;3.6;1061;202;8.6;383;404;1815;104;791;545;10.0;9.2;0.569
14/12/2004;21.00.00;2.0;647;237;7.2;383;275;1954;107;864;388;14.3;70.2;1.516
14/12/2004;22.00.00;4.6;1348;268;14.6;383;181;1912;25;551;298;20.0;39.5;0.82
14/12/2004;23.00.00;3.4;992;177;11.8;383;2;2001;232;1826;228;1.6;50.7;0.689
15/12/2004;00.00.00;2.9;791;202;10.8;383;64;1919;228;1838;228;30.4;40.1;1.078
15/12/2004;01.00.00;3.7;1022;240;10.7;383;2;2197;134;1066;228;27.4;50.4;0.948
15/12/2004;02.00.00;2.6;691;300;6.4;383;466;1565;114;714;482;6.0;58.1;1.82
15/12/2004;03.00.00;0.1;647;142;0.1;383;343;1791;85;885;475;15.4;37.6;1.04
15/12/2004;04.00.00;1.5;647;7;0.1;383;46;1941;140;1252;228;25.7;56.7;1.003
15/12/2004;05.00.00;3.8;1102;282;12.4;413;496;1495;107;765;622;17.8;18.8;1.408
15/12/2004;06.00.00;1.0;647;306;2.4;383;135;2028;173;1335;228;26.0;61.2;1.016
15/12/2004;07.00.00;1.8;647;237;7.6;383;299;1621;156;1241;417;30.2;34.2;1.261
15/12/2004;08.00.00;0.7;647;243;0.1;383;299;1588;72;630;381;11.4;58.6;1.141
15/12/2004;09.00.00;4.6;1310;164;14.9;383;231;1870;79;677;274;21.7;57.2;1.395
15/12/2004;10.00.00;4.5;1280;265;17.6;430;199;1815;159;1188;228;8.4;88.7;1.427
15/12/2004;11.00.00;0.9;647;299;4.3;383;251;1833;146;1358;437;14.3;64.1;0.652
15/12/2004;12.00.00;2.4;647;223;9.5;383;203;1836;59;551;239;18.6;69.6;0.564
15/12/2004;13.00.00;1.2;647;454;4.5;383;284;1820;91;872;312;19.2;53.7;0.537
15/12/2004;14.00.00;3.0;906;69;6.3;383;290;1744;105;796;357;11.2;51.7;1.154
15/12/2004;15.00.00;2.9;748;233;9.5;383;165;1939;111;974;289;22.8;16.6;1.585
15/12/2004;16.00.00;3.3;1053;106;11.3;383;414;1742;109;906;477;6.3;72.6;0.294
15/12/2004;17.00.00;2.6;790;301;6.2;383;117;2029;156;1180;233;11.0;82.2;1.744
15/12/2004;18.00.00;6.3;1680;67;19.8;470;305;1856;119;1006;383;26.6;48.8;1.357
15/12/2004;19.00.00;0.7;647;91;0.1;383;194;1836;116;949;291;11.6;37.1;0.524
15/12/2004;20.00.00;0.1;647;157;0.1;383;113;1965;76;687;228;20.2;38.9;0.856
15/12/2004;21.00.00;1.6;647;243;4.2;383;203;1870;121;906;298;31.1;45.7;0.632
15/12/2004;22.00.00;0.1;647;161;3.1;383;144;1917;111;886;244;17.9;35.5;1.493
15/12/2004;23.00.00;0.1;647;162;0.1;383;346;1616;89;784;450;28.8;53.3;1.298
16/12/2004;00.00.00;0.7;647;200;1.9;383;231;1875;57;551;405;7.2;65.1;0.866
16/12/2004;01.00.00;0.9;647;194;2.6;383;455;1684;174;1302;537;13.3;46.7;0.992
16/12/2004;02.00.00;0.8;647;359;1.4;383;100;2065;198;1590;228;19.8;56.8;1.318
16/12/2004;03.00.00;2.9;894;283;10.6;383;2;2091;124;1012;228;9.7;65.5;0.896
16/12/2004;04.00.00;1.4;647;187;0.6;383;306;1766;181;1447;400;14.3;42.6;0.672
16/12/2004;05.00.00;1.9;647;417;8.3;383;509;1584;124;1056;545;19.2;76.7;0.954
16/12/2004;06.00.00;3.4;1015;264;10.9;383;320;1663;46;551;319;19.3;81.8;1.123
16/12/2004;07.00.00;1.1;647;125;6.1;383;101;2063;127;1101;228;15.5;71.5;0.582
16/12/2004;08.00.00;1.8;647;242;0.2;383;89;1843;96;799;274;3.3;53.3;0.879
16/12/2004;09.00.00;2.7;731;268;3.6;383;555;1405;135;997;654;12.8;31.7;0.978
16/12/2004;10.00.00;0.1;647;152;0.1;383;187;1921;188;1520;228;6.8;58.7;1.008
16/12/2004;11.00.00;0.1;647;118;1.3;383;90;1934;88;703;228;17.4;55.6;1.506
16/12/2004;12.00.00;2.6;728;226;7.3;383;428;1678;131;999;452;17.7;80.2;1.225
16/12/2004;13.00.00;2.8;917;183;10.3;383;223;1836;154;1113;371;17.0;43.0;1.195
16/12/2004;14.00.00;5.0;1533;358;18.1;383;2;1913;178;1329;228;10.5;36.5;0.556
16/12/2004;15.00.00;2.4;731;288;8.9;383;564;1577;160;1214;724;4.6;80.0;0.803
16/12/2004;16.00.00;3.3;882;157;10.8;383;335;1705;59;560;393;29.4;45.1;1.108
16/12/2004;17.00.00;1.9;647;258;6.2;383;14;1951;59;551;228;18.2;49.4;0.972
16/12/2004;18.00.00;2.6;653;338;7.0;383;459;1746;149;1295;635;15.5;38.1;1.344
16/12/2004;19.00.00;4.5;1331;85;14.2;394;85;1994;94;674;228;17.5;52.3;1.263
16/12/2004;20.00.00;0.1;647;120;0.1;383;76;1754;65;551;228;7.3;49.0;0.18
16/12/2004;21.00.00;2.7;818;216;7.2;383;109;1929;170;1315;255;28.3;48.9;1.097
16/12/2004;22.00.00;5.1;1352;221;17.5;460;542;1651;95;738;848;12.3;51.5;1.193
16/12/2004;23.00.00;2.5;778;213;7.2;383;558;1453;191;1549;683;17.1;49.6;0.18
17/12/2004;00.00.00;4.5;1250;188;12.8;383;162;1801;91;784;228;21.9;27.8;1.139
17/12/2004;01.00.00;1.3;647;187;5.0;383;506;1674;77;717;753;23.7;68.6;2.102
17/12/2004;02.00.00;2.1;680;254;7.5;383;2;1962;109;703;228;17.8;63.6;0.796
17/12/2004;03.00.00;2.2;729;325;6.6;383;385;1533;149;1357;553;9.8;58.7;0.811
17/12/2004;04.00.00;0.1;647;172;0.1;383;454;1732;127;931;499;22.8;36.8;1.09
17/12/2004;05.00.00;0.5;647;449;2.5;383;476;1604;203;1638;610;24.8;68.0;1.414
17/12/2004;06.00.00;0.6;647;404;3.9;383;257;1823;121;1046;232;27.4;47.8;1.367
17/12/2004;07.00.00;3.3;840;344;11.0;383;332;1729;104;887;378;22.3;42.1;0.676
17/12/2004;08.00.00;3.4;776;277;8.4;383;136;1980;185;1573;228;34.8;45.9;1.131
17/12/2004;09.00.00;2.6;647;408;7.9;383;249;1712;141;1213;339;19.2;46.5;0.852
17/12/2004;10.00.00;3.3;930;190;9.8;383;220;1876;93;778;297;19.6;29.1;0.767
17/12/2004;11.00.00;1.9;647;138;4.0;383;212;1935;124;1055;228;27.8;62.2;1.344
17/12/2004;12.00.00;3.8;1058;168;13.3;383;419;1556;123;888;679;30.9;51.8;1.969
17/12/2004;13.00.00;2.2;647;122;8.1;383;278;1717;103;768;340;29.1;63.8;0.914
17/12/2004;14.00.00;2.2;647;229;8.6;383;505;1727;121;896;594;17.4;39.3;0.76
17/12/2004;15.00.00;1.8;647;246;3.7;383;283;1859;51;551;262;24.1;55.9;0.563
17/12/2004;16.00.00;3.1;866;237;10.3;383;581;1469;95;692;760;26.5;47.5;1.452
17/12/2004;17.00.00;1.6;647;216;5.0;383;433;1555;133;986;448;18.5;41.8;1.87
17/12/2004;18.00.00;3.5;963;230;11.9;383;232;1836;87;626;340;11.2;55.0;0.4
17/12/2004;19.00.00;0.6;647;382;2.1;383;272;1808;70;615;257;10.0;60.7;0.867
17/12/2004;20.00.00;0.6;647;276;1.9;383;117;1901;111;827;228;21.0;38.7;0.18
17/12/2004;21.00.00;3.1;1013;305;9.7;383;270;1970;90;790;309;25.0;75.8;1.254
17/12/2004;22.00.00;2.0;681;236;8.7;383;95;1975;49;551;228;14.3;44.8;0.736
17/12/2004;23.00.00;1.5;647;64;3.1;383;449;1573;50;551;435;11.9;86.2;0.61
18/12/2004;00.00.00;3.4;862;45;10.5;383;193;1929;132;1029;268;13.9;36.3;0.752
18/12/2004;01.00.00;1.3;647;415;6.3;383;300;1764;117;1033;282;19.2;43.2;0.462
18/12/2004;02.00.00;1.9;647;167;4.4;383;2;1944;128;1029;228;24.2;13.6;1.485
18/12/2004;03.00.00;4.1;1111;159;11.6;383;205;1907;98;812;292;21.0;48.9;1.318
18/12/2004;04.00.00;4.3;1277;241;15.2;383;189;1966;40;551;230;18.1;69.5;1.542
18/12/2004;05.00.00;4.4;1315;270;11.1;383;386;1707;71;636;494;29.1;31.8;0.789
18/12/2004;06.00.00;1.8;647;282;6.9;383;325;1661;97;775;451;39.8;60.0;1.152
18/12/2004;07.00.00;3.9;1030;386;11.4;383;401;1687;133;931;495;18.1;37.9;1.177
18/12/2004;08.00.00;0.8;647;360;3.4;383;313;1672;29;551;365;30.9;54.3;1.201
18/12/2004;09.00.00;0.9;647;140;0.4;383;434;1670;2;551;441;12.5;63.8;0.809
18/12/2004;10.00.00;0.1;647;310;2.7;383;310;1812;182;1432;547;27.1;86.9;1.237
18/12/2004;11.00.00;4.5;1229;181;11.9;383;35;1813;141;1105;228;11.4;69.7;1.348
18/12/2004;12.00.00;0.9;647;204;4.5;383;232;1871;70;551;278;15.2;43.9;1.097
18/12/2004;13.00.00;2.0;647;114;4.0;383;240;1778;101;906;262;17.7;22.8;1.097
18/12/2004;14.00.00;0.9;647;57;6.4;383;2;1953;92;800;228;2.6;57.5;1.719
18/12/2004;15.00.00;3.1;836;215;9.9;383;90;1821;126;930;228;3.4;73.5;1.312
18/12/2004;16.00.00;1.6;647;127;9.1;383;558;1467;88;713;712;11.2;49.9;0.679
18/12/2004;17.00.00;0.3;647;306;0.1;383;203;1977;57;551;228;28.6;41.7;0.872
18/12/2004;18.00.00;2.8;715;191;8.0;383;229;1884;136;989;410;16.1;62.7;1.661
18/12/2004;19.00.00;0.1;647;247;2.9;383;2;2101;200;1725;228;25.3;46.3;2.066
18/12/2004;20.00.00;1.0;647;347;0.3;383;39;1899;138;1079;228;4.8;44.3;0.772
18/12/2004;21.00.00;0.1;647;76;0.1;383;320;1887;116;865;407;20.9;54.4;1.219
18/12/2004;22.00.00;0.2;647;149;1.5;383;174;1854;102;726;274;21.5;61.8;1.158
18/12/2004;23.00.00;2.4;647;235;5.6;383;76;1875;75;581;228;10.3;30.8;1.189
19/12/2004;00.00.00;0.1;647;247;1.4;383;444;1558;93;577;621;32.9;19.3;0.677
19/12/2004;01.00.00;0.1;647;322;0.7;383;138;1805;131;1042;228;7.9;28.8;1.232
19/12/2004;02.00.00;2.1;647;300;3.8;383;46;1902;169;1456;228;16.1;35.2;0.681
19/12/2004;03.00.00;1.4;647;227;6.4;383;252;1726;172;1451;288;37.6;82.2;0.297
19/12/2004;04.00.00;4.9;1520;246;13.3;383;121;1975;121;1007;228;10.4;41.2;1.337
19/12/2004;05.00.00;4.7;1367;249;16.6;385;121;2111;121;1168;228;13.0;57.8;1.735
19/12/2004;06.00.00;0.9;647;78;3.2;383;236;1790;115;944;228;19.2;39.3;0.84
19/12/2004;07.00.00;2.9;820;203;8.5;383;147;1863;140;1050;228;7.4;37.5;1.006
19/12/2004;08.00.00;3.2;936;241;8.0;383;2;1849;115;989;228;22.1;67.5;0.636
19/12/2004;09.00.00;1.3;647;261;4.9;383;331;1660;116;939;563;3.8;18.4;1.076
19/12/2004;10.00.00;0.1;647;130;0.1;383;378;1567;71;576;551;18.0;71.3;0.95
19/12/2004;11.00.00;2.1;647;97;9.2;383;207;1898;70;588;228;29.6;48.9;0.659
19/12/2004;12.00.00;1.9;647;195;8.6;383;340;1881;79;606;311;23.1;50.9;0.762
19/12/2004;13.00.00;1.5;647;404;8.2;383;189;1761;124;1145;228;17.7;67.4;0.203
19/12/2004;14.00.00;2.8;788;140;9.4;383;2;1982;98;656;228;15.4;73.1;0.316
19/12/2004;15.00.00;1.1;647;329;2.7;383;383;1673;236;1960;522;17.3;33.9;0.209
19/12/2004;16.00.00;0.5;647;368;1.1;383;230;1870;131;1063;329;15.7;23.1;0.722
19/12/2004;17.00.00;2.3;683;222;6.6;383;269;1793;188;1543;396;21.2;20.9;0.876
19/12/2004;18.00.00;2.7;647;153;9.1;383;229;1985;184;1443;279;23.2;49.3;1.139
19/12/2004;19.00.00;0.5;647;266;2.5;383;218;1765;133;1188;271;19.1;33.3;1.391
19/12/2004;20.00.00;3.4;936;236;13.5;383;267;1857;111;959;236;23.6;27.2;0.42
19/12/2004;21.00.00;0.1;647;136;0.4;383;270;1735;69;551;346;22.1;57.8;1.402
19/12/2004;22.00.00;1.3;647;155;1.5;383;439;1520;84;762;628;8.0;59.0;0.871
19/12/2004;23.00.00;1.8;647;261;4.9;383;313;1863;153;1250;341;-0.7;44.6;1.26
20/12/2004;00.00.00;1.3;647;306;7.1;383;426;1809;125;960;543;19.4;44.5;1.258
20/12/2004;01.00.00;1.4;647;187;1.2;383;476;1651;82;551;577;14.4;53.2;1.093
20/12/2004;02.00.00;4.8;1349;211;16.7;383;2;1947;103;885;228;19.6;28.1;1.161
20/12/2004;03.00.00;1.0;647;281;2.3;383;441;1555;128;972;570;31.4;58.5;1.279
20/12/2004;04.00.00;5.6;1595;201;16.0;383;345;1768;114;955;560;15.9;62.0;2.009
20/12/2004;05.00.00;2.8;709;189;9.6;383;320;1573;101;929;494;20.5;71.5;2.127
20/12/2004;06.00.00;2.3;858;146;10.4;383;397;1751;110;818;409;11.2;18.0;0.866
20/12/2004;07.00.00;2.8;794;144;9.7;383;205;1802;2;551;256;21.9;57.7;1.569
20/12/2004;08.00.00;5.7;1547;471;17.7;452;338;1694;113;819;464;11.7;58.9;1.024
20/12/2004;09.00.00;0.8;647;199;0.1;383;84;1846;62;616;228;26.0;76.2;1.251
20/12/2004;10.00.00;0.6;647;347;1.7;383;29;1861;130;1189;228;19.0;45.7;0.721
20/12/2004;11.00.00;1.1;647;377;0.8;383;327;1733;119;1027;332;16.8;45.7;1.474
20/12/2004;12.00.00;2.2;647;200;6.4;383;235;1827;148;1226;332;4.9;45.1;1.239
20/12/2004;13.00.00;0.1;647;253;0.2;383;245;1796;149;1266;448;7.0;42.2;1.492
20/12/2004;14.00.00;2.2;647;227;2.3;383;123;1988;195;1537;228;22.6;33.7;0.732
20/12/2004;15.00.00;4.5;1369;64;17.2;479;305;1760;17;551;290;27.3;31.6;0.18
20/12/2004;16.00.00;2.4;813;70;5.1;383;180;1912;106;796;307;19.9;37.3;1.81
20/12/2004;17.00.00;1.7;647;222;5.2;383;238;1691;15;551;305;16.2;56.7;0.733
20/12/2004;18.00.00;1.3;647;177;5.2;383;171;1827;136;999;228;18.4;33.7;0.96
20/12/2004;19.00.00;3.4;841;397;13.5;383;123;2020;104;916;228;16.9;59.7;1.757
20/12/2004;20.00.00;1.0;647;195;1.6;383;214;1906;90;714;245;12.4;48.4;0.595
20/12/2004;21.00.00;4.7;1261;403;10.1;383;427;1684;125;977;572;7.2;58.3;1.231
20/12/2004;22.00.00;4.9;1400;172;17.7;483;173;1830;62;634;228;7.3;60.9;1.837
20/12/2004;23.00.00;2.5;705;399;5.5;383;226;1743;201;1620;228;12.5;44.3;1.126
21/12/2004;00.00.00;2.1;647;266;7.5;383;205;1793;101;884;236;18.7;69.0;1.848
21/12/2004;01.00.00;3.6;1017;271;12.3;383;148;1932;116;1125;325;7.4;68.6;1.038
21/12/2004;02.00.00;3.7;1078;169;5.3;383;434;1494;106;837;609;17.4;29.0;1.425
21/12/2004;03.00.00;1.0;647;272;0.1;383;37;2113;157;1296;228;12.0;37.2;0.952
21/12/2004;04.00.00;1.4;647;378;3.6;383;232;1912;55;551;228;4.6;43.4;0.695
21/12/2004;05.00.00;0.3;647;204;0.1;383;116;2003;152;1196;228;12.9;66.4;1.087
21/12/2004;06.00.00;2.7;760;185;6.0;383;332;1782;88;744;475;19.9;71.1;0.18
21/12/2004;07.00.00;3.1;821;194;10.1;383;266;1795;88;798;325;13.0;54.1;0.618
21/12/2004;08.00.00;0.3;647;371;0.7;383;426;1688;155;1304;606;29.8;73.2;0.929
21/12/2004;09.00.00;1.5;647;299;5.4;383;358;1684;100;810;361;23.0;43.1;1.151
21/12/2004;10.00.00;0.3;647;355;1.7;383;258;1962;142;909;327;26.4;74.5;1.705
21/12/2004;11.00.00;0.9;647;247;0.1;383;359;1701;143;1031;384;42.9;65.1;0.892
21/12/2004;12.00.00;2.9;808;221;6.8;383;373;1662;96;916;566;13.4;52.0;0.707
21/12/2004;13.00.00;1.1;647;258;5.1;383;106;1893;124;917;228;6.5;60.1;1.114
21/12/2004;14.00.00;1.7;647;319;8.6;383;364;1650;89;811;420;11.7;69.3;0.741
21/12/2004;15.00.00;0.1;647;194;0.1;383;291;1831;112;798;258;18.5;41.5;0.343
21/12/2004;16.00.00;2.4;766;348;8.2;383;320;1701;135;1008;451;21.1;38.3;0.728
21/12/2004;17.00.00;2.1;674;252;8.3;383;183;1843;67;591;255;19.5;58.3;0.559
21/12/2004;18.00.00;1.1;647;7;4.1;383;115;2014;134;1197;228;14.4;45.7;1.305
21/12/2004;19.00.00;1.9;688;301;5.5;383;87;2015;128;1078;228;21.3;49.1;0.712
21/12/2004;20.00.00;2.4;664;97;6.4;383;2;1916;41;551;228;27.1;75.4;1.303
21/12/2004;21.00.00;1.0;647;299;7.2;383;137;1984;77;551;228;12.0;35.3;0.727
21/12/2004;22.00.00;0.1;647;303;0.5;383;619;1391;79;551;778;10.6;63.9;1.131
21/12/2004;23.00.00;4.7;1273;249;15.7;496;371;1582;91;698;489;33.7;53.7;1.228
22/12/2004;00.00.00;1.3;647;269;4.7;383;294;1738;67;551;228;9.0;30.1;0.728
22/12/2004;01.00.00;2.0;689;322;4.8;383;393;1709;158;1260;509;24.8;27.3;0.601
22/12/2004;02.00.00;3.6;931;170;11.5;383;206;1817;163;1488;228;16.4;9.4;1.305
22/12/2004;03.00.00;7.1;2022;293;22.0;589;186;1886;75;551;228;29.9;41.5;0.655
22/12/2004;04.00.00;0.4;647;328;0.6;383;201;1808;57;551;286;15.7;30.7;0.424
22/12/2004;05.00.00;2.8;779;385;9.5;383;133;1728;112;1032;228;21.2;49.7;0.659
22/12/2004;06.00.00;1.2;647;112;1.9;383;145;1867;176;1466;228;7.5;52.1;0.731
22/12/2004;07.00.00;1.4;647;256;2.1;383;243;1683;216;1643;264;12.6;19.9;1.428
22/12/2004;08.00.00;1.1;647;126;4.7;383;255;1795;80;551;287;20.0;13.5;0.229
22/12/2004;09.00.00;0.6;647;122;0.8;383;448;1540;3;551;600;12.7;58.4;1.586
22/12/2004;10.00.00;2.1;647;252;6.0;383;402;1719;41;551;635;7.7;42.1;0.681
22/12/2004;11.00.00;0.1;647;225;0.1;383;18;2093;27;551;228;35.0;34.4;1.102
22/12/2004;12.00.00;3.5;767;326;13.0;383;200;1700;133;1247;243;17.8;44.3;1.325
22/12/2004;13.00.00;2.2;705;185;8.2;383;76;1775;117;860;228;27.2;56.5;0.907
22/12/2004;14.00.00;2.7;767;205;10.2;383;2;1974;123;935;228;33.3;65.5;0.609
22/12/2004;15.00.00;1.5;647;238;5.6;383;259;1882;167;1409;298;13.8;48.7;1.704
22/12/2004;16.00.00;1.6;647;136;2.2;383;334;1745;191;1553;266;17.3;53.1;0.888
22/12/2004;17.00.00;2.6;686;149;8.6;383;256;1760;153;1347;228;18.6;64.7;0.838
22/12/2004;18.00.00;0.5;647;324;0.4;383;312;1663;148;1251;273;21.8;64.3;1.804
22/12/2004;19.00.00;1.6;647;165;3.4;383;194;1902;42;551;228;26.9;68.3;0.818
22/12/2004;20.00.00;0.9;647;330;4.0;383;88;2051;88;749;228;25.8;27.1;0.18
22/12/2004;21.00.00;0.9;647;275;6.2;383;189;1698;179;1445;243;23.8;9.2;1.64
22/12/2004;22.00.00;0.1;647;70;3.3;383;455;1659;86;552;589;15.4;35.6;0.564
22/12/2004;23.00.00;4.0;1103;268;14.1;383;303;1960;166;1501;228;17.9;64.9;1.784
23/12/2004;00.00.00;1.2;647;267;3.7;383;13;1940;118;866;228;8.0;48.0;1.078
23/12/2004;01.00.00;3.8;1052;258;11.7;383;265;1772;150;1196;369;23.7;70.4;0.977
23/12/2004;02.00.00;3.6;1037;204;9.9;383;440;1644;71;551;385;36.5;27.7;0.474
23/12/2004;03.00.00;0.3;647;128;0.6;383;362;1677;149;1206;335;20.1;35.9;1.225
23/12/2004;04.00.00;0.6;647;345;3.8;383;442;1733;82;673;622;29.2;56.2;0.592
23/12/2004;05.00.00;5.7;1641;208;22.0;440;18;2129;124;1038;228;24.7;52.5;1.222
23/12/2004;06.00.00;4.6;1255;134;13.1;383;265;1651;111;854;399;13.6;52.7;1.044
23/12/2004;07.00.00;2.1;647;261;2.7;383;192;1771;170;1448;232;10.9;46.3;1.53
23/12/2004;08.00.00;2.5;674;147;7.0;383;337;1830;152;1169;363;8.9;47.0;0.654
23/12/2004;09.00.00;1.3;647;127;5.9;383;116;1955;28;551;228;19.0;77.3;0.486
23/12/2004;10.00.00;2.8;872;182;13.0;383;113;1944;74;551;228;22.5;47.2;0.754
23/12/2004;11.00.00;1.1;647;154;6.3;383;245;1859;82;678;325;22.9;67.4;1.139
23/12/2004;12.00.00;0.1;647;131;2.9;383;104;1923;146;1291;228;8.9;48.4;1.582
23/12/2004;13.00.00;0.3;647;294;0.1;383;285;1809;89;693;228;27.9;67.7;0.809
23/12/2004;14.00.00;2.2;658;207;5.3;383;2;1972;60;626;228;13.6;47.3;0.916
23/12/2004;15.00.00;0.6;647;336;0.1;383;425;1641;47;551;438;19.0;45.5;1.059
23/12/2004;16.00.00;2.1;647;136;5.2;383;2;1990;147;1074;228;12.9;47.1;0.65
23/12/2004;17.00.00;0.6;647;53;3.9;383;384;1659;13;551;397;8.5;62.9;0.477
23/12/2004;18.00.00;1.1;647;232;6.6;383;157;1911;163;1295;248;7.9;23.7;0.969
23/12/2004;19.00.00;3.3;958;394;11.4;383;24;2004;51;551;228;23.7;41.9;1.339
23/12/2004;20.00.00;2.5;835;268;7.5;383;272;1633;91;753;403;17.9;60.3;0.877
23/12/2004;21.00.00;2.1;647;523;4.7;383;381;1678;56;551;604;9.2;46.9;1.35
23/12/2004;22.00.00;3.4;864;249;10.6;383;423;1663;68;626;545;13.0;35.7;0.364
23/12/2004;23.00.00;2.8;781;240;9.4;383;418;1787;102;791;548;29.4;47.1;0.963
24/12/2004;00.00.00;4.2;1251;13;10.4;383;114;1885;106;743;228;25.1;61.5;0.18
24/12/2004;01.00.00;1.5;647;258;6.7;383;277;1785;38;551;228;22.9;69.0;1.134
24/12/2004;02.00.00;1.5;647;234;4.1;383;2;1992;93;746;228;34.9;30.5;0.62
24/12/2004;03.00.00;0.3;647;179;2.8;383;258;1899;117;1033;228;30.0;77.8;1.316
24/12/2004;04.00.00;1.5;647;205;4.9;383;297;1666;135;963;245;18.3;37.0;0.18
24/12/2004;05.00.00;3.5;852;211;11.8;404;188;1786;14;551;228;13.7;47.0;1.42
24/12/2004;06.00.00;4.0;1168;200;11.3;383;2;1930;90;743;228;38.7;31.5;0.41
24/12/2004;07.00.00;3.5;964;416;10.5;383;155;1877;14;551;263;27.6;53.0;0.772
24/12/2004;08.00.00;0.1;647;182;1.6;383;537;1450;88;655;658;13.6;40.5;0.621
24/12/2004;09.00.00;3.7;954;234;11.5;442;305;1872;92;673;278;7.3;39.4;1.29
24/12/2004;10.00.00;0.1;647;179;0.1;383;171;1895;143;1198;228;0.0;56.0;1.09
24/12/2004;11.00.00;3.4;915;292;11.1;383;221;1869;159;1095;378;7.8;46.6;1.332
24/12/2004;12.00.00;1.6;647;234;6.0;383;304;1924;63;551;344;14.2;37.8;1.156
24/12/2004;13.00.00;3.1;823;191;12.8;383;8;1965;127;1064;228;28.7;40.7;0.804
24/12/2004;14.00.00;0.3;647;35;3.2;383;16;2054;144;1183;228;25.9;59.2;0.607
24/12/2004;15.00.00;3.8;1279;241;12.0;383;133;1939;77;633;342;20.1;27.1;1.23
24/12/2004;16.00.00;0.1;647;188;0.1;383;167;1988;150;1069;228;22.9;54.3;1.21
24/12/2004;17.00.00;1.2;647;212;3.4;383;520;1638;119;854;494;11.7;30.3;0.72
24/12/2004;18.00.00;0.8;647;105;1.4;383;256;1753;99;906;314;7.5;58.3;0.612
24/12/2004;19.00.00;0.1;647;354;1.3;383;166;1900;119;950;228;16.2;72.1;1.125
24/12/2004;20.00.00;2.3;647;299;9.4;383;254;1744;37;551;423;25.9;34.6;1.522
24/12/2004;21.00.00;4.7;1323;353;17.5;451;2;1961;119;894;228;18.4;34.1;1.004
24/12/2004;22.00.00;5.9;1748;326;18.0;513;107;1912;72;580;228;23.7;82.3;0.906
24/12/2004;23.00.00;2.3;672;274;6.3;383;131;1879;114;876;228;18.3;62.5;0.89
25/12/2004;00.00.00;3.7;1027;109;11.0;383;89;1856;93;816;228;7.6;43.9;0.421
25/12/2004;01.00.00;2.5;647;393;4.1;383;434;1470;126;930;437;20.3;47.7;1.47
25/12/2004;02.00.00;2.8;917;129;6.7;383;346;1746;170;1428;502;14.9;29.0;0.909
25/12/2004;03.00.00;1.7;647;192;5.3;383;60;1980;119;1084;228;26.7;13.4;0.652
25/12/2004;04.00.00;2.4;647;285;8.5;383;52;1987;161;1337;228;5.4;48.3;0.326
25/12/2004;05.00.00;2.9;815;289;10.3;383;53;2109;63;551;228;30.3;40.8;1.303
25/12/2004;06.00.00;1.3;647;272;2.7;383;217;1703;181;1520;228;8.1;60.0;1.328
25/12/2004;07.00.00;2.0;647;179;5.6;383;276;1902;64;551;228;15.7;49.2;1.066
25/12/2004;08.00.00;2.1;647;160;6.1;383;309;1951;52;551;525;6.1;43.1;1.247
25/12/2004;09.00.00;3.3;992;458;9.8;383;90;2068;99;809;228;26.1;42.3;0.945
25/12/2004;10.00.00;0.7;647;214;3.5;383;218;1797;91;713;347;9.1;20.4;0.519
25/12/2004;11.00.00;2.1;647;202;4.0;383;237;1846;37;551;252;13.6;29.7;1.508
25/12/2004;12.00.00;4.8;1471;150;13.1;383;429;1594;58;551;563;26.3;30.4;1.343
25/12/2004;13.00.00;3.8;1132;241;11.5;383;364;1654;2;551;372;13.9;61.7;0.645
25/12/2004;14.00.00;4.0;1136;236;10.2;383;26;2116;48;551;228;17.4;59.0;1.367
25/12/2004;15.00.00;2.2;647;216;3.2;383;2;2054;81;732;228;22.7;52.8;1.448
25/12/2004;16.00.00;2.6;755;254;5.3;383;229;1877;184;1572;228;20.8;78.4;1.039
25/12/2004;17.00.00;3.6;1050;385;10.9;383;148;1791;147;1225;228;19.7;53.2;0.808
25/12/2004;18.00.00;4.3;993;161;15.1;470;98;1802;128;1081;228;13.3;50.1;1.172
25/12/2004;19.00.00;0.1;647;222;1.6;383;130;1980;216;1717;228;14.9;40.3;1.035
25/12/2004;20.00.00;0.3;647;156;4.2;383;334;1765;26;551;539;21.5;44.5;0.756
25/12/2004;21.00.00;4.0;1097;245;12.9;383;15;1963;109;892;228;15.7;34.3;1.491
25/12/2004;22.00.00;1.8;647;163;6.1;383;528;1715;210;1809;611;20.0;69.3;1.329
25/12/2004;23.00.00;1.2;647;168;3.4;383;136;1938;88;731;426;2.6;57.2;1.116
26/12/2004;00.00.00;0.4;647;79;0.9;383;342;1657;73;719;533;17.8;46.1;0.891
26/12/2004;01.00.00;1.4;647;227;8.6;383;143;1730;152;1354;228;22.3;45.5;1.522
26/12/2004;02.00.00;0.2;647;258;1.1;383;13;2036;86;687;228;23.3;70.6;0.745
26/12/2004;03.00.00;5.1;1357;394;16.9;452;223;1783;173;1350;239;16.3;60.9;1.211
26/12/2004;04.00.00;2.1;653;262;4.5;383;54;1945;152;1188;228;20.6;35.8;0.767
26/12/2004;05.00.00;2.1;647;175;7.4;383;268;1767;103;820;274;13.2;24.3;1.592
26/12/2004;06.00.00;3.0;860;88;10.8;383;242;1920;160;1202;278;29.3;45.1;0.813
26/12/2004;07.00.00;3.5;979;101;13.4;423;139;1955;101;858;228;15.3;53.5;0.876
26/12/2004;08.00.00;3.5;1024;94;12.4;383;269;1776;119;1031;295;28.2;19.9;0.916
26/12/2004;09.00.00;3.7;817;396;11.4;388;404;1666;141;980;452;17.1;19.3;0.653
26/12/2004;10.00.00;1.3;647;245;3.7;383;229;1839;94;897;312;8.7;42.2;1.747
26/12/2004;11.00.00;1.7;647;162;5.4;383;134;1997;185;1441;228;16.1;61.9;1.26
26/12/2004;12.00.00;3.2;739;126;10.5;383;307;1760;116;907;379;10.0;52.7;1.046
26/12/2004;13.00.00;1.4;647;136;7.1;383;313;1703;126;1039;494;15.8;50.7;0.787
26/12/2004;14.00.00;2.1;647;160;9.0;383;202;1741;49;551;328;9.8;43.3;1.224
26/12/2004;15.00.00;2.7;692;343;10.2;383;456;1628;82;609;652;16.2;64.8;0.566
26/12/2004;16.00.00;3.2;854;215;14.5;424;200;1744;120;900;228;25.9;61.0;0.478
26/12/2004;17.00.00;0.1;647;80;0.1;383;473;1648;154;1237;475;29.5;80.6;0.688
26/12/2004;18.00.00;3.2;962;437;9.2;383;145;1919;180;1400;228;13.1;46.6;1.318
26/12/2004;19.00.00;1.8;647;109;5.8;383;376;1794;62;551;484;23.8;69.2;1.343
26/12/2004;20.00.00;3.1;833;161;8.7;383;212;1813;73;551;228;30.2;42.6;1.042
26/12/2004;21.00.00;3.2;848;342;8.5;383;287;1852;53;551;371;8.7;43.2;0.917
26/12/2004;22.00.00;4.4;1038;257;10.6;383;2;2127;136;1003;228;4.3;54.6;0.984
26/12/2004;23.00.00;4.0;1143;173;12.3;383;577;1543;180;1527;666;6.9;45.5;1.268
27/12/2004;00.00.00;4.0;1204;101;14.7;383;294;1943;105;908;249;17.6;41.1;0.18
27/12/2004;01.00.00;4.2;1249;126;14.9;384;401;1793;115;755;515;0.6;58.3;1.164
27/12/2004;02.00.00;2.6;647;131;6.7;383;35;1933;119;1022;228;27.2;39.5;1.306
27/12/2004;03.00.00;2.2;647;218;7.5;383;272;2017;90;551;228;0.1;84.2;1.305
27/12/2004;04.00.00;3.4;945;236;13.5;383;218;1819;54;551;228;17.9;56.2;1.127
27/12/2004;05.00.00;3.2;955;203;7.1;383;84;2044;163;1393;228;20.6;58.3;1.224
27/12/2004;06.00.00;1.7;647;214;5.2;383;442;1696;120;919;437;23.5;55.5;1.634
27/12/2004;07.00.00;2.7;783;118;9.3;383;268;1809;86;818;278;27.0;80.9;0.738
27/12/2004;08.00.00;2.1;679;245;6.7;383;237;1914;257;2114;228;31.1;73.3;0.982
27/12/2004;09.00.00;1.0;647;339;4.8;383;341;1738;112;868;502;21.1;67.1;0.923
27/12/2004;10.00.00;4.0;1090;202;9.7;383;115;1901;30;551;228;13.2;74.4;1.472
27/12/2004;11.00.00;2.2;754;200;5.1;383;270;1779;144;1275;297;19.5;48.7;0.869
27/12/2004;12.00.00;5.0;1389;225;17.4;437;259;1700;24;551;366;21.2;67.7;0.649
27/12/2004;13.00.00;0.1;647;324;0.1;383;266;1872;135;934;342;19.9;54.3;0.721
27/12/2004;14.00.00;1.4;647;133;6.0;383;403;1624;134;998;508;14.2;69.6;0.389
27/12/2004;15.00.00;2.2;647;355;7.9;383;181;1871;179;1443;267;27.7;51.2;0.916
27/12/2004;16.00.00;3.7;1076;258;13.5;421;164;1869;64;551;228;14.9;52.7;0.958
27/12/2004;17.00.00;2.7;686;220;7.7;383;152;1926;98;982;228;17.0;31.5;0.478
27/12/2004;18.00.00;2.6;745;333;9.3;383;145;1882;109;825;246;11.3;25.6;0.758
27/12/2004;19.00.00;0.6;647;105;0.1;383;414;1646;154;1186;510;25.4;66.1;0.854
27/12/2004;20.00.00;0.5;647;267;0.9;383;235;1845;133;991;281;35.6;52.5;1.343
27/12/2004;21.00.00;2.6;752;258;8.4;383;402;1704;137;1173;491;27.6;56.5;0.661
27/12/2004;22.00.00;0.2;647;129;0.1;383;287;1685;171;1349;295;9.4;54.1;0.538
27/12/2004;23.00.00;1.4;647;261;4.9;383;112;1901;102;883;228;11.5;35.8;0.875
28/12/2004;00.00.00;2.9;744;244;6.8;383;15;2089;183;1558;228;5.5;29.6;1.298
28/12/2004;01.00.00;0.8;647;201;3.0;383;23;2177;108;899;228;20.4;67.4;0.919
28/12/2004;02.00.00;4.4;1263;299;17.6;383;109;1775;155;1272;228;21.9;57.4;1.183
28/12/2004;03.00.00;3.9;1203;163;9.8;383;402;1744;89;617;395;12.6;70.9;0.705
28/12/2004;04.00.00;0.1;647;243;0.3;383;445;1652;141;1011;421;13.6;31.0;1.136
28/12/2004;05.00.00;0.8;647;205;0.1;383;260;1744;168;1229;228;2.8;50.3;1.215
28/12/2004;06.00.00;0.1;647;159;0.1;383;387;1655;61;551;451;17.1;62.5;0.635
28/12/2004;07.00.00;1.1;647;265;4.8;383;161;1795;158;1450;321;12.4;79.6;0.696
28/12/2004;08.00.00;3.2;979;198;9.5;383;149;1771;121;927;228;12.5;56.8;0.19
28/12/2004;09.00.00;1.6;647;78;6.5;383;363;1739;210;1768;493;36.3;55.6;1.199
28/12/2004;10.00.00;2.8;839;46;9.7;383;271;1925;100;844;228;23.3;37.4;0.69
28/12/2004;11.00.00;0.1;647;292;0.2;383;358;1741;127;1019;491;17.8;46.0;0.899
28/12/2004;12.00.00;3.3;962;102;8.4;383;253;1810;105;824;249;19.8;26.7;0.928
28/12/2004;13.00.00;1.4;647;244;5.8;383;188;1799;144;1124;228;14.0;38.2;1.193
28/12/2004;14.00.00;2.2;736;223;7.5;383;212;1755;8;551;311;25.8;66.5;0.77
28/12/2004;15.00.00;2.0;647;182;3.4;383;292;1767;45;551;358;15.8;36.1;0.933
28/12/2004;16.00.00;0.4;647;403;0.1;383;282;1691;145;1229;358;9.3;49.7;1.487
28/12/2004;17.00.00;0.5;647;235;0.1;383;103;2007;114;880;228;31.0;40.6;1.632
28/12/2004;18.00.00;3.5;993;289;8.5;383;227;1771;16;551;420;11.7;54.0;1.222
28/12/2004;19.00.00;2.7;778;245;8.0;383;13;1921;82;613;228;34.4;38.8;1.494
28/12/2004;20.00.00;3.6;1070;196;9.5;383;192;2025;94;833;228;25.3;55.2;1.136
28/12/2004;21.00.00;2.6;837;216;6.7;383;105;2019;89;788;228;23.4;55.8;0.919
28/12/2004;22.00.00;2.4;650;356;10.3;383;2;1902;157;1379;228;10.3;38.0;1.28
28/12/2004;23.00.00;0.1;647;321;2.4;383;584;1462;173;1321;764;29.8;28.6;0.778
29/12/2004;00.00.00;1.8;647;403;4.3;383;127;1882;5;551;228;37.1;31.8;0.614
29/12/2004;01.00.00;2.1;647;239;8.3;383;101;1905;107;990;228;9.9;60.7;0.656
29/12/2004;02.00.00;4.9;1303;134;18.1;501;494;1567;118;1053;599;17.3;21.1;0.579
29/12/2004;03.00.00;3.1;718;176;11.2;383;66;2053;41;551;228;10.8;34.9;1.093
29/12/2004;04.00.00;4.3;1187;105;14.4;383;23;1997;173;1313;228;15.2;49.2;1.034
29/12/2004;05.00.00;3.0;719;290;11.8;383;214;1825;130;1066;228;16.6;70.2;0.18
29/12/2004;06.00.00;1.2;647;162;5.2;383;170;1815;153;1329;253;28.4;61.5;0.897
29/12/2004;07.00.00;2.3;650;7;5.0;383;148;1797;91;660;289;6.6;41.2;1.345
29/12/2004;08.00.00;2.5;784;452;7.6;383;105;1865;75;611;228;23.8;39.1;1.618
29/12/2004;09.00.00;0.8;647;163;1.6;383;217;1756;85;772;258;24.1;46.7;1.399
29/12/2004;10.00.00;1.6;647;163;7.5;383;496;1502;107;845;633;10.7;73.5;0.439
29/12/2004;11.00.00;1.9;647;376;4.8;383;2;2084;92;734;228;18.2;28.7;1.09
29/12/2004;12.00.00;4.4;1313;103;12.6;383;374;1774;156;1365;494;13.4;28.8;0.941
29/12/2004;13.00.00;0.1;647;325;2.4;383;480;1585;240;1894;690;19.0;47.6;1.532
29/12/2004;14.00.00;3.8;968;162;12.8;383;150;1985;140;1229;238;32.8;56.3;0.477
29/12/2004;15.00.00;0.8;647;92;6.9;383;303;1804;19;551;514;11.0;33.3;1.155
29/12/2004;16.00.00;0.2;647;380;0.1;383;227;1731;120;876;228;20.4;62.5;1.513
29/12/2004;17.00.00;3.8;1102;305;11.1;383;2;1881;55;551;228;10.6;62.6;0.241
29/12/2004;18.00.00;3.2;1007;305;12.4;383;432;1678;93;698;396;23.8;48.2;0.857
29/12/2004;19.00.00;3.9;1048;252;9.9;383;251;1836;111;796;263;20.6;41.4;0.559
29/12/2004;20.00.00;3.3;966;274;13.1;383;166;1763;100;961;240;22.8;51.9;1.263
29/12/2004;21.00.00;5.0;1287;100;13.7;383;13;1947;63;551;228;13.8;12.8;1.115
29/12/2004;22.00.00;2.9;835;228;10.6;383;325;1807;138;1078;346;8.9;17.0;1.341
29/12/2004;23.00.00;1.9;647;129;2.5;383;269;1910;17;551;313;5.3;56.0;0.68
30/12/2004;00.00.00;2.6;647;86;8.5;383;338;1735;131;1174;248;18.1;23.7;0.912
30/12/2004;01.00.00;3.9;1073;257;9.7;383;330;1739;69;686;400;22.3;36.2;0.895
30/12/2004;02.00.00;1.1;647;328;7.2;383;121;1866;126;967;270;21.2;52.6;1.131
30/12/2004;03.00.00;1.2;647;181;1.8;383;2;2117;48;551;228;23.9;64.1;1.112
30/12/2004;04.00.00;1.7;647;197;3.8;383;229;1861;124;963;273;13.7;55.5;0.5
30/12/2004;05.00.00;0.1;647;109;1.4;383;218;1757;179;1494;372;17.2;47.5;1.063
30/12/2004;06.00.00;2.3;713;218;6.3;383;271;1845;84;647;243;-0.8;48.7;0.257
30/12/2004;07.00.00;0.1;647;290;1.7;383;478;1561;83;551;557;16.9;41.9;1.219
30/12/2004;08.00.00;2.2;647;293;5.7;383;238;1733;133;987;379;31.9;49.1;0.363
30/12/2004;09.00.00;3.4;983;269;9.2;383;351;1682;123;1068;630;19.5;47.0;1.253
30/12/2004;10.00.00;1.5;647;159;4.7;383;303;1688;46;551;385;34.0;63.9;0.706
30/12/2004;11.00.00;4.5;1261;156;12.0;383;34;1900;166;1392;228;21.5;48.7;1.216
30/12/2004;12.00.00;0.1;647;293;1.1;383;48;1849;151;1244;228;26.0;42.6;1.376
30/12/2004;13.00.00;3.8;1129;295;14.0;383;422;1606;174;1339;536;23.7;63.5;0.609
30/12/2004;14.00.00;3.1;1020;201;11.0;383;111;1868;139;1101;228;24.7;51.7;1.497
30/12/2004;15.00.00;0.1;647;177;1.6;383;302;1649;203;1578;390;20.6;55.5;0.581
30/12/2004;16.00.00;5.9;1609;328;15.2;404;89;1971;23;551;228;24.8;24.3;1.052
30/12/2004;17.00.00;2.1;647;183;5.7;383;360;1570;186;1346;413;13.9;32.4;0.676
30/12/2004;18.00.00;0.9;647;288;2.5;383;283;1742;94;745;444;28.7;50.4;0.32
30/12/2004;19.00.00;0.2;647;204;3.5;383;200;1892;86;648;284;30.5;64.2;1.103
30/12/2004;20.00.00;1.8;647;118;4.7;383;347;1812;78;635;359;21.2;60.9;1.383
30/12/2004;21.00.00;2.0;647;371;1.7;383;285;1725;137;1141;244;15.1;36.9;0.833
30/12/2004;22.00.00;2.3;771;229;5.3;383;135;1972;151;1260;278;8.3;55.0;1.302
30/12/2004;23.00.00;1.7;647;150;4.2;383;247;1772;90;679;386;21.1;68.0;0.576
31/12/2004;00.00.00;3.0;924;85;5.4;383;348;1901;126;957;440;17.8;42.0;1.229
31/12/2004;01.00.00;1.6;647;95;7.1;383;415;1550;245;1953;394;12.8;39.7;0.18
31/12/2004;02.00.00;0.1;647;182;0.1;383;226;1738;80;734;247;10.1;60.8;1.495
31/12/2004;03.00.00;1.9;647;400;7.1;383;519;1597;94;711;664;9.6;71.3;0.772
31/12/2004;04.00.00;0.1;647;162;0.1;383;132;1793;181;1394;228;18.5;51.7;0.527
31/12/2004;05.00.00;2.6;742;355;11.5;383;7;1937;37;551;228;21.9;27.0;0.771
31/12/2004;06.00.00;0.8;647;205;1.9;383;30;2012;124;1038;228;22.2;57.7;1.753
31/12/2004;07.00.00;2.4;647;105;6.7;383;244;1819;2;551;228;43.7;57.5;1.182
31/12/2004;08.00.00;4.0;1137;173;13.8;383;247;1798;46;551;315;23.8;56.7;0.916
31/12/2004;09.00.00;0.8;647;96;0.6;383;265;1785;55;551;419;26.9;39.3;2.048
31/12/2004;10.00.00;3.6;1050;136;12.8;413;143;1688;70;620;228;18.0;86.3;1.272
31/12/2004;11.00.00;1.5;647;133;4.0;383;586;1542;53;551;636;6.9;76.5;1.134
31/12/2004;12.00.00;4.6;1382;37;13.5;383;477;1567;122;927;353;14.6;46.8;1.443
31/12/2004;13.00.00;1.6;647;361;5.1;383;70;1913;180;1487;228;32.3;30.9;1.493
31/12/2004;14.00.00;1.0;647;238;0.9;383;230;1688;210;1769;228;11.4;39.3;0.749
31/12/2004;15.00.00;3.1;1065;152;9.6;383;253;1851;63;561;437;18.7;60.6;0.571
31/12/2004;16.00.00;1.5;647;239;5.6;383;350;1763;147;1200;284;18.4;57.2;0.606
31/12/2004;17.00.00;1.0;647;138;0.1;383;12;1896;171;1502;228;30.4;59.3;1.025
31/12/2004;18.00.00;1.5;647;7;6.9;383;2;2012;118;1056;228;22.4;55.0;0.969
31/12/2004;19.00.00;2.1;647;498;8.3;383;59;2084;147;1181;228;22.9;64.1;0.752
31/12/2004;20.00.00;4.0;1152;236;9.2;383;476;1630;135;1161;575;16.8;37.1;0.627
31/12/2004;21.00.00;0.1;647;162;0.1;383;145;1722;135;1132;228;0.1;35.5;1.496
31/12/2004;22.00.00;2.2;647;34;8.7;383;369;1658;77;578;247;14.9;52.8;0.764
31/12/2004;23.00.00;3.0;786;76;11.2;383;336;1741;17;551;380;17.8;31.0;0.548
01/01/2005;00.00.00;2.4;647;375;9.0;383;218;1994;96;905;246;19.4;22.7;0.86
01/01/2005;01.00.00;4.0;1077;360;9.9;383;372;1605;76;705;407;12.6;52.2;0.642
01/01/2005;02.00.00;2.0;647;289;10.2;383;58;1941;99;847;228;6.7;37.8;0.681
01/01/2005;03.00.00;1.9;647;112;4.5;383;173;1775;159;1348;228;24.1;50.9;0.995
01/01/2005;04.00.00;3.0;979;361;10.0;383;2;2068;181;1428;228;15.4;53.2;1.226
01/01/2005;05.00.00;2.3;752;260;7.8;383;260;1761;120;1049;353;17.9;35.8;2.196
01/01/2005;06.00.00;1.6;647;280;8.3;383;124;1681;56;551;228;4.1;49.5;1.707
01/01/2005;07.00.00;2.9;723;260;9.4;383;581;1503;94;728;765;16.1;39.5;0.483
01/01/2005;08.00.00;1.2;647;74;4.8;383;254;1787;75;551;335;23.7;23.5;0.923
01/01/2005;09.00.00;1.3;647;104;4.0;383;371;1733;118;983;414;20.5;57.0;1.192
01/01/2005;10.00.00;1.4;647;169;2.1;383;345;1737;90;807;453;14.7;69.8;1.159
01/01/2005;11.00.00;4.0;1178;279;8.3;383;234;1865;156;1382;350;13.7;53.1;0.757
01/01/2005;12.00.00;0.1;647;86;0.4;383;397;1671;72;561;518;16.5;72.7;1.337
01/01/2005;13.00.00;2.7;799;201;5.8;383;251;1805;217;1760;228;20.9;59.5;0.625
01/01/2005;14.00.00;2.2;697;201;7.7;383;318;1745;42;551;447;20.8;37.9;0.764
01/01/2005;15.00.00;0.1;647;293;0.6;383;606;1481;127;1166;787;22.5;49.8;0.863
01/01/2005;16.00.00;2.6;798;282;8.5;383;275;1825;35;551;398;24.6;81.1;0.742
01/01/2005;17.00.00;2.8;732;122;6.9;383;165;1935;163;1454;228;18.9;37.8;1.58
01/01/2005;18.00.00;3.0;757;355;11.6;383;137;1886;115;1021;228;31.8;50.4;1.184
01/01/2005;19.00.00;0.1;647;107;1.3;383;233;1774;122;1043;276;23.3;66.0;1.203
01/01/2005;20.00.00;4.1;1234;321;10.6;383;263;1702;69;551;391;12.1;63.5;0.772
01/01/2005;21.00.00;1.1;647;165;7.7;383;255;1824;165;1234;228;20.7;38.4;2.042
01/01/2005;22.00.00;3.1;872;233;9.5;383;3;1916;143;1157;228;22.3;82.2;0.483
01/01/2005;23.00.00;3.2;917;239;7.5;383;2;2011;86;702;228;24.1;49.7;1.349
02/01/2005;00.00.00;0.9;647;236;1.4;383;97;1932;112;804;228;14.6;46.7;1.782
02/01/2005;01.00.00;3.1;770;282;6.8;383;254;1881;70;648;392;2.4;37.8;1.169
02/01/2005;02.00.00;1.6;647;255;7.9;383;255;1906;66;551;328;29.6;71.8;1.081
02/01/2005;03.00.00;0.1;647;292;2.5;383;315;1504;83;714;288;17.2;28.8;0.87
02/01/2005;04.00.00;3.8;1066;262;13.6;383;301;1742;99;934;413;1.2;43.4;1.256
02/01/2005;05.00.00;1.1;647;97;4.5;383;169;1696;113;842;228;15.8;69.7;0.985
02/01/2005;06.00.00;1.0;647;243;5.5;383;89;2021;110;720;228;23.9;59.8;1.662
02/01/2005;07.00.00;1.6;647;164;4.6;383;325;1737;71;551;425;9.4;77.7;0.773
02/01/2005;08.00.00;2.5;753;112;8.9;383;280;1867;149;1333;390;9.3;68.8;0.709
02/01/2005;09.00.00;2.1;647;190;5.0;383;78;1957;165;1323;228;16.0;33.0;0.618
02/01/2005;10.00.00;2.9;962;235;9.0;383;341;1618;156;1239;393;18.8;57.6;1.632
02/01/2005;11.00.00;0.3;647;241;1.8;383;392;1608;146;1133;452;13.4;29.0;1.204
02/01/2005;12.00.00;1.1;647;318;0.1;383;366;1695;2;551;547;15.1;59.7;1.566
02/01/2005;13.00.00;2.0;647;342;5.1;383;393;1730;65;551;402;24.5;31.2;0.875
02/01/2005;14.00.00;4.8;1328;249;15.7;483;131;1899;41;551;228;18.1;49.3;0.433
02/01/2005;15.00.00;2.0;647;267;6.2;383;376;1713;27;551;398;6.1;27.9;1.423
02/01/2005;16.00.00;3.7;911;227;10.8;383;221;1793;167;1550;270;27.5;40.9;1.36
02/01/2005;17.00.00;2.2;647;290;8.2;383;558;1643;194;1487;812;16.5;41.0;0.726
02/01/2005;18.00.00;1.5;647;264;3.3;383;382;1705;113;864;360;10.7;46.9;0.608
02/01/2005;19.00.00;1.8;647;212;3.3;383;311;1754;135;1040;259;16.5;64.1;0.727
02/01/2005;20.00.00;1.9;647;422;8.5;383;508;1616;95;893;723;7.4;37.0;0.91
02/01/2005;21.00.00;3.0;853;166;11.7;383;168;1831;169;1413;228;18.1;29.9;1.047
02/01/2005;22.00.00;4.1;1243;356;11.8;383;330;1707;126;990;339;22.4;51.4;1.195
02/01/2005;23.00.00;2.7;735;89;8.4;383;588;1568;87;663;695;13.4;62.1;0.838
03/01/2005;00.00.00;3.8;1233;295;13.9;383;370;1765;139;1244;428;15.5;45.5;1.826
03/01/2005;01.00.00;0.8;647;354;2.6;383;269;1855;104;837;300;13.3;59.3;1.816
03/01/2005;02.00.00;1.6;647;36;6.1;383;204;1820;122;975;354;23.8;47.2;1.119
03/01/2005;03.00.00;1.1;647;231;4.6;383;97;1931;146;997;228;16.0;45.9;1.136
03/01/2005;04.00.00;2.6;800;285;7.7;383;201;1790;293;2411;228;13.3;61.7;0.759
03/01/2005;05.00.00;1.6;647;241;6.3;383;120;1966;198;1589;228;19.2;68.9;1.476
03/01/2005;06.00.00;3.2;772;253;8.2;383;210;1755;120;970;236;15.8;59.3;1.085
03/01/2005;07.00.00;0.8;647;230;3.5;383;229;1834;67;551;228;16.9;51.1;0.445
03/01/2005;08.00.00;2.2;742;114;6.9;383;397;1752;4;551;501;11.6;26.5;0.762
03/01/2005;09.00.00;3.1;889;442;9.2;383;183;1863;174;1218;228;23.0;49.1;1.029
03/01/2005;10.00.00;0.1;647;170;0.1;383;154;1900;166;1238;232;14.8;32.7;1.445
03/01/2005;11.00.00;5.1;1337;259;16.6;383;381;1672;82;819;565;15.6;54.7;0.18
03/01/2005;12.00.00;1.8;647;156;5.7;383;352;1569;108;772;329;19.5;41.3;1.149
03/01/2005;13.00.00;0.1;647;7;0.1;383;208;1779;122;922;262;33.7;75.5;0.996
03/01/2005;14.00.00;2.4;647;130;4.4;383;337;1733;141;1232;278;24.7;69.8;0.796
03/01/2005;15.00.00;2.2;733;80;3.7;383;205;1780;192;1543;251;12.6;59.3;0.829
03/01/2005;16.00.00;2.0;650;321;6.0;383;213;1868;50;551;300;8.0;24.9;1.406
03/01/2005;17.00.00;3.5;1092;160;11.9;383;483;1495;145;1289;554;20.6;34.9;0.998
03/01/2005;18.00.00;3.2;818;169;13.9;383;224;1665;123;942;301;13.3;67.5;0.18
03/01/2005;19.00.00;2.6;647;116;8.1;383;183;1908;88;665;246;16.2;46.5;0.976
03/01/2005;20.00.00;2.8;789;226;5.6;383;248;1776;151;1274;345;16.5;58.0;1.22
03/01/2005;21.00.00;2.0;647;149;6.0;383;2;2026;107;874;228;17.1;27.4;0.733
03/01/2005;22.00.00;4.6;1327;312;17.3;385;220;1782;109;955;351;16.3;22.5;0.3
03/01/2005;23.00.00;0.1;647;246;0.1;383;284;1817;128;972;316;14.2;44.1;1.475
04/01/2005;00.00.00;2.3;647;163;9.7;383;549;1669;91;744;526;0.9;59.3;0.814
04/01/2005;01.00.00;2.2;696;298;7.5;383;260;1906;144;1149;238;19.5;24.4;1.089
04/01/2005;02.00.00;3.3;833;218;11.8;383;313;1697;93;720;274;23.0;60.9;0.224
04/01/2005;03.00.00;1.0;647;220;6.8;383;299;1727;194;1450;315;10.5;57.9;1.475
04/01/2005;04.00.00;0.1;647;79;0.1;383;593;1539;123;958;642;23.8;67.8;0.497
04/01/2005;05.00.00;2.4;647;211;9.4;383;399;1830;80;603;356;20.5;38.2;1.534
04/01/2005;06.00.00;2.5;663;248;8.0;383;23;1888;127;1122;228;19.0;72.3;0.743
04/01/2005;07.00.00;4.2;1070;344;11.7;383;434;1561;160;1329;518;19.5;34.8;1.159
04/01/2005;08.00.00;0.4;647;146;1.0;383;101;1988;37;551;235;23.9;16.3;1.34
04/01/2005;09.00.00;3.8;992;434;15.4;494;145;1829;173;1375;228;22.3;50.3;0.498
04/01/2005;10.00.00;5.5;1592;270;20.2;432;47;2015;129;963;228;5.4;63.1;1.232
04/01/2005;11.00.00;1.6;647;73;1.2;383;524;1533;111;910;544;28.4;37.8;1.271
04/01/2005;12.00.00;0.3;647;137;0.1;383;427;1686;80;753;410;22.4;53.3;0.267
04/01/2005;13.00.00;1.6;647;352;6.9;383;434;1611;129;968;500;10.1;66.9;0.812
04/01/2005;14.00.00;2.2;649;336;6.9;383;404;1596;70;600;469;3.7;73.1;0.428
04/01/2005;15.00.00;2.9;935;219;9.4;383;351;1730;17;551;466;8.3;62.5;0.18
04/01/2005;16.00.00;1.3;647;232;1.1;383;197;1745;78;629;228;28.0;45.2;0.908
04/01/2005;17.00.00;4.3;1092;107;12.4;390;277;1814;99;786;444;17.1;45.6;0.878
04/01/2005;18.00.00;0.6;647;343;0.1;383;166;1847;142;1175;228;24.3;42.7;0.719
04/01/2005;19.00.00;0.1;647;124;0.1;383;115;1798;102;807;228;34.2;49.9;0.65
04/01/2005;20.00.00;3.7;1232;298;9.3;383;148;1905;58;551;228;8.8;62.0;0.345
04/01/2005;21.00.00;0.1;647;346;0.1;383;606;1537;81;551;688;8.4;33.2;1.0
04/01/2005;22.00.00;1.9;695;222;4.4;383;187;1661;113;929;228;17.9;39.1;1.242
04/01/2005;23.00.00;6.5;1829;309;19.2;503;399;1676;143;1200;416;20.4;61.2;1.143
05/01/2005;00.00.00;2.1;647;393;8.9;383;563;1549;152;1221;565;24.1;46.4;0.334
05/01/2005;01.00.00;0.6;647;243;0.1;383;365;1715;47;551;270;10.6;52.0;1.3
05/01/2005;02.00.00;2.1;650;201;9.5;383;125;1754;115;1042;228;12.7;59.9;1.414
05/01/2005;03.00.00;2.1;647;211;5.7;383;133;1921;150;1330;228;29.0;46.5;1.949
05/01/2005;04.00.00;2.4;647;147;8.5;383;264;1829;71;654;340;21.2;34.7;0.707
05/01/2005;05.00.00;3.1;798;145;10.8;383;591;1451;199;1622;705;20.5;76.7;1.253
05/01/2005;06.00.00;0.7;647;260;0.4;383;463;1517;89;721;504;14.4;55.7;1.639
05/01/2005;07.00.00;4.5;1381;202;13.8;425;328;1659;161;1211;352;28.5;65.2;1.24
05/01/2005;08.00.00;2.5;843;249;7.0;383;214;1838;146;1016;345;26.5;45.3;2.219
05/01/2005;09.00.00;3.2;774;76;10.9;383;304;1657;79;749;299;17.8;54.3;0.896
05/01/2005;10.00.00;1.3;647;209;3.8;383;274;1671;113;919;405;4.7;69.6;0.817
05/01/2005;11.00.00;4.0;1182;315;11.1;383;273;1948;178;1699;437;25.5;54.6;0.268
05/01/2005;12.00.00;1.8;647;111;6.0;383;112;1909;87;651;228;22.3;49.8;0.98
05/01/2005;13.00.00;2.5;679;219;8.8;383;109;1887;121;1006;228;18.7;31.6;1.018
05/01/2005;14.00.00;0.8;647;41;6.4;383;296;1709;40;551;339;27.4;14.7;1.119
05/01/2005;15.00.00;0.8;647;93;2.5;383;68;1911;130;989;228;21.6;80.1;1.215
05/01/2005;16.00.00;3.1;773;294;10.0;383;150;2023;93;727;228;15.6;49.4;0.929
05/01/2005;17.00.00;1.5;647;188;5.7;383;250;1864;138;1089;491;26.0;88.7;1.125
05/01/2005;18.00.00;1.0;647;391;1.2;383;296;1953;72;551;292;19.8;59.0;0.894
05/01/2005;19.00.00;1.2;647;259;0.5;383;416;1697;128;1058;555;25.4;38.6;1.233
05/01/2005;20.00.00;3.1;858;268;9.4;383;54;1880;96;773;228;19.1;46.2;0.461
05/01/2005;21.00.00;1.3;647;115;6.2;383;54;1977;2;551;228;22.5;75.8;0.722
05/01/2005;22.00.00;2.0;647;181;8.8;383;445;1687;117;946;551;29.8;73.2;1.131
05/01/2005;23.00.00;2.2;770;148;3.2;383;502;1647;173;1418;578;29.2;64.9;1.292
06/01/2005;00.00.00;0.1;647;116;1.7;383;86;1895;60;551;228;13.7;23.2;0.943
06/01/2005;01.00.00;0.1;647;281;0.1;383;116;2050;82;788;228;25.4;22.9;0.861
06/01/2005;02.00.00;2.6;780;300;9.3;383;329;1634;176;1440;377;13.1;71.0;0.911
06/01/2005;03.00.00;1.1;647;255;4.4;383;253;1824;139;1119;419;24.4;59.3;0.652
06/01/2005;04.00.00;3.6;903;139;8.2;383;254;1772;97;850;228;16.9;75.6;0.907
06/01/2005;05.00.00;3.5;1159;249;13.2;422;126;1836;127;1198;228;5.9;47.8;1.422
06/01/2005;06.00.00;3.2;855;36;13.6;394;356;1734;82;652;402;20.3;32.9;0.957
06/01/2005;07.00.00;4.7;1285;343;14.9;383;209;1932;231;1937;228;26.4;54.5;0.888
06/01/2005;08.00.00;2.0;647;94;6.8;383;204;1868;155;1391;228;22.8;56.9;0.927
06/01/2005;09.00.00;3.1;994;111;12.7;383;72;1963;195;1541;228;11.1;35.9;1.725
06/01/2005;10.00.00;1.3;647;228;2.0;383;367;1544;117;845;523;20.2;27.8;1.347
06/01/2005;11.00.00;5.6;1585;237;15.7;423;190;1921;51;551;258;16.9;60.3;1.344
06/01/2005;12.00.00;4.9;1546;211;14.1;383;239;1776;137;1205;328;24.5;34.5;1.216
06/01/2005;13.00.00;2.2;647;112;7.0;383;428;1700;173;1363;451;26.3;83.2;1.223
06/01/2005;14.00.00;2.7;654;325;8.7;383;85;2004;175;1489;228;7.6;76.9;1.347
06/01/2005;15.00.00;4.1;1085;57;11.9;383;232;1829;31;551;453;18.8;62.2;1.699
06/01/2005;16.00.00;1.9;647;77;5.6;383;7;1833;123;965;228;10.8;77.6;1.08
06/01/2005;17.00.00;1.2;647;207;2.9;383;165;1980;36;551;228;19.6;58.9;1.086
06/01/2005;18.00.00;3.4;917;97;9.8;383;443;1789;84;667;539;6.9;45.3;1.555
06/01/2005;19.00.00;2.3;698;334;5.7;383;10;2056;141;1060;228;17.5;76.4;1.061
06/01/2005;20.00.00;2.4;647;106;6.2;383;282;1716;176;1388;246;20.3;58.2;1.414
06/01/2005;21.00.00;1.0;647;365;0.1;383;491;1705;123;832;580;-0.3;42.2;0.86
06/01/2005;22.00.00;0.1;647;316;0.1;383;329;1713;57;551;398;15.9;31.9;0.45
06/01/2005;23.00.00;2.5;809;335;4.0;383;156;1869;141;1137;228;6.0;37.4;0.483
07/01/2005;00.00.00;3.4;962;397;12.4;383;75;2035;72;669;228;24.6;68.6;1.689
07/01/2005;01.00.00;1.8;647;225;4.7;383;2;2050;98;784;228;2.5;47.8;2.136
07/01/2005;02.00.00;4.2;1187;121;13.1;383;485;1423;117;794;586;15.2;79.3;1.021
07/01/2005;03.00.00;1.2;647;208;3.0;383;181;1871;80;672;407;28.5;60.0;0.786
07/01/2005;04.00.00;0.7;647;164;1.7;383;2;2093;143;1095;228;9.6;62.7;1.142
07/01/2005;05.00.00;2.1;647;150;9.1;383;89;1819;149;1278;228;12.1;38.1;0.735
07/01/2005;06.00.00;2.0;647;232;3.8;383;81;2013;162;1281;228;17.4;41.3;1.801
07/01/2005;07.00.00;3.2;1062;188;7.1;383;170;1730;181;1612;228;18.4;25.7;0.694
07/01/2005;08.00.00;1.1;647;146;3.6;383;611;1493;106;777;860;-0.6;36.1;0.477
07/01/2005;09.00.00;4.1;1067;194;12.0;383;387;1733;54;551;454;15.9;39.3;1.055
07/01/2005;10.00.00;4.9;1417;270;16.4;383;320;1723;58;551;471;23.5;45.7;1.276
07/01/2005;11.00.00;2.1;647;308;8.1;383;429;1750;196;1543;530;35.2;82.7;0.984
07/01/2005;12.00.00;3.9;1118;65;10.3;383;526;1465;190;1417;638;11.9;39.7;1.565
07/01/2005;13.00.00;0.7;647;189;3.4;383;326;1803;177;1401;311;15.6;71.5;1.034
07/01/2005;14.00.00;3.7;936;204;9.7;383;466;1631;84;551;623;21.3;30.3;0.851
07/01/2005;15.00.00;3.6;1141;105;11.7;383;147;1813;194;1496;228;11.5;39.7;2.064
07/01/2005;16.00.00;3.4;1011;206;8.3;383;114;1943;104;824;228;29.9;52.7;1.163
07/01/2005;17.00.00;2.1;704;232;7.1;383;88;1923;129;1115;228;17.7;65.9;0.737
07/01/2005;18.00.00;0.1;647;267;0.3;383;290;1885;152;1243;341;19.8;49.3;0.579
07/01/2005;19.00.00;1.3;647;225;1.8;383;2;2045;173;1355;228;22.3;45.9;0.547
07/01/2005;20.00.00;1.3;647;134;1.4;383;448;1674;138;1074;500;4.3;62.0;0.18
07/01/2005;21.00.00;0.8;647;409;4.0;383;170;1809;179;1387;228;20.2;52.3;1.503
07/01/2005;22.00.00;2.3;742;296;6.5;383;372;1713;113;982;450;13.0;24.4;0.948
07/01/2005;23.00.00;1.6;647;270;7.0;383;33;1927;103;707;228;11.0;75.6;1.3
08/01/2005;00.00.00;1.0;647;313;2.1;383;416;1662;97;713;383;21.7;55.0;1.085
08/01/2005;01.00.00;0.7;647;241;4.7;383;457;1733;57;551;559;27.0;52.5;0.18
08/01/2005;02.00.00;1.1;647;340;1.8;383;261;1767;2;551;456;18.0;52.5;0.905
08/01/2005;03.00.00;3.7;992;223;14.8;383;326;1622;162;1425;297;30.3;25.1;0.938
08/01/2005;04.00.00;1.2;647;218;4.3;383;88;1968;101;860;228;16.1;23.8;1.571
08/01/2005;05.00.00;1.4;647;278;5.4;383;252;1860;148;1241;372;4.2;80.0;1.381
08/01/2005;06.00.00;1.5;647;367;2.8;383;394;1811;141;1091;377;8.7;43.5;0.932
08/01/2005;07.00.00;2.6;647;361;9.9;383;199;1909;120;1003;360;30.2;47.9;0.986
08/01/2005;08.00.00;2.8;763;274;10.5;383;479;1594;158;1206;676;32.3;43.8;0.698
08/01/2005;09.00.00;0.1;647;267;0.1;383;2;2019;164;1269;228;20.9;53.0;0.638
08/01/2005;10.00.00;3.6;1085;284;7.2;383;195;1874;67;551;228;13.1;38.2;0.699
08/01/2005;11.00.00;4.2;1173;311;11.1;383;2;2033;186;1496;228;15.5;42.4;0.918
08/01/2005;12.00.00;0.7;647;341;0.1;383;294;1566;154;1379;432;17.7;46.0;1.045
08/01/2005;13.00.00;0.8;647;195;3.4;383;213;1783;70;637;228;18.1;56.6;0.888
08/01/2005;14.00.00;1.5;647;343;3.9;383;219;1862;81;663;263;22.5;59.6;1.137
08/01/2005;15.00.00;1.1;647;250;2.6;383;359;1800;53;563;593;20.7;48.7;0.825
08/01/2005;16.00.00;2.5;674;279;6.8;383;202;1787;143;1337;268;8.5;18.3;1.277
08/01/2005;17.00.00;0.1;647;349;3.3;383;675;1426;104;837;829;9.0;65.6;1.787
08/01/2005;18.00.00;0.6;647;288;2.0;383;369;1685;2;551;413;22.3;60.1;1.5
08/01/2005;19.00.00;4.3;1224;305;14.2;383;250;1788;86;592;426;14.8;25.7;0.588
08/01/2005;20.00.00;0.9;647;181;1.5;383;142;1954;94;770;253;17.4;47.5;0.77
08/01/2005;21.00.00;3.9;1076;360;12.4;383;106;1855;118;890;228;18.1;43.9;1.504
08/01/2005;22.00.00;2.6;715;284;6.5;383;312;1818;39;551;317;13.7;68.3;0.346
08/01/2005;23.00.00;0.1;647;229;1.0;383;165;1981;118;1027;228;19.1;60.1;0.882
09/01/2005;00.00.00;3.0;811;322;7.4;383;397;1650;185;1488;440;23.5;28.9;1.018
09/01/2005;01.00.00;2.0;647;463;7.8;383;233;1778;121;906;228;17.0;83.8;0.89
09/01/2005;02.00.00;1.5;647;106;3.4;383;233;1825;141;984;290;29.0;48.9;0.911
09/01/2005;03.00.00;2.5;729;141;9.9;383;263;1742;188;1455;384;30.5;61.5;1.129
09/01/2005;04.00.00;2.8;773;473;12.8;383;222;1814;108;813;228;11.2;46.4;1.023
09/01/2005;05.00.00;3.1;797;258;10.1;383;288;1651;106;846;289;21.3;34.7;0.675
09/01/2005;06.00.00;3.8;952;236;14.8;383;562;1618;129;896;626;16.1;40.5;1.699
09/01/2005;07.00.00;2.7;969;207;10.2;383;328;1870;70;598;420;11.9;17.9;0.995
09/01/2005;08.00.00;0.2;647;332;0.1;383;310;1697;79;688;292;17.7;16.1;1.147
09/01/2005;09.00.00;1.5;647;466;5.0;383;366;1575;15;551;320;0.9;44.5;0.877
09/01/2005;10.00.00;6.3;1797;154;21.1;606;229;1890;222;1647;255;24.2;37.7;1.015
09/01/2005;11.00.00;3.2;914;208;11.3;383;98;1887;152;1304;228;24.9;44.1;0.697
09/01/2005;12.00.00;5.5;1572;184;17.9;478;2;1944;67;551;228;19.8;33.4;0.5
09/01/2005;13.00.00;4.1;1113;287;13.5;411;2;1988;162;1348;228;25.7;87.8;1.272
09/01/2005;14.00.00;2.5;715;334;8.0;383;360;1613;74;602;499;12.4;54.9;0.635
09/01/2005;15.00.00;2.6;725;371;8.5;383;302;1796;116;923;456;-1.9;49.9;0.884
09/01/2005;16.00.00;2.1;647;290;4.3;383;223;1720;116;1010;263;14.1;71.6;1.713
09/01/2005;17.00.00;0.1;647;457;0.1;383;607;1419;91;799;738;8.3;86.0;1.514
09/01/2005;18.00.00;2.2;693;163;4.1;383;240;1711;73;622;435;18.1;27.1;0.692
09/01/2005;19.00.00;3.8;1074;138;11.3;383;2;2011;171;1404;228;29.5;55.1;1.172
09/01/2005;20.00.00;1.3;647;357;3.0;383;360;1566;117;901;399;20.4;42.2;0.429
09/01/2005;21.00.00;2.7;848;229;7.4;383;423;1828;193;1594;400;15.9;58.9;1.514
09/01/2005;22.00.00;3.3;1012;87;8.6;383;356;1685;63;628;481;26.9;52.1;1.035
09/01/2005;23.00.00;0.9;647;187;3.3;383;425;1489;90;804;395;31.5;34.7;1.467
10/01/2005;00.00.00;1.5;647;242;4.2;383;2;1913;110;736;228;21.6;66.0;1.112
10/01/2005;01.00.00;0.7;647;156;1.5;383;260;1839;165;1363;231;12.8;47.9;0.833
10/01/2005;02.00.00;1.0;647;121;0.4;383;119;2012;75;643;228;19.0;55.1;0.889
10/01/2005;03.00.00;0.3;647;198;0.5;383;326;1752;140;1213;512;19.3;63.5;0.845
10/01/2005;04.00.00;0.9;647;116;5.1;383;478;1623;129;1134;585;16.5;63.4;1.178
10/01/2005;05.00.00;4.1;1242;278;15.6;437;189;1725;181;1492;228;28.3;40.0;0.694
10/01/2005;06.00.00;0.9;647;33;3.5;383;345;1842;136;996;440;24.8;44.0;1.004
10/01/2005;07.00.00;2.3;686;226;6.9;383;111;1954;26;551;228;8.8;43.5;1.047
10/01/2005;08.00.00;1.4;647;267;5.7;383;243;1831;64;551;329;7.9;29.9;0.366
10/01/2005;09.00.00;3.8;978;209;10.8;383;167;1867;66;551;291;13.7;47.0;0.556
10/01/2005;10.00.00;4.0;1104;321;12.2;383;521;1625;91;841;670;10.0;56.9;0.329
10/01/2005;11.00.00;3.4;964;87;9.3;383;80;1871;176;1375;228;14.3;32.2;0.883
10/01/2005;12.00.00;2.6;658;151;10.1;383;259;1867;100;961;303;18.0;50.6;0.964
10/01/2005;13.00.00;1.8;647;186;7.4;383;455;1699;114;886;667;16.6;65.2;1.292
10/01/2005;14.00.00;0.5;647;285;1.5;383;2;1990;102;760;228;19.4;67.6;0.651
10/01/2005;15.00.00;4.9;1427;238;19.0;465;311;1728;138;1159;396;15.3;19.7;0.466
10/01/2005;16.00.00;1.1;647;421;4.3;383;263;1616;78;620;247;6.8;9.2;0.785
10/01/2005;17.00.00;3.1;793;141;10.6;383;141;1747;104;860;254;10.3;46.8;1.154
10/01/2005;18.00.00;3.6;1069;85;12.1;383;432;1698;104;790;613;9.6;41.8;1.685
10/01/2005;19.00.00;1.4;647;387;1.9;383;508;1665;109;833;782;11.6;27.8;1.04
10/01/2005;20.00.00;3.6;880;82;9.7;383;346;1808;85;647;411;21.2;44.4;0.586
10/01/2005;21.00.00;3.2;872;282;10.2;383;200;1731;48;551;273;14.8;38.0;1.162
10/01/2005;22.00.00;4.6;1369;125;14.5;383;24;2163;157;1339;228;10.6;34.8;1.042
10/01/2005;23.00.00;1.5;647;21;6.0;383;273;1861;107;875;228;17.3;35.4;1.013
11/01/2005;00.00.00;0.3;647;182;0.1;383;222;1776;167;1349;336;20.3;49.3;0.464
11/01/2005;01.00.00;1.4;647;303;4.8;383;231;1827;136;1141;316;20.1;10.9;1.159
11/01/2005;02.00.00;2.4;652;101;8.0;383;169;1728;137;1130;228;37.2;46.2;0.812
11/01/2005;03.00.00;2.2;647;272;7.4;383;156;1825;167;1519;228;13.2;88.7;0.809
11/01/2005;04.00.00;1.6;647;290;5.2;383;250;1842;237;1935;228;21.0;63.0;1.36
11/01/2005;05.00.00;0.1;647;97;0.1;383;57;1958;175;1240;228;26.5;41.7;1.232
11/01/2005;06.00.00;2.8;769;196;4.5;383;404;1815;155;1204;431;30.5;67.3;0.545
11/01/2005;07.00.00;4.9;1267;367;13.8;401;129;1778;127;941;228;16.0;73.4;1.601
11/01/2005;08.00.00;2.8;716;279;7.9;383;263;1780;173;1424;309;3.6;54.0;1.419
11/01/2005;09.00.00;3.0;873;193;7.3;383;196;1751;77;584;258;15.5;28.9;0.663
11/01/2005;10.00.00;3.0;827;257;9.3;383;345;1846;141;1168;520;20.8;35.2;0.18
11/01/2005;11.00.00;2.7;732;152;10.8;383;337;1751;174;1339;446;39.1;33.8;1.142
11/01/2005;12.00.00;3.5;894;323;12.5;447;323;1741;158;1285;423;6.9;21.8;1.107
11/01/2005;13.00.00;2.7;883;323;9.6;383;67;1935;109;832;228;17.6;66.4;0.627
11/01/2005;14.00.00;1.7;647;229;7.4;383;216;1756;134;1051;300;12.6;84.7;1.729
11/01/2005;15.00.00;1.0;647;239;1.5;383;491;1702;97;795;587;25.3;49.7;0.956
11/01/2005;16.00.00;1.8;647;123;4.9;383;193;1858;76;645;228;13.1;37.2;0.986
11/01/2005;17.00.00;2.6;728;89;9.5;383;406;1694;182;1575;475;5.7;60.7;1.136
11/01/2005;18.00.00;1.7;647;182;4.5;383;244;1851;92;827;391;1.5;68.8;1.49
11/01/2005;19.00.00;2.6;647;209;7.4;383;198;1772;91;809;228;20.1;37.2;1.115
11/01/2005;20.00.00;2.8;773;318;12.6;383;274;1939;92;777;357;18.6;53.5;1.032
11/01/2005;21.00.00;3.3;1023;305;10.8;383;118;2030;79;597;228;22.2;19.7;0.422
11/01/2005;22.00.00;3.9;1245;235;16.2;397;383;1690;78;675;462;19.1;51.2;0.992
11/01/2005;23.00.00;2.3;647;331;3.6;383;115;1883;30;551;228;20.5;32.0;1.537
12/01/2005;00.00.00;0.3;647;128;0.1;383;330;1786;38;551;419;21.7;54.1;0.733
12/01/2005;01.00.00;1.7;647;320;6.2;383;411;1760;103;831;412;11.3;39.7;1.052
12/01/2005;02.00.00;2.2;710;142;7.3;383;311;1891;134;1051;418;18.0;49.2;0.18
12/01/2005;03.00.00;0.1;647;335;0.1;383;158;1924;32;551;228;22.1;85.7;1.57
12/01/2005;04.00.00;4.1;1096;216;12.6;383;274;1791;121;779;343;10.4;50.7;0.958
12/01/2005;05.00.00;2.3;734;28;12.5;383;133;1904;174;1524;228;3.9;57.1;0.935
12/01/2005;06.00.00;2.7;670;287;9.1;383;213;1678;90;821;277;20.8;46.1;1.208
12/01/2005;07.00.00;4.1;1224;294;14.2;383;165;1832;65;551;228;16.5;19.1;1.119
12/01/2005;08.00.00;1.3;647;174;2.8;383;129;1925;110;854;228;28.7;38.2;1.167
12/01/2005;09.00.00;3.0;868;182;9.9;383;342;1545;137;1269;367;23.3;39.8;0.534
12/01/2005;10.00.00;2.0;647;202;6.4;383;396;1697;86;606;447;15.5;58.9;1.531
12/01/2005;11.00.00;1.9;647;35;8.3;383;407;1609;158;1248;350;7.2;55.5;1.464
12/01/2005;12.00.00;1.1;647;7;5.6;383;283;1899;135;1224;296;28.8;54.4;1.135
12/01/2005;13.00.00;4.5;1235;341;15.2;383;470;1600;196;1482;653;24.3;64.3;1.623
12/01/2005;14.00.00;1.6;647;139;5.3;383;142;1864;32;551;228;28.3;29.4;1.012
12/01/2005;15.00.00;3.1;869;394;6.7;383;442;1634;45;551;592;25.7;83.8;0.814
12/01/2005;16.00.00;0.1;647;348;0.1;383;385;1691;92;908;418;8.2;20.5;1.111
12/01/2005;17.00.00;3.8;982;366;12.3;383;252;1861;48;551;255;21.7;26.5;1.481
12/01/2005;18.00.00;3.6;969;156;13.3;383;280;1748;188;1399;320;25.6;55.3;0.835
12/01/2005;19.00.00;2.3;647;65;10.0;383;404;1678;124;1012;510;18.9;30.5;0.807
12/01/2005;20.00.00;1.8;647;114;4.1;383;347;1786;97;733;381;15.4;49.8;0.577
12/01/2005;21.00.00;2.7;687;175;5.7;383;286;1771;187;1548;301;14.3;36.7;0.996
12/01/2005;22.00.00;5.4;1358;7;19.0;541;177;1910;127;1051;323;11.9;57.6;1.084
12/01/2005;23.00.00;0.1;647;172;0.1;383;104;1880;102;730;228;17.1;48.4;0.587
13/01/2005;00.00.00;3.2;790;198;7.2;383;262;1818;75;751;228;8.0;39.2;0.204
13/01/2005;01.00.00;0.9;647;95;1.8;383;70;2047;139;1068;228;3.4;48.6;0.853
13/01/2005;02.00.00;2.1;647;119;5.8;383;358;1761;138;1064;545;13.6;83.4;1.104
13/01/2005;03.00.00;1.8;647;197;8.4;383;2;1848;145;1212;228;13.3;47.6;1.683
13/01/2005;04.00.00;1.6;647;251;6.7;383;292;1810;151;1344;365;35.9;25.3;1.314
13/01/2005;05.00.00;2.1;647;133;5.4;383;203;1744;182;1358;255;28.9;18.1;1.957
13/01/2005;06.00.00;0.6;647;245;4.6;383;178;1782;73;551;228;16.4;37.5;0.807
13/01/2005;07.00.00;3.6;1089;231;11.7;383;203;1876;220;1839;252;17.8;53.2;1.188
13/01/2005;08.00.00;0.1;647;222;2.4;383;2;1920;199;1549;228;26.4;73.7;0.957
13/01/2005;09.00.00;2.9;925;156;12.0;383;178;1768;195;1576;297;17.9;64.1;2.001
13/01/2005;10.00.00;1.7;647;91;4.9;383;113;1909;103;791;228;16.5;35.7;1.242
13/01/2005;11.00.00;0.5;647;379;2.8;383;115;1858;78;669;228;16.0;26.3;0.18
13/01/2005;12.00.00;2.4;647;277;7.0;383;723;1290;118;844;885;16.8;45.5;0.753
13/01/2005;13.00.00;0.1;647;313;2.2;383;33;2017;126;1038;228;9.1;47.1;0.4
13/01/2005;14.00.00;2.2;714;210;7.2;383;306;1833;154;1272;414;27.2;42.2;1.523
13/01/2005;15.00.00;0.2;647;202;2.4;383;124;1972;105;895;228;15.9;59.9;0.677
13/01/2005;16.00.00;2.8;718;264;12.0;383;106;1842;157;1215;228;28.1;33.0;1.17
13/01/2005;17.00.00;0.9;647;43;3.8;383;39;2000;96;886;228;26.6;45.8;0.94
13/01/2005;18.00.00;1.5;647;112;4.7;383;418;1625;115;754;591;21.8;53.9;0.841
13/01/2005;19.00.00;2.6;740;142;8.0;383;430;1554;147;1128;495;27.9;22.4;0.616
13/01/2005;20.00.00;1.1;647;174;0.1;383;151;1819;118;1146;228;16.3;54.4;0.805
13/01/2005;21.00.00;2.1;652;134;5.2;383;385;1466;80;646;537;13.6;65.4;1.021
13/01/2005;22.00.00;0.1;647;249;2.2;383;87;1845;69;647;228;12.8;62.1;0.87
13/01/2005;23.00.00;3.0;736;225;11.6;383;184;1734;164;1328;228;18.6;48.6;1.205
14/01/2005;00.00.00;4.6;1253;350;13.3;383;349;1736;136;1233;457;23.6;30.2;0.305
14/01/2005;01.00.00;6.1;1753;453;19.7;383;92;1949;179;1421;228;21.1;34.2;0.418
14/01/2005;02.00.00;2.3;647;98;6.9;383;132;1758;167;1361;228;33.3;45.4;1.303
14/01/2005;03.00.00;3.3;1082;231;11.8;383;249;1866;99;865;411;22.0;51.6;0.588
14/01/2005;04.00.00;0.1;647;231;4.7;383;251;1750;161;1413;339;13.6;32.1;0.376
14/01/2005;05.00.00;4.3;1194;216;15.0;502;81;1849;129;891;228;19.3;54.8;1.115
14/01/2005;06.00.00;3.2;852;114;9.0;383;587;1386;107;901;662;25.2;38.3;0.928
14/01/2005;07.00.00;1.5;647;130;4.6;383;116;1842;240;1853;298;14.2;43.3;1.34
14/01/2005;08.00.00;3.9;994;240;15.2;383;391;1675;225;1800;572;12.9;60.2;0.18
14/01/2005;09.00.00;1.8;675;128;2.9;383;337;1809;144;1110;369;27.2;9.2;0.304
14/01/2005;10.00.00;1.5;647;233;3.6;383;122;1893;72;551;228;24.2;48.3;1.207
14/01/2005;11.00.00;2.8;867;194;10.4;383;316;1721;90;804;352;18.3;45.0;1.215
14/01/2005;12.00.00;0.7;647;231;4.7;383;117;1952;86;590;228;13.9;30.9;1.31
14/01/2005;13.00.00;3.6;1018;127;12.7;390;256;1805;152;1211;371;15.7;80.8;1.244
14/01/2005;14.00.00;0.7;647;232;0.9;383;372;1581;131;1042;487;20.4;31.0;1.025
14/01/2005;15.00.00;0.7;647;134;3.2;383;160;1836;98;720;248;23.9;62.3;0.759
14/01/2005;16.00.00;0.9;647;233;3.6;383;308;1706;212;1748;314;26.3;60.7;0.251
14/01/2005;17.00.00;3.2;847;345;11.0;383;157;1861;92;709;228;19.4;55.4;1.775
14/01/2005;18.00.00;1.3;647;242;3.9;383;272;1743;202;1562;395;8.4;30.1;0.61
14/01/2005;19.00.00;0.3;647;248;0.9;383;262;1725;169;1237;436;29.6;61.4;1.469
14/01/2005;20.00.00;1.3;647;295;2.4;383;189;1965;143;1077;228;27.5;36.8;0.756
14/01/2005;21.00.00;2.1;647;84;11.7;383;2;1994;75;638;228;25.8;11.0;0.904
14/01/2005;22.00.00;0.5;647;381;1.9;383;365;1745;190;1360;535;28.9;47.4;0.672
14/01/2005;23.00.00;0.5;647;117;2.8;383;550;1550;207;1795;499;24.6;51.2;1.026
15/01/2005;00.00.00;5.1;1352;301;15.9;394;267;1851;124;982;430;18.9;61.8;1.196
15/01/2005;01.00.00;0.9;647;288;4.7;383;152;1870;172;1313;359;9.2;36.5;0.31
15/01/2005;02.00.00;1.7;647;132;2.8;383;277;1855;117;989;348;11.8;80.1;1.202
15/01/2005;03.00.00;1.6;647;313;1.7;383;421;1433;185;1448;548;14.9;48.5;1.659
15/01/2005;04.00.00;1.6;647;265;4.9;383;441;1654;67;611;452;24.2;65.0;1.207
15/01/2005;05.00.00;3.0;749;397;13.8;383;385;1712;160;1198;626;30.7;60.9;1.321
15/01/2005;06.00.00;3.5;1055;236;13.5;393;314;1773;2;551;399;29.1;57.2;0.929
15/01/2005;07.00.00;1.7;647;207;3.9;383;349;1633;56;551;228;14.4;69.2;0.79
15/01/2005;08.00.00;0.4;647;169;2.4;383;264;1730;62;592;394;17.0;44.9;1.098
15/01/2005;09.00.00;3.9;1264;52;11.3;383;99;1836;113;924;228;7.2;58.7;0.564
15/01/2005;10.00.00;2.0;647;187;7.3;383;188;1888;70;583;228;31.3;47.7;0.889
15/01/2005;11.00.00;4.6;1334;191;15.6;442;196;1915;70;551;259;6.4;47.5;0.328
15/01/2005;12.00.00;0.1;647;242;2.2;383;290;1635;104;793;350;16.6;38.0;0.542
15/01/2005;13.00.00;2.4;728;82;4.6;383;2;2014;106;802;228;29.1;47.8;1.47
15/01/2005;14.00.00;4.8;1371;195;12.9;392;324;1671;57;564;424;21.1;72.1;0.18
15/01/2005;15.00.00;1.7;647;272;5.1;383;2;2138;48;551;228;22.5;60.4;1.298
15/01/2005;16.00.00;1.8;647;282;3.8;383;308;1797;72;618;262;20.0;56.3;1.804
15/01/2005;17.00.00;2.6;728;41;6.0;383;424;1631;161;1449;552;4.1;38.7;1.099
15/01/2005;18.00.00;1.4;647;285;4.9;383;382;1682;239;1966;472;21.6;38.4;0.616
15/01/2005;19.00.00;1.7;647;194;3.6;383;108;2016;183;1559;228;22.9;36.2;1.246
15/01/2005;20.00.00;1.7;647;200;9.9;383;341;1731;95;749;309;13.5;71.1;0.424
15/01/2005;21.00.00;1.3;647;7;3.0;383;353;1573;132;1051;456;24.0;63.6;0.679
15/01/2005;22.00.00;3.9;1092;359;11.8;383;506;1715;112;890;532;14.3;22.9;0.467
15/01/2005;23.00.00;2.8;809;234;9.5;383;301;1823;106;774;228;29.0;65.4;0.47
16/01/2005;00.00.00;2.5;726;72;5.0;383;402;1634;118;910;468;17.7;69.6;1.352
16/01/2005;01.00.00;3.3;896;253;11.5;383;179;1904;126;1036;262;22.5;53.0;0.927
16/01/2005;02.00.00;1.8;647;250;6.4;383;115;1858;29;551;228;20.4;76.2;1.247
16/01/2005;03.00.00;1.1;647;334;2.7;383;378;1646;83;710;305;23.8;31.2;1.092
16/01/2005;04.00.00;1.3;647;188;4.7;383;380;1686;110;828;454;18.9;52.8;0.386
16/01/2005;05.00.00;2.2;741;219;7.7;383;148;1928;227;1756;274;23.7;72.7;0.884
16/01/2005;06.00.00;0.7;647;156;5.0;383;60;1989;143;1149;228;23.7;60.2;0.619
16/01/2005;07.00.00;1.4;647;274;9.6;383;264;1863;165;1163;228;8.2;81.1;0.809
16/01/2005;08.00.00;1.4;647;143;2.4;383;252;1835;107;947;228;23.2;38.1;0.965
16/01/2005;09.00.00;5.1;1469;133;13.8;383;281;1890;182;1513;281;14.4;32.8;0.878
16/01/2005;10.00.00;0.1;647;211;0.5;383;381;1832;126;1078;459;16.7;38.0;1.083
16/01/2005;11.00.00;1.9;647;101;1.9;383;403;1701;152;1280;446;16.0;44.4;1.051
16/01/2005;12.00.00;4.6;1322;370;15.9;435;247;1775;121;962;316;14.8;86.4;0.599
16/01/2005;13.00.00;2.3;647;401;7.7;383;93;1910;139;1135;228;29.2;38.1;1.042
16/01/2005;14.00.00;3.2;951;174;11.0;383;134;1737;90;752;241;7.0;44.7;1.695
16/01/2005;15.00.00;2.3;714;86;6.7;383;154;1877;200;1490;228;-1.9;29.0;0.782
16/01/2005;16.00.00;1.2;647;249;4.4;383;227;1768;89;735;322;13.5;38.5;0.415
16/01/2005;17.00.00;0.1;647;172;1.3;383;167;1809;67;551;228;16.5;51.6;0.9
16/01/2005;18.00.00;2.4;647;329;8.2;383;208;1830;120;1113;264;11.5;11.2;1.318
16/01/2005;19.00.00;1.1;647;143;0.7;383;257;1626;202;1607;322;10.4;45.6;1.26
16/01/2005;20.00.00;1.0;647;269;3.6;383;147;1867;80;631;228;23.5;33.8;1.149
16/01/2005;21.00.00;1.5;647;228;8.4;383;295;1780;104;736;347;18.9;52.8;1.633
16/01/2005;22.00.00;4.6;1258;153;15.2;491;525;1456;125;971;580;38.2;68.4;1.58
16/01/2005;23.00.00;5.5;1581;240;17.9;470;220;1931;49;551;228;11.7;41.6;1.453
17/01/2005;00.00.00;2.5;647;301;11.0;383;141;1922;46;551;228;21.1;51.4;0.892
17/01/2005;01.00.00;1.5;647;226;3.3;383;292;1868;167;1382;390;22.4;40.6;2.125
17/01/2005;02.00.00;0.5;647;227;3.4;383;124;1935;116;903;228;15.7;65.3;0.733
17/01/2005;03.00.00;2.8;647;135;7.9;383;223;1850;62;551;323;9.4;44.7;1.357
17/01/2005;04.00.00;4.6;1409;326;17.0;459;142;2008;97;706;228;17.2;66.8;0.738
17/01/2005;05.00.00;1.8;647;317;7.4;383;82;2039;86;674;228;22.4;52.7;1.306
17/01/2005;06.00.00;0.1;647;178;0.1;383;111;2066;113;818;309;12.7;75.9;1.233
17/01/2005;07.00.00;3.1;770;206;9.3;383;144;1874;122;857;228;16.1;57.6;0.869
17/01/2005;08.00.00;3.5;917;352;13.3;383;86;1867;9;551;228;17.0;50.4;0.18
17/01/2005;09.00.00;0.1;647;110;0.1;383;441;1554;177;1407;475;11.7;65.1;1.87
17/01/2005;10.00.00;2.4;687;275;6.8;383;312;1672;116;794;390;28.3;78.3;1.644
17/01/2005;11.00.00;2.8;701;164;10.1;383;390;1742;82;592;389;19.3;75.9;1.596
17/01/2005;12.00.00;2.0;647;386;5.9;383;38;2187;155;1348;228;16.4;88.7;0.418
17/01/2005;13.00.00;1.0;647;224;3.6;383;201;1959;63;551;228;24.5;47.4;1.397
17/01/2005;14.00.00;3.6;996;337;7.3;383;310;1737;97;833;439;19.2;53.8;0.941
17/01/2005;15.00.00;1.6;647;145;3.4;383;498;1662;54;551;556;27.6;43.8;0.833
17/01/2005;16.00.00;0.1;647;99;1.7;383;130;1851;148;1209;228;11.0;33.8;0.67
17/01/2005;17.00.00;0.1;647;195;0.1;383;49;1921;170;1404;228;22.8;59.0;1.582
17/01/2005;18.00.00;3.9;1093;242;9.9;383;275;1697;131;998;302;17.8;9.2;1.129
17/01/2005;19.00.00;3.0;818;169;11.8;383;142;1808;103;820;228;28.7;55.7;1.007
17/01/2005;20.00.00;2.3;712;290;8.3;383;506;1638;51;551;534;25.7;72.4;1.148
17/01/2005;21.00.00;1.5;647;198;2.7;383;328;1855;91;682;371;20.3;63.1;1.079
17/01/2005;22.00.00;1.4;647;20;4.8;383;202;1921;124;976;228;20.4;62.0;1.403
17/01/2005;23.00.00;0.6;647;270;0.1;383;202;1954;85;607;228;17.3;17.8;0.18
18/01/2005;00.00.00;1.5;647;134;4.6;383;226;1881;91;737;228;27.1;77.2;0.839
18/01/2005;01.00.00;0.1;647;183;0.7;383;2;1995;59;559;228;13.7;42.5;0.443
18/01/2005;02.00.00;1.1;647;365;2.0;383;252;1756;77;551;300;17.5;58.5;1.099
18/01/2005;03.00.00;1.7;647;386;7.0;383;171;1908;42;551;228;23.1;41.6;0.372
18/01/2005;04.00.00;3.0;942;163;11.4;383;342;1591;126;846;490;12.1;46.0;0.508
18/01/2005;05.00.00;2.1;647;272;7.2;383;108;1864;115;964;228;9.9;62.5;1.127
18/01/2005;06.00.00;3.3;1032;165;11.3;429;350;1656;117;812;411;25.3;69.9;0.883
18/01/2005;07.00.00;4.0;1161;190;10.0;383;329;1836;95;805;422;6.5;45.0;1.142
18/01/2005;08.00.00;3.6;999;160;14.3;383;270;1673;84;722;314;25.4;51.9;0.519
18/01/2005;09.00.00;2.8;785;54;8.8;383;437;1724;98;862;497;15.3;29.8;0.904
18/01/2005;10.00.00;2.2;647;227;5.1;383;2;2029;92;769;228;8.3;67.1;0.98
18/01/2005;11.00.00;0.8;647;245;2.8;383;313;1780;120;842;381;28.9;12.8;0.452
18/01/2005;12.00.00;3.2;1022;154;11.7;383;239;1771;200;1597;228;3.6;24.9;0.721
18/01/2005;13.00.00;4.5;1284;321;15.4;383;234;1695;103;847;341;26.9;9.3;1.07
18/01/2005;14.00.00;2.6;743;176;6.2;383;95;1963;84;719;228;41.1;43.8;0.853
18/01/2005;15.00.00;4.8;1384;157;17.0;417;28;2047;101;853;228;31.6;46.9;0.661
18/01/2005;16.00.00;0.1;647;268;0.2;383;382;1733;89;680;526;15.5;55.4;1.093
18/01/2005;17.00.00;0.5;647;71;2.7;383;366;1695;89;704;526;30.3;67.2;0.797
18/01/2005;18.00.00;3.3;869;304;9.1;383;521;1492;84;671;700;27.1;43.2;1.115
18/01/2005;19.00.00;2.5;647;179;10.2;383;546;1513;145;1065;520;11.4;57.0;1.22
18/01/2005;20.00.00;4.0;1098;311;13.1;383;9;2028;145;1084;228;10.2;24.4;1.24
18/01/2005;21.00.00;2.1;647;340;9.2;383;222;1758;156;1244;228;20.0;59.0;1.05
18/01/2005;22.00.00;0.9;647;278;0.1;383;284;1695;166;1264;257;22.4;42.6;0.927
18/01/2005;23.00.00;1.9;647;140;3.1;383;393;1569;95;646;420;26.3;43.2;0.983
19/01/2005;00.00.00;0.1;647;99;0.1;383;464;1671;37;551;533;26.0;48.3;1.528
19/01/2005;01.00.00;0.6;647;81;4.8;383;88;1970;207;1715;228;19.8;36.4;0.722
19/01/2005;02.00.00;3.5;1008;322;15.2;383;163;1961;4;551;228;14.0;45.8;1.545
19/01/2005;03.00.00;3.4;1033;205;9.0;383;455;1463;96;784;567;25.3;70.9;0.798
19/01/2005;04.00.00;2.7;798;161;8.6;383;2;2092;44;551;228;27.0;68.9;1.192
19/01/2005;05.00.00;0.1;647;205;0.6;383;81;2024;132;1012;228;19.1;52.4;1.079
19/01/2005;06.00.00;1.6;647;320;6.7;383;312;1846;67;551;368;16.5;44.6;1.272
19/01/2005;07.00.00;0.4;647;291;3.2;383;560;1561;167;1386;521;14.2;36.9;0.18
19/01/2005;08.00.00;3.8;1050;259;9.9;383;2;2016;124;960;228;6.2;32.1;1.225
19/01/2005;09.00.00;1.3;647;278;4.4;383;255;1813;185;1534;228;12.2;68.9;0.929
19/01/2005;10.00.00;0.6;647;235;0.1;383;330;1662;117;867;375;29.6;48.9;1.251
19/01/2005;11.00.00;2.2;647;246;8.6;383;470;1553;168;1480;691;18.3;16.7;1.117
19/01/2005;12.00.00;1.3;647;238;3.3;383;314;1766;60;551;417;13.3;26.7;1.37
19/01/2005;13.00.00;4.2;1211;217;11.1;383;2;1978;160;1272;228;17.8;31.6;0.606
19/01/2005;14.00.00;1.1;647;289;4.3;383;49;2017;106;770;228;15.1;9.2;0.271
19/01/2005;15.00.00;0.2;647;252;0.1;383;455;1606;124;1008;581;21.5;36.5;0.353
19/01/2005;16.00.00;0.1;647;134;2.8;383;313;1631;157;1309;352;15.2;10.6;0.798
19/01/2005;17.00.00;2.1;647;268;5.0;383;73;1827;131;873;228;17.6;53.5;0.676
19/01/2005;18.00.00;1.4;647;241;8.8;383;321;1681;75;589;426;1.7;48.8;1.205
19/01/2005;19.00.00;0.1;647;276;2.2;383;292;1823;89;706;314;10.1;65.8;1.491
19/01/2005;20.00.00;3.8;1266;208;14.8;519;2;1956;62;551;228;20.5;55.2;1.289
19/01/2005;21.00.00;3.1;832;295;7.8;383;2;2022;147;1044;228;16.8;88.7;0.762
19/01/2005;22.00.00;2.1;647;212;10.3;383;293;1631;96;835;453;22.7;43.0;0.96
19/01/2005;23.00.00;4.1;1121;286;10.6;383;557;1567;91;790;741;20.0;39.1;1.237
20/01/2005;00.00.00;3.1;849;174;9.4;383;286;1773;122;1043;534;29.2;67.4;1.544
20/01/2005;01.00.00;1.0;647;181;5.8;383;2;2093;101;760;228;-1.9;53.3;1.426
20/01/2005;02.00.00;0.7;647;275;3.2;383;2;2010;169;1442;228;17.5;49.5;1.427
20/01/2005;03.00.00;3.3;1008;186;8.1;383;341;1787;150;1140;326;23.1;66.0;1.162
20/01/2005;04.00.00;2.7;782;427;10.9;383;358;1868;147;1012;335;18.6;67.2;1.449
20/01/2005;05.00.00;2.4;647;271;8.3;383;216;1830;93;769;228;15.9;18.1;1.321
20/01/2005;06.00.00;1.0;647;220;2.3;383;171;1985;147;1171;274;14.5;46.5;0.379
20/01/2005;07.00.00;3.0;796;295;6.5;383;367;1715;137;1194;501;12.9;56.6;1.126
20/01/2005;08.00.00;1.1;647;172;4.4;383;415;1625;54;551;534;14.5;9.2;0.659
20/01/2005;09.00.00;2.0;668;305;6.1;383;352;1709;101;781;337;10.7;35.4;0.659
20/01/2005;10.00.00;4.2;1157;303;13.7;383;100;1879;104;803;228;15.9;57.7;1.062
20/01/2005;11.00.00;1.2;647;337;0.7;383;383;1655;184;1542;436;11.3;65.7;0.998
20/01/2005;12.00.00;0.1;647;176;0.1;383;191;1800;92;656;228;26.8;42.9;0.908
20/01/2005;13.00.00;0.7;647;101;3.1;383;153;1852;136;1191;242;11.1;30.4;0.488
20/01/2005;14.00.00;3.5;1037;160;15.1;383;147;1938;175;1344;228;30.6;50.7;0.935
20/01/2005;15.00.00;2.5;858;191;7.6;383;249;1664;68;551;291;25.6;46.7;0.524
20/01/2005;16.00.00;2.0;647;376;9.2;383;333;1756;126;1014;286;27.4;38.6;1.124
20/01/2005;17.00.00;1.4;647;426;6.2;383;2;2008;210;1603;228;17.7;24.4;0.987
20/01/2005;18.00.00;2.8;858;250;9.5;383;134;2003;37;551;242;8.9;40.8;1.25
20/01/2005;19.00.00;1.0;647;218;1.1;383;175;1830;83;692;236;4.4;22.1;0.603
20/01/2005;20.00.00;2.6;757;184;6.3;383;404;1766;126;959;411;24.7;36.3;1.473
20/01/2005;21.00.00;1.1;647;296;4.8;383;113;1840;130;1066;228;17.2;47.7;1.082
20/01/2005;22.00.00;0.9;647;425;1.8;383;195;1807;120;989;236;14.4;37.7;2.23
20/01/2005;23.00.00;1.3;647;387;2.8;383;369;1737;139;1159;346;23.3;81.3;0.657
21/01/2005;00.00.00;1.6;647;326;4.8;383;252;1846;173;1476;293;39.1;46.4;1.655
21/01/2005;01.00.00;2.1;647;324;6.3;383;480;1594;115;958;598;18.3;64.3;0.693
21/01/2005;02.00.00;2.5;776;297;9.7;383;223;1839;109;914;228;26.9;50.9;1.415
21/01/2005;03.00.00;0.1;647;213;0.1;383;534;1559;141;1044;712;16.7;28.7;1.201
21/01/2005;04.00.00;1.0;647;148;4.9;383;561;1614;208;1545;690;25.7;38.1;0.402
21/01/2005;05.00.00;1.6;647;216;6.0;383;316;1735;141;1090;515;18.8;46.1;0.887
21/01/2005;06.00.00;4.3;1176;258;10.3;383;309;1734;162;1329;473;25.3;37.9;1.381
21/01/2005;07.00.00;0.6;647;79;2.6;383;331;1814;37;551;526;23.0;48.6;0.916
21/01/2005;08.00.00;2.4;647;203;2.3;383;370;1720;104;632;388;12.9;37.8;1.397
21/01/2005;09.00.00;4.2;1083;139;11.8;383;264;1841;54;551;365;6.9;50.5;1.226
21/01/2005;10.00.00;0.3;647;314;1.9;383;424;1860;113;999;515;-0.0;65.3;1.439
21/01/2005;11.00.00;2.7;846;165;8.6;383;322;1583;181;1632;510;21.3;63.0;1.208
21/01/2005;12.00.00;1.0;647;249;0.1;383;458;1551;50;551;659;28.8;54.7;0.626
21/01/2005;13.00.00;1.4;647;151;2.4;383;23;1906;196;1529;228;22.7;51.6;1.028
21/01/2005;14.00.00;1.0;647;369;0.1;383;279;1708;112;855;315;29.1;30.5;1.075
21/01/2005;15.00.00;1.1;647;56;0.9;383;401;1792;155;1286;383;31.4;67.8;1.003
21/01/2005;16.00.00;6.0;1688;263;20.2;529;71;1729;162;1363;228;22.1;18.4;0.705
21/01/2005;17.00.00;3.3;730;96;9.5;383;311;1789;208;1760;407;0.2;43.2;0.904
21/01/2005;18.00.00;3.7;948;169;12.2;383;339;1606;140;1174;309;8.7;33.7;1.236
21/01/2005;19.00.00;2.8;727;237;9.1;383;510;1593;71;551;629;12.6;59.3;1.018
21/01/2005;20.00.00;0.1;647;242;0.4;383;194;1865;161;1181;228;6.9;78.3;0.18
21/01/2005;21.00.00;2.7;771;239;10.7;383;278;1849;2;551;228;4.8;43.0;1.519
21/01/2005;22.00.00;3.7;1073;232;11.3;383;160;1849;69;551;228;17.7;76.8;0.821
21/01/2005;23.00.00;1.0;647;157;4.9;383;224;1806;85;603;323;8.7;40.5;0.347
22/01/2005;00.00.00;3.5;876;202;6.2;383;493;1441;12;551;688;11.6;38.5;1.0
22/01/2005;01.00.00;3.1;993;221;12.3;467;241;1989;193;1507;246;20.2;37.5;0.754
22/01/2005;02.00.00;4.7;1429;236;12.6;383;137;1914;176;1541;228;11.0;69.8;0.644
22/01/2005;03.00.00;1.6;647;211;2.9;383;218;1860;134;1057;230;18.5;69.0;1.07
22/01/2005;04.00.00;0.6;647;287;0.6;383;166;1952;160;1338;228;15.8;43.4;1.557
22/01/2005;05.00.00;1.6;647;226;7.4;383;178;1851;130;1072;258;26.6;59.5;1.186
22/01/2005;06.00.00;4.2;1175;237;11.5;383;163;1903;154;1231;228;12.8;39.6;0.454
22/01/2005;07.00.00;0.1;647;181;0.1;383;169;1921;173;1230;228;7.2;67.4;0.894
22/01/2005;08.00.00;0.1;647;118;0.1;383;64;1830;43;551;228;15.5;40.7;0.829
22/01/2005;09.00.00;2.3;697;232;7.8;383;256;1837;156;1196;432;35.2;64.7;1.211
22/01/2005;10.00.00;1.5;647;332;6.4;383;96;2088;167;1205;228;30.3;62.3;0.231
22/01/2005;11.00.00;2.2;647;260;10.3;383;420;1803;84;551;446;31.2;56.9;1.235
22/01/2005;12.00.00;3.5;987;140;15.9;421;198;1963;101;862;228;21.4;11.9;0.63
22/01/2005;13.00.00;1.4;647;295;5.7;383;308;1906;75;670;384;19.5;62.1;0.772
22/01/2005;14.00.00;0.1;647;186;1.1;383;308;1652;127;840;516;10.0;69.5;1.367
22/01/2005;15.00.00;5.0;1332;285;13.6;383;2;1956;131;1012;228;21.7;53.0;1.135
22/01/2005;16.00.00;0.8;647;182;6.2;383;205;1762;122;1008;360;7.1;64.6;1.217
22/01/2005;17.00.00;0.7;647;251;2.6;383;508;1872;76;622;586;16.5;48.0;1.388
22/01/2005;18.00.00;3.7;1054;168;11.2;383;127;1917;178;1389;255;21.2;35.7;0.889
22/01/2005;19.00.00;1.6;647;171;5.9;383;593;1412;85;673;619;13.2;47.3;0.602
22/01/2005;20.00.00;2.1;659;69;5.3;383;329;1648;139;1191;519;21.5;75.5;1.104
22/01/2005;21.00.00;2.8;757;266;4.4;383;325;1748;150;1241;532;13.8;55.6;1.331
22/01/2005;22.00.00;3.7;1015;253;12.9;499;282;1664;30;551;488;-1.9;36.7;1.026
22/01/2005;23.00.00;1.7;647;258;8.1;383;406;1824;129;997;486;24.1;64.4;1.529
23/01/2005;00.00.00;4.3;1169;244;14.8;383;414;1731;173;1283;497;23.1;62.5;0.87
23/01/2005;01.00.00;0.1;647;145;0.3;383;243;1830;112;918;232;13.2;71.2;0.917
23/01/2005;02.00.00;3.2;991;309;10.3;383;180;1771;156;1313;228;17.3;30.3;0.544
23/01/2005;03.00.00;1.0;647;312;3.5;383;28;1871;80;589;228;37.9;37.3;0.622
23/01/2005;04.00.00;4.1;1179;143;13.3;383;370;1731;163;1327;445;23.7;73.6;1.086
23/01/2005;05.00.00;2.3;671;268;7.4;383;256;1806;58;551;345;13.1;45.0;0.489
23/01/2005;06.00.00;1.2;647;301;3.9;383;116;1803;111;762;228;20.8;9.2;0.977
23/01/2005;07.00.00;3.1;931;173;13.0;383;157;1869;172;1365;228;22.7;22.6;0.984
23/01/2005;08.00.00;3.4;956;189;11.8;383;235;1807;169;1370;228;15.4;63.8;1.234
23/01/2005;09.00.00;3.0;892;268;10.0;383;95;1982;50;551;228;16.7;40.6;1.384
23/01/2005;10.00.00;0.7;647;74;3.6;383;253;1965;102;909;338;4.1;37.8;1.199
23/01/2005;11.00.00;1.5;647;114;6.0;383;2;1832;84;574;228;16.7;77.1;1.866
23/01/2005;12.00.00;2.1;647;123;8.8;383;164;1932;169;1529;229;7.7;53.0;1.047
23/01/2005;13.00.00;2.1;647;47;5.2;383;68;1889;109;875;228;8.5;67.1;1.695
23/01/2005;14.00.00;3.2;885;321;9.3;383;276;1812;120;945;405;14.5;52.7;0.18
23/01/2005;15.00.00;0.1;647;29;0.1;383;96;1933;136;1162;228;21.8;42.2;1.142
23/01/2005;16.00.00;2.6;770;250;9.9;383;160;1911;54;551;228;2.2;21.2;0.846
23/01/2005;17.00.00;1.7;647;295;7.0;383;591;1427;127;1200;828;15.3;41.1;1.138
23/01/2005;18.00.00;1.0;647;190;0.6;383;378;1774;64;551;421;6.3;42.9;1.13
23/01/2005;19.00.00;1.1;647;154;4.3;383;337;1732;89;786;423;35.0;29.4;1.334
23/01/2005;20.00.00;1.8;647;240;8.7;383;444;1755;91;733;531;6.2;61.5;1.293
23/01/2005;21.00.00;0.1;647;218;0.1;383;324;1867;136;1008;338;17.3;36.2;1.072
23/01/2005;22.00.00;1.2;647;313;4.4;383;31;1994;74;681;228;8.1;50.9;0.531
23/01/2005;23.00.00;0.9;647;7;4.4;383;44;2043;90;764;228;21.0;40.4;1.239
24/01/2005;00.00.00;2.9;763;130;6.6;383;2;2070;128;1272;228;-0.2;34.1;0.515
24/01/2005;01.00.00;1.0;647;271;3.6;383;276;1885;179;1466;297;29.3;24.2;0.652
24/01/2005;02.00.00;1.8;647;222;8.5;383;83;2034;134;1021;228;37.5;38.4;1.191
24/01/2005;03.00.00;4.3;1184;289;12.6;383;158;1779;167;1189;274;27.2;45.1;1.075
24/01/2005;04.00.00;3.5;1005;242;13.0;450;197;1864;11;551;346;19.0;51.0;0.609
24/01/2005;05.00.00;3.4;933;205;11.0;383;152;1766;181;1475;228;14.8;41.5;0.478
24/01/2005;06.00.00;1.5;647;189;3.3;383;240;1765;71;551;281;9.8;49.9;1.048
24/01/2005;07.00.00;2.9;778;438;9.1;383;202;1799;83;731;299;7.8;53.2;0.914
24/01/2005;08.00.00;1.8;647;363;4.8;383;187;1896;206;1678;257;12.9;62.0;0.781
24/01/2005;09.00.00;1.9;647;265;4.2;383;9;1974;121;869;228;22.4;68.5;1.262
24/01/2005;10.00.00;2.7;714;225;8.2;383;282;1760;77;583;471;13.7;66.9;0.988
24/01/2005;11.00.00;1.3;647;269;4.3;383;578;1616;83;599;713;16.4;32.1;1.408
24/01/2005;12.00.00;4.2;1220;296;13.2;383;288;1839;46;551;411;20.1;50.6;1.236
24/01/2005;13.00.00;1.9;647;257;5.6;383;593;1547;113;944;740;25.7;75.0;0.383
24/01/2005;14.00.00;3.0;748;146;10.1;383;159;1932;96;726;231;33.0;40.6;0.27
24/01/2005;15.00.00;4.2;1366;387;14.5;383;207;1885;145;1029;235;5.0;71.6;1.331
24/01/2005;16.00.00;3.6;964;241;9.2;383;242;1962;195;1789;347;33.8;54.5;1.451
24/01/2005;17.00.00;0.2;647;409;0.1;383;220;1807;52;551;318;29.0;24.5;1.238
24/01/2005;18.00.00;2.8;931;235;4.9;383;424;1600;141;1158;577;24.3;82.5;0.663
24/01/2005;19.00.00;3.3;998;194;10.4;383;2;2014;39;551;228;15.4;63.2;1.575
24/01/2005;20.00.00;3.4;927;349;11.2;383;176;1782;133;1128;228;14.5;55.9;1.214
24/01/2005;21.00.00;0.6;647;246;3.0;383;500;1570;56;551;610;26.4;55.7;1.411
24/01/2005;22.00.00;1.2;647;230;4.2;383;170;1899;48;551;228;15.1;54.0;1.279
24/01/2005;23.00.00;3.5;1062;103;12.4;383;388;1648;235;1894;564;2.3;40.5;0.835
25/01/2005;00.00.00;1.1;647;280;3.6;383;338;1711;216;1739;336;16.8;61.2;1.025
25/01/2005;01.00.00;1.7;647;171;4.2;383;234;1790;79;561;353;13.1;42.8;0.92
25/01/2005;02.00.00;4.4;1136;175;11.7;383;294;1729;204;1578;228;26.5;30.6;1.796
25/01/2005;03.00.00;2.1;647;171;6.1;383;232;1725;111;870;228;7.0;35.9;1.145
25/01/2005;04.00.00;1.1;647;259;2.1;383;2;2079;47;551;228;37.5;20.0;1.226
25/01/2005;05.00.00;0.9;647;72;2.7;383;316;1856;144;1174;407;17.5;44.9;1.012
25/01/2005;06.00.00;2.6;749;197;7.4;383;151;1954;158;1209;233;4.3;30.6;0.497
25/01/2005;07.00.00;0.3;647;311;1.7;383;35;2047;149;1141;228;18.3;38.4;0.636
25/01/2005;08.00.00;1.8;647;99;5.9;383;305;1722;31;551;391;21.5;24.2;0.979
25/01/2005;09.00.00;2.6;809;234;9.3;383;295;1777;58;551;347;28.0;22.3;0.282
25/01/2005;10.00.00;4.0;1114;158;13.6;439;396;1620;157;1247;411;18.6;82.3;0.76
25/01/2005;11.00.00;3.1;936;179;9.5;383;206;1824;57;551;228;19.3;50.6;1.094
25/01/2005;12.00.00;1.2;647;375;3.4;383;377;1694;161;1537;507;18.6;43.6;0.913
25/01/2005;13.00.00;3.8;1044;61;13.2;383;249;1689;95;728;228;8.4;38.4;1.153
25/01/2005;14.00.00;1.7;647;290;10.4;383;298;1771;34;551;370;18.2;54.9;1.294
25/01/2005;15.00.00;0.4;647;172;0.1;383;311;1708;49;551;443;17.8;49.6;0.527
25/01/2005;16.00.00;1.9;647;167;6.2;383;42;1987;134;1064;291;12.4;44.0;1.04
25/01/2005;17.00.00;4.2;1142;112;10.9;383;303;1738;137;1018;358;2.9;55.6;0.84
25/01/2005;18.00.00;2.4;715;289;7.6;383;261;1818;187;1415;228;14.9;58.8;0.665
25/01/2005;19.00.00;2.2;695;199;5.6;383;204;1892;113;767;257;22.9;11.7;0.743
25/01/2005;20.00.00;4.4;1235;187;14.0;383;263;1688;103;740;228;29.8;49.5;1.199
25/01/2005;21.00.00;0.1;647;228;0.8;383;636;1465;199;1612;750;16.3;55.6;0.411
25/01/2005;22.00.00;0.4;647;201;0.1;383;2;1946;72;556;228;16.8;44.8;0.666
25/01/2005;23.00.00;0.1;647;27;0.1;383;225;1913;99;777;283;15.7;23.5;0.845
26/01/2005;00.00.00;2.7;798;171;11.4;383;370;1839;135;1050;540;20.5;43.0;1.225
26/01/2005;01.00.00;2.4;662;303;9.3;383;55;1959;70;572;228;14.1;47.1;0.779
26/01/2005;02.00.00;4.3;1059;74;13.5;383;302;1790;134;1082;307;22.5;52.8;0.683
26/01/2005;03.00.00;2.5;787;114;6.2;383;292;1648;113;908;458;-0.4;64.1;0.838
26/01/2005;04.00.00;1.6;647;177;5.2;383;2;2021;167;1313;228;22.4;65.6;1.566
26/01/2005;05.00.00;2.2;647;149;7.6;383;156;1854;92;801;228;14.5;44.8;1.771
26/01/2005;06.00.00;2.3;690;215;8.9;383;518;1693;82;551;491;17.0;55.0;1.079
26/01/2005;07.00.00;0.1;647;114;2.0;383;2;1979;205;1579;228;5.2;47.1;0.18
26/01/2005;08.00.00;5.9;1613;181;21.1;484;178;1791;153;1167;263;17.8;64.3;1.347
26/01/2005;09.00.00;2.9;817;213;5.7;383;220;1715;165;1372;346;22.2;62.1;0.571
26/01/2005;10.00.00;2.4;647;279;7.2;383;246;1817;153;1181;263;27.0;60.5;1.169
26/01/2005;11.00.00;3.0;899;336;11.6;394;182;1810;80;567;228;18.1;45.9;0.436
26/01/2005;12.00.00;3.1;900;193;8.2;383;258;1890;66;551;354;20.6;69.8;0.546
26/01/2005;13.00.00;2.0;647;397;8.7;383;240;1858;67;603;313;23.0;58.8;0.974
26/01/2005;14.00.00;1.3;647;200;7.7;383;354;1708;85;742;455;11.9;42.4;1.159
26/01/2005;15.00.00;3.0;876;296;11.9;383;375;1750;170;1439;619;28.3;51.0;0.18
26/01/2005;16.00.00;2.7;750;401;9.9;383;313;1888;111;903;363;7.1;37.4;0.622
26/01/2005;17.00.00;1.0;647;231;2.4;383;282;1681;158;1287;353;24.5;56.9;1.347
26/01/2005;18.00.00;4.1;1333;87;13.8;383;6;1943;152;1199;228;8.9;54.6;0.678
26/01/2005;19.00.00;2.6;813;226;5.5;383;263;1944;189;1493;404;6.9;47.4;0.559
26/01/2005;20.00.00;3.2;785;159;8.6;383;416;1606;151;1133;621;11.3;31.4;0.834
26/01/2005;21.00.00;4.1;1120;191;11.7;383;2;2051;123;1041;228;22.8;58.9;1.644
26/01/2005;22.00.00;2.2;647;406;7.1;383;44;2059;50;551;228;9.7;53.7;1.34
26/01/2005;23.00.00;2.6;812;101;7.5;383;474;1619;206;1544;679;24.9;26.7;1.141
27/01/2005;00.00.00;3.3;746;246;11.0;383;16;2041;164;1462;228;18.3;60.1;0.939
27/01/2005;01.00.00;1.1;647;134;5.4;383;230;1792;133;1057;301;8.7;44.5;1.281
27/01/2005;02.00.00;2.2;647;188;5.7;383;161;2016;123;996;228;16.0;31.2;1.3
27/01/2005;03.00.00;2.3;647;288;7.7;383;465;1592;27;551;568;24.2;58.0;0.746
27/01/2005;04.00.00;0.8;647;248;1.8;383;292;1689;133;1104;334;28.3;34.3;0.681
27/01/2005;05.00.00;5.4;1516;196;17.6;499;367;1777;87;810;536;23.9;21.4;0.903
27/01/2005;06.00.00;0.2;647;156;1.9;383;254;1853;34;551;291;25.7;51.9;1.376
27/01/2005;07.00.00;0.3;647;248;2.9;383;551;1570;89;596;636;18.1;35.6;1.351
27/01/2005;08.00.00;4.0;1166;380;14.1;437;132;1896;124;1090;287;14.6;52.9;0.857
27/01/2005;09.00.00;3.1;917;132;10.9;383;298;1721;130;1048;342;16.4;73.9;0.707
27/01/2005;10.00.00;0.7;647;399;0.1;383;438;1590;56;551;577;29.4;68.3;1.333
27/01/2005;11.00.00;3.0;825;331;7.4;383;473;1573;47;551;681;11.2;43.7;0.88
27/01/2005;12.00.00;4.2;1131;348;11.8;383;204;1861;98;637;228;18.4;46.9;1.415
27/01/2005;13.00.00;2.1;647;247;7.5;383;2;1981;140;1171;228;21.1;16.9;1.014
27/01/2005;14.00.00;5.8;1660;329;15.9;383;187;1730;74;584;228;16.2;32.0;1.226
27/01/2005;15.00.00;0.1;647;122;1.0;383;512;1556;91;681;667;28.5;66.9;0.745
27/01/2005;16.00.00;3.1;905;154;10.5;383;129;1879;122;968;228;21.0;67.7;1.594
27/01/2005;17.00.00;3.8;1084;290;8.2;383;290;1808;73;729;304;19.6;81.5;0.557
27/01/2005;18.00.00;3.4;956;246;8.7;383;199;1864;16;551;228;19.7;35.2;1.27
27/01/2005;19.00.00;1.9;647;203;8.1;383;234;1952;127;1049;228;27.1;47.1;0.629
27/01/2005;20.00.00;1.7;647;7;7.0;383;446;1564;29;551;548;14.9;28.9;1.543
27/01/2005;21.00.00;2.8;740;176;7.2;383;284;1816;128;933;256;12.6;49.4;0.498
27/01/2005;22.00.00;3.3;1064;106;8.5;383;558;1604;102;864;637;21.8;70.0;1.732
27/01/2005;23.00.00;3.0;839;264;4.7;383;395;1706;102;889;515;22.8;59.2;1.715
28/01/2005;00.00.00;3.6;985;199;14.5;383;266;1763;60;560;296;22.4;40.4;1.355
28/01/2005;01.00.00;0.7;647;158;2.4;383;231;1760;97;764;284;-0.6;48.9;1.316
28/01/2005;02.00.00;1.8;647;469;9.6;383;296;1759;70;641;302;17.9;25.2;1.282
28/01/2005;03.00.00;0.8;647;316;2.3;383;57;1811;249;2036;228;18.5;34.9;0.758
28/01/2005;04.00.00;1.6;647;318;5.7;383;84;1858;74;600;228;23.6;56.0;0.811
28/01/2005;05.00.00;3.6;1033;427;13.2;383;361;1632;162;1376;430;9.3;72.0;1.191
28/01/2005;06.00.00;2.3;778;294;10.6;383;386;1730;85;826;507;22.9;49.4;1.541
28/01/2005;07.00.00;5.8;1704;144;19.6;482;43;2015;124;1071;228;13.1;78.9;1.292
28/01/2005;08.00.00;2.4;865;133;7.8;383;377;1612;113;900;454;17.5;73.2;0.323
28/01/2005;09.00.00;2.2;647;309;7.2;383;219;1720;105;801;246;29.1;64.4;1.301
28/01/2005;10.00.00;2.3;777;22;5.3;383;118;1787;103;870;228;19.7;50.2;0.799
28/01/2005;11.00.00;1.3;647;210;3.3;383;197;1919;124;1011;240;19.6;48.0;1.286
28/01/2005;12.00.00;2.1;647;11;6.7;383;381;1767;179;1522;411;22.6;29.7;0.765
28/01/2005;13.00.00;3.7;1102;227;14.7;383;339;1780;58;551;430;23.6;44.2;1.373
28/01/2005;14.00.00;2.3;647;299;6.5;383;291;1887;28;551;439;-1.9;15.8;1.287
28/01/2005;15.00.00;1.0;647;244;5.5;383;303;1899;73;551;340;24.9;34.2;0.968
28/01/2005;16.00.00;0.9;647;307;2.6;383;71;1863;119;939;228;28.1;54.4;0.566
28/01/2005;17.00.00;1.5;647;404;7.4;383;329;1704;98;837;389;19.0;49.8;1.502
28/01/2005;18.00.00;2.3;764;204;8.6;383;176;1921;187;1487;243;3.5;77.1;1.084
28/01/2005;19.00.00;3.8;959;484;13.4;383;555;1334;181;1484;605;12.3;24.7;0.954
28/01/2005;20.00.00;0.3;647;238;2.8;383;187;1829;91;840;374;8.7;82.3;1.078
28/01/2005;21.00.00;1.7;647;308;7.1;383;586;1607;187;1451;813;18.4;53.5;0.515
28/01/2005;22.00.00;2.4;651;159;9.7;383;221;1795;133;953;238;19.1;60.2;1.273
28/01/2005;23.00.00;0.1;647;371;4.6;383;231;1873;78;551;447;27.1;75.6;0.885
29/01/2005;00.00.00;1.0;647;316;6.4;383;200;1679;107;850;228;29.2;60.3;1.01
29/01/2005;01.00.00;1.2;647;357;4.8;383;53;1979;103;929;228;38.3;9.2;1.092
29/01/2005;02.00.00;1.0;647;223;2.4;383;448;1603;77;596;834;12.5;84.0;0.317
29/01/2005;03.00.00;2.4;777;98;8.5;383;260;1773;82;833;293;18.0;40.5;0.199
29/01/2005;04.00.00;1.9;696;261;2.3;383;341;1650;134;975;481;17.9;39.8;0.331
29/01/2005;05.00.00;1.4;647;56;6.1;383;493;1733;93;610;662;12.6;64.4;0.691
29/01/2005;06.00.00;2.7;702;186;6.7;383;225;1824;99;814;253;20.2;33.3;0.904
29/01/2005;07.00.00;4.6;1233;236;16.8;437;231;1826;103;779;323;24.0;56.6;0.336
29/01/2005;08.00.00;4.4;1229;443;18.2;453;268;1950;104;779;458;36.5;13.5;0.454
29/01/2005;09.00.00;0.1;647;248;0.1;383;49;1886;157;1259;228;23.0;47.6;1.041
29/01/2005;10.00.00;3.0;733;231;9.4;383;2;2009;73;551;228;9.4;55.6;0.53
29/01/2005;11.00.00;1.9;699;212;4.0;383;15;1932;124;1036;228;7.3;34.8;0.73
29/01/2005;12.00.00;2.4;687;90;4.1;383;435;1592;40;551;469;11.5;33.0;1.462
29/01/2005;13.00.00;1.6;647;226;4.9;383;196;1867;87;675;245;23.4;65.5;1.129
29/01/2005;14.00.00;2.3;713;227;8.7;383;366;1684;50;551;481;18.6;48.7;0.351
29/01/2005;15.00.00;2.4;647;125;9.1;383;206;1993;190;1678;228;7.7;36.9;1.042
29/01/2005;16.00.00;1.3;647;105;4.6;383;4;2138;119;935;228;11.1;58.2;1.164
29/01/2005;17.00.00;0.9;647;172;0.1;383;378;1684;92;701;478;26.7;33.9;1.367
29/01/2005;18.00.00;1.5;647;224;5.1;383;109;1788;29;551;228;28.3;17.6;1.245
29/01/2005;19.00.00;2.5;673;174;4.9;383;334;1708;48;551;313;0.4;20.9;1.2
29/01/2005;20.00.00;3.0;647;118;6.7;383;387;1773;153;1269;446;20.2;47.9;1.021
29/01/2005;21.00.00;3.3;1033;245;8.7;383;239;1737;130;1105;265;24.9;43.8;1.185
29/01/2005;22.00.00;1.5;647;269;6.8;383;318;1873;43;551;417;15.3;43.5;1.367
29/01/2005;23.00.00;2.5;647;229;9.2;383;28;2023;44;551;228;26.3;54.8;0.945
30/01/2005;00.00.00;3.5;953;164;11.8;383;693;1351;201;1508;784;32.2;14.1;0.704
30/01/2005;01.00.00;3.8;1100;274;10.4;383;313;1696;178;1403;500;26.3;58.1;0.943
30/01/2005;02.00.00;2.1;647;199;5.8;383;365;1666;127;1031;318;21.4;36.3;0.834
30/01/2005;03.00.00;1.8;659;105;3.1;383;388;1624;118;899;421;11.0;49.8;0.949
30/01/2005;04.00.00;2.4;647;316;10.5;383;224;1728;104;850;228;31.8;61.5;0.209
30/01/2005;05.00.00;0.5;647;251;6.1;383;257;1747;52;560;329;10.5;73.1;1.418
30/01/2005;06.00.00;1.9;647;206;7.1;383;411;1639;154;1188;553;22.5;32.7;1.089
30/01/2005;07.00.00;3.2;770;68;11.7;383;189;1952;103;764;515;13.1;65.0;1.448
30/01/2005;08.00.00;3.0;924;147;9.4;383;305;1790;148;1259;447;9.8;58.7;0.604
30/01/2005;09.00.00;1.8;647;409;2.4;383;317;1785;93;649;285;28.7;45.7;1.197
30/01/2005;10.00.00;2.5;710;74;6.2;383;133;1921;130;1044;228;29.2;58.1;0.919
30/01/2005;11.00.00;1.0;647;194;2.3;383;313;1685;89;677;369;9.4;40.5;1.047
30/01/2005;12.00.00;3.1;822;216;9.3;383;2;2090;116;798;228;21.9;30.4;1.244
30/01/2005;13.00.00;2.0;647;248;5.3;383;386;1656;151;1198;465;16.9;67.4;1.329
30/01/2005;14.00.00;1.8;647;75;5.7;383;486;1584;87;648;655;8.6;45.0;0.796
30/01/2005;15.00.00;1.6;647;234;3.6;383;384;1722;209;1720;528;10.9;79.0;0.796
30/01/2005;16.00.00;2.1;705;57;10.9;383;475;1819;85;698;462;14.9;74.8;1.13
30/01/2005;17.00.00;1.5;647;227;2.1;383;129;1851;119;970;228;20.0;27.7;0.18
30/01/2005;18.00.00;3.1;862;156;11.6;383;211;1700;179;1358;228;34.2;77.0;1.314
30/01/2005;19.00.00;1.6;647;135;4.6;383;265;1810;182;1415;331;26.2;46.5;1.125
30/01/2005;20.00.00;4.4;1227;297;14.9;383;265;1842;135;1103;283;20.1;56.9;1.078
30/01/2005;21.00.00;4.2;1094;195;14.5;383;179;1821;125;936;280;17.1;55.0;1.074
30/01/2005;22.00.00;0.9;647;263;3.2;383;106;1867;116;927;228;5.0;32.3;0.319
30/01/2005;23.00.00;2.2;647;266;4.9;383;510;1490;178;1452;556;13.0;42.4;0.905
31/01/2005;00.00.00;1.2;647;338;3.3;383;118;1932;158;1331;228;27.1;69.5;1.098
31/01/2005;01.00.00;1.7;647;103;5.8;383;499;1756;165;1279;597;25.6;54.1;1.083
31/01/2005;02.00.00;5.0;1452;305;16.1;383;321;1879;191;1500;373;7.8;27.2;1.854
31/01/2005;03.00.00;1.7;647;219;3.5;383;277;1802;134;1095;296;15.7;65.4;0.808
31/01/2005;04.00.00;2.7;737;182;11.1;383;329;1703;93;689;228;7.3;28.6;1.172
31/01/2005;05.00.00;2.9;747;108;4.3;383;479;1647;129;928;730;23.6;65.1;0.413
31/01/2005;06.00.00;0.7;647;275;1.9;383;2;1972;115;953;228;21.2;75.2;0.58
31/01/2005;07.00.00;1.0;647;130;1.2;383;300;1707;103;810;380;6.6;31.5;1.576
31/01/2005;08.00.00;0.5;647;267;1.8;383;268;1797;93;791;352;22.8;68.1;0.848
31/01/2005;09.00.00;0.9;647;401;4.9;383;274;1882;139;1068;503;25.0;65.4;1.04
31/01/2005;10.00.00;0.1;647;311;0.1;383;389;1672;143;1155;652;24.1;79.3;1.11
31/01/2005;11.00.00;2.9;831;350;14.0;383;152;1861;79;551;228;16.1;28.6;1.576
31/01/2005;12.00.00;5.0;1461;149;16.5;383;69;1922;128;1073;228;22.8;26.7;0.975
31/01/2005;13.00.00;2.4;647;290;8.3;383;34;2036;190;1484;228;25.7;38.5;0.748
31/01/2005;14.00.00;0.2;647;109;0.1;383;107;1982;77;606;228;0.9;29.6;0.708
31/01/2005;15.00.00;1.3;647;195;3.9;383;351;1632;178;1417;419;23.1;88.7;1.071
31/01/2005;16.00.00;1.5;647;383;6.8;383;323;1727;71;551;350;3.0;50.0;1.32
31/01/2005;17.00.00;0.7;647;160;2.7;383;381;1783;130;1047;379;14.0;50.5;0.743
31/01/2005;18.00.00;3.4;961;323;11.0;383;175;1832;27;551;228;16.1;76.8;0.696
31/01/2005;19.00.00;3.3;1018;314;10.4;383;182;1965;143;1167;228;22.6;39.3;1.297
31/01/2005;20.00.00;0.5;647;320;0.1;383;499;1655;102;718;709;17.3;57.0;1.414
31/01/2005;21.00.00;3.2;769;97;7.4;383;402;1818;29;551;415;23.6;22.5;1.606
31/01/2005;22.00.00;4.3;1220;267;16.1;448;361;1686;90;713;378;14.0;43.7;1.053
31/01/2005;23.00.00;4.8;1334;203;17.2;383;2;2054;197;1609;228;23.4;78.5;1.173
01/02/2005;00.00.00;6.2;1814;321;21.8;545;545;1622;140;1112;550;21.9;71.2;1.161
01/02/2005;01.00.00;0.9;647;60;1.2;383;231;1900;118;862;248;19.9;57.1;0.18
01/02/2005;02.00.00;6.1;1814;252;19.2;548;272;1810;138;1310;228;15.2;46.4;1.474
01/02/2005;03.00.00;1.7;647;239;7.8;383;314;1837;161;1301;372;16.3;50.1;1.331
01/02/2005;04.00.00;1.3;647;28;1.8;383;271;1732;186;1362;259;17.6;56.7;1.142
01/02/2005;05.00.00;2.6;819;133;10.6;383;219;1819;99;784;228;12.1;16.9;1.114
01/02/2005;06.00.00;1.3;647;44;3.1;383;268;1666;141;1100;332;17.5;77.5;1.055
01/02/2005;07.00.00;2.7;647;148;7.0;383;343;1703;135;1073;379;20.4;22.5;1.849
01/02/2005;08.00.00;0.3;647;270;0.9;383;375;1631;118;814;509;18.4;29.1;0.276
01/02/2005;09.00.00;1.8;647;236;3.6;383;432;1680;104;834;440;9.6;14.9;0.817
01/02/2005;10.00.00;3.9;1249;234;8.8;383;78;2016;189;1450;228;15.9;61.0;1.015
01/02/2005;11.00.00;2.1;647;119;6.8;383;162;1915;125;1123;228;18.5;82.3;1.478
01/02/2005;12.00.00;2.3;670;324;8.6;383;376;1761;54;551;516;14.6;27.0;1.147
01/02/2005;13.00.00;2.8;758;216;11.4;383;5;2003;2;551;228;19.6;38.9;0.729
01/02/2005;14.00.00;3.8;1188;221;13.3;383;270;1772;158;1341;247;13.9;39.7;0.662
01/02/2005;15.00.00;0.1;647;307;4.3;383;125;1805;92;774;228;19.4;35.8;1.077
01/02/2005;16.00.00;3.0;798;123;12.2;383;330;1581;105;858;241;23.4;46.4;0.858
01/02/2005;17.00.00;1.8;647;239;7.2;383;116;1786;132;1148;228;15.2;46.2;1.836
01/02/2005;18.00.00;2.4;661;258;8.6;383;190;1794;231;1799;232;21.0;64.0;1.093
01/02/2005;19.00.00;3.6;939;166;14.1;383;201;1911;177;1483;355;27.5;48.6;0.72
01/02/2005;20.00.00;0.5;647;279;0.1;383;283;1674;102;783;326;16.7;24.4;1.748
01/02/2005;21.00.00;0.7;647;263;1.4;383;392;1620;148;1191;461;23.1;71.3;0.619
01/02/2005;22.00.00;0.1;647;208;0.1;383;403;1639;84;575;448;13.5;73.1;1.034
01/02/2005;23.00.00;1.4;647;205;5.7;383;277;1881;150;1096;375;20.0;39.9;0.747
02/02/2005;00.00.00;4.0;1150;267;11.4;383;76;1935;73;582;228;15.3;64.2;0.717
02/02/2005;01.00.00;2.0;647;292;12.4;383;640;1498;121;1059;803;2.9;68.9;1.133
02/02/2005;02.00.00;0.3;647;223;0.1;383;232;1846;123;970;450;29.7;48.1;1.378
02/02/2005;03.00.00;1.5;647;324;4.9;383;287;1881;62;635;228;15.1;41.4;1.266
02/02/2005;04.00.00;0.1;647;280;0.1;383;283;1780;84;709;228;21.8;74.9;0.676
02/02/2005;05.00.00;0.6;647;48;0.9;383;300;1618;8;551;417;16.1;48.0;1.491
02/02/2005;06.00.00;2.7;791;84;6.1;383;116;1917;94;876;228;9.6;69.1;1.191
02/02/2005;07.00.00;0.5;647;330;0.1;383;313;1864;166;1437;329;28.1;88.7;0.18
02/02/2005;08.00.00;3.7;1133;194;7.5;383;524;1631;208;1562;710;23.3;63.8;1.309
02/02/2005;09.00.00;2.1;647;233;7.7;383;2;2015;184;1473;228;11.1;24.6;1.464
02/02/2005;10.00.00;2.3;694;326;6.4;383;250;1827;94;796;268;24.6;34.4;1.057
02/02/2005;11.00.00;1.8;647;217;9.5;383;74;1793;112;959;228;30.9;33.7;1.23
02/02/2005;12.00.00;3.2;994;221;7.9;383;397;1524;109;925;536;20.3;57.0;1.758
02/02/2005;13.00.00;3.2;998;135;13.3;383;420;1735;102;810;556;25.6;14.8;0.18
02/02/2005;14.00.00;2.6;748;253;11.5;392;226;1921;159;1253;228;28.8;49.1;1.236
02/02/2005;15.00.00;2.9;886;273;12.0;383;255;1745;86;683;240;11.7;36.7;0.635
02/02/2005;16.00.00;1.9;647;163;6.4;383;111;1926;182;1401;228;22.8;10.9;1.459
02/02/2005;17.00.00;2.9;717;130;8.6;383;2;2048;119;848;228;7.1;48.1;0.878
02/02/2005;18.00.00;1.7;647;467;7.9;383;204;1969;57;551;357;17.4;24.5;1.154
02/02/2005;19.00.00;2.2;647;209;5.3;383;213;1822;108;912;228;13.9;34.1;0.357
02/02/2005;20.00.00;1.8;647;153;6.2;383;252;1856;135;1228;302;14.3;62.2;1.323
02/02/2005;21.00.00;1.5;647;285;4.7;383;2;2157;159;1231;228;11.5;45.4;0.514
02/02/2005;22.00.00;1.2;647;213;2.0;383;2;1975;149;1222;228;11.0;68.2;0.868
02/02/2005;23.00.00;2.8;837;114;9.5;383;19;1989;97;762;228;9.0;63.2;1.491
03/02/2005;00.00.00;4.0;1010;263;14.2;443;258;1704;88;693;306;4.7;68.3;1.278
03/02/2005;01.00.00;3.8;1177;136;10.3;383;335;1647;196;1517;448;14.8;70.4;0.886
03/02/2005;02.00.00;0.4;647;367;2.2;383;68;2015;114;918;228;6.7;42.6;0.415
03/02/2005;03.00.00;4.0;1127;264;8.2;383;203;1932;58;579;228;12.0;44.6;0.93
03/02/2005;04.00.00;1.7;647;191;3.4;383;157;1967;84;644;240;10.4;31.4;0.793
03/02/2005;05.00.00;3.0;884;228;8.7;383;556;1471;18;551;802;6.4;55.1;0.788
03/02/2005;06.00.00;0.9;647;303;3.5;383;187;1833;34;551;228;20.4;50.4;0.7
03/02/2005;07.00.00;2.3;723;235;9.3;383;180;1893;87;583;243;18.7;30.4;0.844
03/02/2005;08.00.00;2.6;749;419;8.5;383;121;1720;74;585;228;20.0;50.9;0.902
03/02/2005;09.00.00;0.1;647;325;1.5;383;2;2034;80;793;228;18.4;64.8;1.771
03/02/2005;10.00.00;3.0;780;264;9.3;383;344;1874;149;1134;352;23.0;43.0;0.554
03/02/2005;11.00.00;4.0;1102;128;13.7;457;205;1926;154;1162;228;16.2;51.0;1.458
03/02/2005;12.00.00;1.9;647;204;6.8;383;186;1657;57;551;241;30.6;54.9;1.493
03/02/2005;13.00.00;4.1;1272;263;12.0;383;273;1812;203;1774;228;7.1;58.4;0.18
03/02/2005;14.00.00;1.9;647;139;5.3;383;4;2013;117;1031;228;6.1;58.6;0.672
03/02/2005;15.00.00;3.3;971;340;11.9;383;516;1608;113;957;649;1.0;42.5;0.956
03/02/2005;16.00.00;0.1;647;125;3.9;383;2;2006;74;708;228;3.0;11.0;1.057
03/02/2005;17.00.00;5.5;1534;157;20.1;528;517;1559;98;861;623;14.3;38.3;0.395
03/02/2005;18.00.00;4.2;1248;164;11.3;383;243;1618;210;1674;228;15.9;41.0;0.916
03/02/2005;19.00.00;1.8;647;288;3.4;383;186;1875;61;551;228;25.7;72.0;1.169
03/02/2005;20.00.00;0.1;647;141;0.1;383;348;1771;125;1088;434;15.6;29.5;0.402
03/02/2005;21.00.00;2.6;647;47;8.4;383;193;1801;86;704;353;30.3;74.1;0.976
03/02/2005;22.00.00;0.1;647;321;0.5;383;388;1789;26;551;500;20.0;58.3;0.633
03/02/2005;23.00.00;2.8;647;175;11.4;383;293;1634;39;551;518;22.2;62.5;0.916
04/02/2005;00.00.00;2.7;682;116;11.3;383;355;1577;142;1112;492;25.1;36.9;0.674
04/02/2005;01.00.00;0.8;647;146;2.7;383;405;1682;30;551;583;14.9;31.3;0.843
04/02/2005;02.00.00;3.7;916;381;11.4;383;219;1769;53;551;228;31.4;77.3;0.842
04/02/2005;03.00.00;3.3;1006;155;11.5;383;393;1762;152;1265;533;21.2;32.6;1.669
04/02/2005;04.00.00;3.5;1053;206;13.4;383;325;1705;146;1186;404;31.3;32.9;1.841
04/02/2005;05.00.00;2.2;647;175;8.0;383;450;1748;115;941;736;26.3;26.1;1.831
04/02/2005;06.00.00;0.2;647;100;0.1;383;189;1790;56;551;228;22.5;25.5;0.18
04/02/2005;07.00.00;3.5;1101;147;10.0;383;454;1647;56;551;688;15.1;51.3;1.252
04/02/2005;08.00.00;1.8;647;94;3.4;383;127;1739;49;551;290;17.4;71.8;0.887
04/02/2005;09.00.00;0.2;647;308;1.0;383;2;1994;106;875;228;20.7;51.8;0.574
04/02/2005;10.00.00;4.0;1312;227;14.2;383;37;1976;143;1159;228;8.9;58.0;1.582
04/02/2005;11.00.00;5.1;1482;453;17.8;561;195;1940;92;837;228;0.0;63.5;0.945
04/02/2005;12.00.00;2.1;647;150;9.0;383;286;1650;155;1136;488;14.8;9.2;1.369
04/02/2005;13.00.00;5.2;1557;136;19.5;407;248;1778;190;1569;228;15.4;52.6;1.406
04/02/2005;14.00.00;2.3;661;363;4.5;383;366;1823;131;1071;310;22.1;56.3;1.27
04/02/2005;15.00.00;1.6;647;318;6.0;383;62;2076;52;551;228;28.8;26.5;0.867
04/02/2005;16.00.00;1.3;647;254;4.9;383;509;1525;117;985;536;17.9;60.7;0.87
04/02/2005;17.00.00;4.4;1326;112;14.1;383;451;1583;177;1476;462;8.4;40.4;1.038
04/02/2005;18.00.00;1.1;647;383;1.7;383;389;1552;82;630;439;18.1;46.1;1.582
04/02/2005;19.00.00;3.2;867;211;13.1;383;439;1478;81;599;604;19.3;81.0;1.415
04/02/2005;20.00.00;1.4;647;177;3.2;383;8;1962;167;1379;228;16.2;66.4;0.902
04/02/2005;21.00.00;1.5;647;326;0.4;383;352;1666;44;551;460;10.7;59.3;0.966
04/02/2005;22.00.00;3.6;1129;215;11.5;383;359;1877;122;963;471;33.8;56.3;1.714
04/02/2005;23.00.00;1.6;647;107;4.7;383;394;1712;83;585;475;24.3;34.1;0.507
05/02/2005;00.00.00;1.6;647;221;8.8;383;375;1682;92;801;533;23.0;39.6;0.25
05/02/2005;01.00.00;3.7;1000;143;12.9;383;314;1801;194;1491;386;3.6;50.9;0.654
05/02/2005;02.00.00;4.4;1205;7;13.4;383;307;1835;89;744;306;8.2;31.7;1.846
05/02/2005;03.00.00;3.1;1067;134;9.4;383;428;1754;118;870;492;5.7;35.0;0.522
05/02/2005;04.00.00;1.2;647;167;3.5;383;150;1900;162;1277;228;15.7;38.3;0.63
05/02/2005;05.00.00;1.4;647;108;9.0;383;302;1756;51;551;431;27.4;84.9;1.123
05/02/2005;06.00.00;2.3;647;272;8.6;383;161;1883;153;1201;228;16.4;69.0;1.073
05/02/2005;07.00.00;2.6;737;144;5.5;383;222;1817;91;750;228;15.4;50.3;1.464
05/02/2005;08.00.00;0.8;647;263;2.0;383;2;1956;51;551;228;4.7;29.6;1.504
05/02/2005;09.00.00;3.2;785;100;10.1;383;112;1993;89;674;228;20.4;50.3;0.831
05/02/2005;10.00.00;2.3;647;304;5.0;383;179;1841;115;883;257;14.1;47.1;1.154
05/02/2005;11.00.00;0.1;647;96;0.1;383;181;1773;124;1097;228;26.8;78.4;1.086
05/02/2005;12.00.00;0.8;647;7;3.9;383;194;1845;77;597;280;11.7;75.3;0.684
05/02/2005;13.00.00;1.4;647;335;3.0;383;64;2005;102;844;228;16.5;33.4;1.217
05/02/2005;14.00.00;2.0;683;136;9.1;383;195;1727;46;551;228;13.3;60.9;1.052
05/02/2005;15.00.00;4.8;1297;384;15.4;383;412;1648;79;775;526;15.1;39.2;1.133
05/02/2005;16.00.00;2.5;830;271;7.0;383;200;1775;47;551;256;23.6;32.6;0.751
05/02/2005;17.00.00;1.0;647;293;0.1;383;444;1818;109;711;476;8.5;70.0;1.5
05/02/2005;18.00.00;2.5;723;317;10.3;383;434;1659;72;551;597;16.5;54.1;0.579
05/02/2005;19.00.00;1.7;647;228;5.9;383;156;1999;212;1643;228;17.6;88.7;0.67
05/02/2005;20.00.00;2.6;704;229;7.4;383;333;1753;131;1187;368;22.9;44.5;1.81
05/02/2005;21.00.00;3.0;780;339;7.7;383;45;1990;34;551;228;14.9;33.1;0.833
05/02/2005;22.00.00;3.8;1131;228;15.5;483;84;1927;77;659;228;26.3;36.6;1.03
05/02/2005;23.00.00;2.1;660;148;4.6;383;263;1771;146;1261;369;1.8;50.0;0.928
06/02/2005;00.00.00;4.4;1239;273;13.5;383;323;1735;124;1097;401;21.7;29.4;0.538
06/02/2005;01.00.00;3.4;849;17;12.1;383;492;1553;37;551;624;17.8;41.9;0.467
06/02/2005;02.00.00;1.2;647;343;6.6;383;221;1822;75;595;259;25.7;29.1;0.808
06/02/2005;03.00.00;5.2;1502;345;16.3;457;272;1651;143;1144;274;9.7;37.0;0.857
06/02/2005;04.00.00;2.6;712;331;6.9;383;260;1805;130;1157;256;31.5;37.2;0.663
06/02/2005;05.00.00;1.0;647;328;2.9;383;520;1487;140;1292;571;28.9;57.1;1.173
06/02/2005;06.00.00;4.5;1124;210;16.1;407;451;1646;99;973;500;14.3;43.6;1.37
06/02/2005;07.00.00;5.1;1239;207;18.4;441;304;1781;71;614;611;21.4;44.8;1.124
06/02/2005;08.00.00;2.1;647;101;4.0;383;367;1819;51;551;484;9.2;39.2;0.835
06/02/2005;09.00.00;1.4;647;384;4.9;383;299;1785;158;1233;302;22.9;23.0;1.407
06/02/2005;10.00.00;1.9;647;171;3.2;383;410;1650;206;1655;573;11.3;36.5;1.242
06/02/2005;11.00.00;3.2;803;250;11.9;383;377;1647;126;1095;603;20.5;74.5;1.615
06/02/2005;12.00.00;3.9;1179;242;13.4;383;199;1897;157;1339;228;10.0;25.4;0.746
06/02/2005;13.00.00;2.9;862;90;7.6;383;261;1783;74;641;276;27.4;42.8;0.671
06/02/2005;14.00.00;2.3;672;52;10.4;383;270;1723;111;828;228;22.6;32.9;1.321
06/02/2005;15.00.00;4.2;1251;218;14.3;414;269;1796;109;1034;300;33.9;56.2;0.993
06/02/2005;16.00.00;1.7;647;174;5.9;383;168;1716;131;1089;266;19.4;37.8;1.09
06/02/2005;17.00.00;3.6;975;209;11.1;383;297;1768;116;949;330;5.8;51.8;1.925
06/02/2005;18.00.00;1.7;647;319;5.6;383;168;1803;246;2042;228;20.3;67.7;0.61
06/02/2005;19.00.00;2.8;663;239;8.0;383;156;1848;151;1160;228;38.4;47.5;1.164
06/02/2005;20.00.00;2.0;647;290;4.9;383;227;1977;175;1344;298;16.1;37.4;1.072
06/02/2005;21.00.00;2.1;647;260;9.1;383;287;1731;125;978;294;22.0;71.8;1.49
06/02/2005;22.00.00;1.6;647;187;4.2;383;433;1716;10;551;682;23.1;42.9;0.18
06/02/2005;23.00.00;4.0;1149;122;11.9;383;354;1800;134;1085;429;7.9;58.8;0.826
07/02/2005;00.00.00;1.1;647;243;3.3;383;415;1735;165;1161;436;20.1;40.2;1.234
07/02/2005;01.00.00;1.1;647;225;6.4;383;517;1615;179;1400;691;23.6;60.1;1.017
07/02/2005;02.00.00;5.1;1458;304;18.6;464;156;1786;109;720;350;23.8;61.1;1.054
07/02/2005;03.00.00;3.5;1037;203;10.5;383;354;1664;44;551;570;14.8;77.1;0.727
07/02/2005;04.00.00;0.1;647;189;2.8;383;360;1617;99;775;359;10.6;42.8;1.239
07/02/2005;05.00.00;1.4;647;196;4.6;383;285;1743;43;551;240;12.1;67.3;1.477
07/02/2005;06.00.00;0.1;647;130;0.1;383;382;1666;174;1421;355;16.0;61.0;1.671
07/02/2005;07.00.00;0.8;647;355;1.7;383;259;1719;134;1016;367;18.9;45.8;1.048
07/02/2005;08.00.00;0.1;647;326;3.1;383;348;1764;88;676;395;7.3;32.2;0.989
07/02/2005;09.00.00;2.0;657;102;10.4;383;29;1937;148;1303;228;26.4;21.7;1.109
07/02/2005;10.00.00;0.6;647;294;2.4;383;246;1773;183;1380;361;25.0;45.2;0.676
07/02/2005;11.00.00;2.2;647;42;6.0;383;354;1590;150;1376;354;38.0;40.0;0.882
07/02/2005;12.00.00;0.1;647;311;0.1;383;403;1682;208;1705;565;20.4;50.5;0.651
07/02/2005;13.00.00;2.3;656;151;5.7;383;114;1901;70;551;228;16.5;37.2;1.162
07/02/2005;14.00.00;1.6;647;252;3.8;383;233;1765;159;1194;252;5.9;60.4;0.723
07/02/2005;15.00.00;4.3;1328;34;12.2;383;83;1963;42;551;228;5.8;44.8;1.033
07/02/2005;16.00.00;4.1;1269;104;13.0;383;186;1860;203;1690;233;9.7;51.4;1.035
07/02/2005;17.00.00;3.2;832;262;10.6;383;294;1811;147;1217;270;7.7;23.0;0.928
07/02/2005;18.00.00;1.7;647;151;5.1;383;404;1727;95;769;606;14.1;48.7;1.626
07/02/2005;19.00.00;4.9;1411;138;15.3;383;384;1749;57;551;551;12.0;64.4;1.348
07/02/2005;20.00.00;0.1;647;350;1.8;383;280;1909;87;634;451;26.8;44.6;1.237
07/02/2005;21.00.00;0.2;647;428;0.1;383;146;1893;100;835;228;22.2;20.1;1.36
07/02/2005;22.00.00;2.0;647;307;6.2;383;224;1744;123;1116;293;23.1;42.3;0.787
07/02/2005;23.00.00;5.3;1488;114;16.6;388;634;1458;112;895;704;5.1;65.6;0.698
08/02/2005;00.00.00;1.9;647;385;9.1;383;32;1942;82;681;228;18.3;24.9;1.237
08/02/2005;01.00.00;1.9;647;69;5.1;383;61;1877;168;1430;228;4.8;9.2;0.646
08/02/2005;02.00.00;0.1;647;189;1.6;383;272;1580;31;551;228;22.7;47.8;0.74
08/02/2005;03.00.00;3.5;1023;223;9.6;383;354;1735;140;1157;437;12.1;25.2;0.942
08/02/2005;04.00.00;3.5;960;400;11.9;383;378;1700;121;1039;576;7.4;19.6;0.18
08/02/2005;05.00.00;3.3;1020;304;11.5;383;290;1921;112;842;359;14.5;47.2;0.7
08/02/2005;06.00.00;1.3;647;173;6.2;383;13;2137;143;1042;228;12.9;75.0;1.334
08/02/2005;07.00.00;1.2;647;128;2.9;383;212;1884;80;629;264;23.9;39.0;1.051
08/02/2005;08.00.00;0.3;647;313;0.1;383;2;2043;76;676;228;13.6;21.1;1.239
08/02/2005;09.00.00;2.3;647;167;5.7;383;306;1688;99;675;522;18.2;9.2;1.285
08/02/2005;10.00.00;0.6;647;238;4.0;383;315;1762;87;721;363;10.7;52.2;0.642
08/02/2005;11.00.00;0.5;647;87;5.8;383;226;1809;101;798;228;13.8;52.6;0.185
08/02/2005;12.00.00;1.6;647;272;6.7;383;65;1959;147;1162;228;9.9;46.3;1.034
08/02/2005;13.00.00;1.5;647;264;2.2;383;120;1841;118;970;228;15.0;65.1;0.895
08/02/2005;14.00.00;1.4;647;100;6.1;383;2;2031;114;779;228;22.2;63.0;0.744
08/02/2005;15.00.00;2.8;678;316;7.1;383;238;1699;124;1088;284;20.6;29.6;0.767
08/02/2005;16.00.00;2.3;647;270;6.5;383;730;1658;97;705;757;28.5;67.7;1.432
08/02/2005;17.00.00;1.7;647;288;6.0;383;230;1931;156;1279;283;7.3;50.4;0.659
08/02/2005;18.00.00;2.4;647;182;8.4;383;181;1960;140;1177;305;16.9;42.4;1.195
08/02/2005;19.00.00;0.8;647;235;2.6;383;279;1674;113;1023;324;13.5;28.4;1.288
08/02/2005;20.00.00;2.3;661;224;6.1;383;69;1814;58;551;228;18.7;33.4;1.423
08/02/2005;21.00.00;2.4;647;203;9.7;383;75;1961;175;1289;228;18.9;30.0;0.474
08/02/2005;22.00.00;0.1;647;234;0.1;383;151;1854;144;1031;253;10.7;72.2;0.903
08/02/2005;23.00.00;3.5;1017;337;13.8;383;381;1842;140;1223;496;20.3;41.5;1.997
09/02/2005;00.00.00;0.9;647;320;0.2;383;297;1812;194;1511;398;16.8;49.8;2.065
09/02/2005;01.00.00;2.3;647;105;7.7;383;221;1819;146;1140;301;28.8;12.6;1.796
09/02/2005;02.00.00;3.8;1073;311;9.6;383;360;1829;110;795;406;6.5;28.3;1.284
09/02/2005;03.00.00;3.4;1026;331;9.4;383;507;1608;88;677;632;13.3;36.1;1.121
09/02/2005;04.00.00;2.2;647;203;6.0;383;358;1731;86;832;396;28.4;82.4;0.694
09/02/2005;05.00.00;1.6;647;266;8.3;383;90;2011;126;1012;228;19.6;43.8;0.327
09/02/2005;06.00.00;3.5;1094;264;13.7;383;2;1944;159;1210;228;10.6;43.3;1.374
09/02/2005;07.00.00;3.1;979;137;11.7;383;2;2079;159;1363;228;17.5;25.4;0.831
09/02/2005;08.00.00;1.3;647;181;4.2;383;378;1742;46;551;443;2.7;38.0;0.425
09/02/2005;09.00.00;1.0;647;289;3.7;383;130;1822;157;1258;228;23.0;38.1;1.191
09/02/2005;10.00.00;0.1;647;170;2.9;383;371;1859;98;761;449;11.1;67.6;2.18
09/02/2005;11.00.00;2.4;815;310;9.0;383;176;1822;84;656;258;18.3;9.2;1.188
09/02/2005;12.00.00;2.0;647;341;6.5;383;305;1624;130;929;385;19.3;19.3;0.824
09/02/2005;13.00.00;3.7;969;326;14.9;387;353;1655;150;1194;435;15.7;52.0;1.266
09/02/2005;14.00.00;2.7;721;406;10.1;383;126;1816;53;551;228;-1.9;61.7;0.73
09/02/2005;15.00.00;4.0;1372;209;13.3;417;371;1718;123;910;476;15.5;32.3;0.825
09/02/2005;16.00.00;1.2;647;234;2.8;383;145;2013;35;551;228;-1.9;68.4;1.184
09/02/2005;17.00.00;3.7;1010;248;10.9;383;138;1909;151;1053;228;30.5;46.4;0.364
09/02/2005;18.00.00;1.4;647;212;3.8;383;371;1829;59;651;353;15.5;29.3;1.113
09/02/2005;19.00.00;3.2;916;269;11.3;383;342;1811;122;703;328;10.7;26.9;0.937
09/02/2005;20.00.00;0.1;647;55;2.0;383;316;1533;95;751;391;1.2;53.0;0.963
09/02/2005;21.00.00;2.5;685;237;5.0;383;77;2010;85;671;228;22.7;57.7;0.774
09/02/2005;22.00.00;0.1;647;87;0.1;383;187;1803;16;551;228;21.4;9.2;1.616
09/02/2005;23.00.00;1.8;647;126;3.8;383;351;1759;45;551;548;16.4;38.1;0.579
10/02/2005;00.00.00;2.8;872;287;8.0;383;595;1519;109;925;863;17.5;21.3;0.836
10/02/2005;01.00.00;1.4;647;199;6.9;383;523;1804;68;551;707;11.3;48.4;1.144
10/02/2005;02.00.00;0.7;647;284;1.6;383;174;1895;97;639;228;11.7;45.9;1.603
10/02/2005;03.00.00;3.3;920;197;11.2;383;145;1930;75;559;265;27.7;42.3;0.501
10/02/2005;04.00.00;2.0;647;323;7.3;383;510;1677;99;579;655;14.9;87.2;1.189
10/02/2005;05.00.00;1.5;647;195;2.6;383;337;1610;55;551;249;20.7;73.9;0.898
10/02/2005;06.00.00;2.2;679;32;10.0;383;174;1947;90;677;302;14.8;55.0;1.89
10/02/2005;07.00.00;5.8;1734;239;17.4;480;265;1770;100;808;228;16.5;32.2;1.263
10/02/2005;08.00.00;3.8;989;11;15.2;383;54;1900;114;1018;228;34.8;33.8;0.909
10/02/2005;09.00.00;3.8;1032;79;11.8;383;400;1745;25;551;504;28.8;69.7;0.478
10/02/2005;10.00.00;2.8;844;134;8.2;383;460;1512;115;951;575;23.6;26.2;1.0
10/02/2005;11.00.00;2.4;647;122;5.4;383;481;1689;59;551;608;17.3;53.0;0.955
10/02/2005;12.00.00;0.1;647;166;0.7;383;418;1652;47;551;597;24.3;82.1;0.18
10/02/2005;13.00.00;1.2;647;119;8.3;383;196;1834;172;1329;258;3.8;20.0;0.961
10/02/2005;14.00.00;1.5;647;84;5.6;383;382;1514;148;1173;472;17.4;69.0;1.594
10/02/2005;15.00.00;0.1;647;364;0.9;383;469;1696;139;1080;686;12.0;59.5;1.224
10/02/2005;16.00.00;0.5;647;153;0.4;383;390;1707;102;845;462;23.6;54.6;0.983
10/02/2005;17.00.00;0.1;647;7;1.5;383;376;1661;85;730;442;24.4;53.2;0.966
10/02/2005;18.00.00;2.1;647;183;7.0;383;275;1705;184;1577;366;27.2;53.9;0.815
10/02/2005;19.00.00;3.3;978;111;10.4;383;107;1976;119;977;288;17.4;56.8;0.728
10/02/2005;20.00.00;3.7;941;133;12.8;383;529;1603;69;584;580;17.3;38.8;1.163
10/02/2005;21.00.00;2.7;743;285;5.1;383;240;1808;65;614;228;22.9;56.4;0.816
10/02/2005;22.00.00;0.8;647;175;2.4;383;431;1575;127;1081;517;28.2;40.6;1.078
10/02/2005;23.00.00;0.1;647;108;0.1;383;625;1524;96;741;861;6.6;34.8;1.287
11/02/2005;00.00.00;0.1;647;260;0.4;383;384;1711;162;1217;508;16.7;42.1;0.349
11/02/2005;01.00.00;0.4;647;327;0.1;383;425;1764;116;893;469;-0.3;44.4;0.418
11/02/2005;02.00.00;0.9;647;269;1.6;383;102;1821;55;551;228;25.8;78.6;0.704
11/02/2005;03.00.00;1.9;647;7;3.5;383;134;1834;202;1628;228;12.4;68.0;0.827
11/02/2005;04.00.00;0.7;647;112;4.6;383;439;1803;64;551;384;21.3;51.7;0.657
11/02/2005;05.00.00;2.6;795;222;7.0;383;161;1885;54;551;228;7.3;25.3;0.679
11/02/2005;06.00.00;1.8;717;194;4.6;383;40;1987;108;842;228;17.3;34.7;0.662
11/02/2005;07.00.00;2.2;647;186;10.0;383;2;2075;135;870;228;13.8;77.2;0.706
11/02/2005;08.00.00;3.7;1032;124;13.1;383;212;1974;69;551;228;11.8;27.2;1.253
11/02/2005;09.00.00;0.5;647;84;0.1;383;210;1738;146;1422;390;25.7;60.5;0.781
11/02/2005;10.00.00;2.7;716;408;11.5;383;398;1855;89;804;554;10.8;38.3;1.364
11/02/2005;11.00.00;2.1;664;220;10.1;383;94;1920;230;1949;228;27.5;59.3;1.452
11/02/2005;12.00.00;1.7;647;279;8.5;383;456;1655;129;1070;551;30.5;51.7;1.215
11/02/2005;13.00.00;3.4;961;218;12.2;383;60;1956;60;561;228;13.8;52.0;0.429
11/02/2005;14.00.00;3.4;904;222;8.6;383;64;2068;79;606;228;31.6;30.5;0.685
11/02/2005;15.00.00;0.8;647;212;2.5;383;267;1862;136;1028;292;25.3;55.3;1.271
11/02/2005;16.00.00;1.9;647;111;3.2;383;254;1785;74;711;342;36.1;48.3;1.652
11/02/2005;17.00.00;2.5;684;74;6.4;383;334;1642;109;787;380;32.4;45.7;0.262
11/02/2005;18.00.00;1.8;647;254;3.4;383;66;1927;207;1699;228;19.5;35.4;1.338
11/02/2005;19.00.00;3.0;749;235;8.2;383;300;1652;143;1292;499;26.5;41.5;0.633
11/02/2005;20.00.00;2.5;717;307;8.5;383;2;2069;141;1209;228;16.2;31.6;0.312
11/02/2005;21.00.00;4.7;1174;287;14.2;383;2;1944;208;1645;228;28.8;43.3;1.283
11/02/2005;22.00.00;0.1;647;141;0.1;383;525;1571;76;714;551;8.8;56.7;0.453
11/02/2005;23.00.00;2.0;647;325;5.7;383;406;1768;112;914;530;14.5;24.3;0.441
12/02/2005;00.00.00;0.9;647;290;5.8;383;245;1868;98;776;377;12.5;48.5;1.988
12/02/2005;01.00.00;3.0;795;283;13.9;383;2;2029;82;722;228;15.0;38.9;0.325
12/02/2005;02.00.00;0.1;647;431;0.1;383;175;1795;100;735;416;15.4;70.5;0.521
12/02/2005;03.00.00;2.6;691;412;9.1;383;314;1787;91;613;299;18.0;42.5;0.971
12/02/2005;04.00.00;1.3;647;283;2.4;383;175;1795;81;632;228;23.3;47.6;0.711
12/02/2005;05.00.00;1.1;647;271;5.1;383;484;1651;98;738;661;19.0;55.4;1.12
12/02/2005;06.00.00;0.1;647;320;0.1;383;342;1621;81;551;314;21.7;78.0;1.188
12/02/2005;07.00.00;1.5;647;162;3.4;383;104;2012;128;1031;228;10.2;55.4;0.596
12/02/2005;08.00.00;3.7;1052;163;15.7;405;2;2014;67;551;228;12.8;88.7;1.85
12/02/2005;09.00.00;2.1;715;281;4.1;383;379;1695;161;1218;480;14.5;68.6;0.373
12/02/2005;10.00.00;3.0;920;136;4.8;383;374;1731;147;1181;398;17.2;47.1;0.88
12/02/2005;11.00.00;4.5;1212;274;15.8;401;361;1701;134;999;368;28.0;9.2;0.938
12/02/2005;12.00.00;2.5;808;232;7.3;383;503;1602;90;820;607;18.6;36.3;1.013
12/02/2005;13.00.00;1.4;647;136;3.1;383;316;1850;115;1063;340;12.1;60.0;1.286
12/02/2005;14.00.00;2.8;753;220;14.4;383;260;1876;106;912;322;22.9;27.5;1.295
12/02/2005;15.00.00;1.4;647;341;5.9;383;362;1766;114;880;355;18.6;16.0;0.972
12/02/2005;16.00.00;1.4;647;225;4.5;383;434;1672;48;551;451;16.1;53.4;1.431
12/02/2005;17.00.00;0.1;647;226;0.1;383;351;1693;118;890;297;29.0;21.8;0.434
12/02/2005;18.00.00;3.4;1110;249;11.9;383;250;1885;128;1082;330;24.3;50.4;1.078
12/02/2005;19.00.00;1.6;647;261;1.7;383;394;1611;182;1516;421;17.6;45.6;1.364
12/02/2005;20.00.00;2.4;715;186;6.7;383;260;1934;64;580;371;17.1;23.5;0.998
12/02/2005;21.00.00;0.7;647;251;2.2;383;171;1919;56;551;228;15.5;81.2;0.883
12/02/2005;22.00.00;2.8;758;118;9.3;383;264;1882;160;1338;228;7.0;37.5;0.957
12/02/2005;23.00.00;1.1;647;142;3.2;383;197;1879;40;551;228;15.7;65.6;1.081
13/02/2005;00.00.00;2.0;647;154;4.9;383;232;1803;182;1484;228;18.0;71.0;1.082
13/02/2005;01.00.00;3.4;997;262;12.7;413;116;1982;169;1365;228;7.4;36.1;1.306
13/02/2005;02.00.00;3.3;925;233;7.1;383;398;1568;140;1041;456;9.2;84.3;1.292
13/02/2005;03.00.00;2.1;647;205;6.2;383;278;1729;40;551;311;36.6;34.4;0.906
13/02/2005;04.00.00;0.1;647;283;0.1;383;354;1700;105;820;495;31.0;47.1;1.089
13/02/2005;05.00.00;6.3;1706;253;22.3;607;319;1633;110;781;405;12.1;54.0;0.847
13/02/2005;06.00.00;4.6;1422;190;13.8;383;107;1964;126;958;228;12.1;25.0;0.311
13/02/2005;07.00.00;3.2;721;119;11.0;383;448;1742;139;1151;660;22.4;46.0;1.531
13/02/2005;08.00.00;1.1;647;140;4.2;383;211;1694;77;577;228;14.7;60.0;1.631
13/02/2005;09.00.00;2.0;647;78;2.7;383;190;1814;163;1265;317;18.7;54.8;1.087
13/02/2005;10.00.00;1.4;647;231;4.3;383;278;1763;137;937;404;17.6;71.4;0.863
13/02/2005;11.00.00;3.9;1126;136;9.1;383;281;1800;137;1187;334;14.0;28.8;0.778
13/02/2005;12.00.00;2.5;732;170;8.8;383;643;1553;102;730;814;6.0;44.9;1.574
13/02/2005;13.00.00;1.1;647;205;1.9;383;337;1707;131;1057;420;11.4;40.1;0.706
13/02/2005;14.00.00;1.5;647;317;7.1;383;171;1937;10;551;228;14.9;33.5;0.688
13/02/2005;15.00.00;3.7;1015;306;11.5;383;536;1577;132;1077;664;12.9;43.9;0.18
13/02/2005;16.00.00;4.4;1312;212;12.5;383;2;1950;192;1560;228;8.0;52.7;1.251
13/02/2005;17.00.00;4.3;1114;338;16.1;469;172;1880;150;1187;288;31.3;37.0;1.612
13/02/2005;18.00.00;3.2;898;26;8.5;383;160;1770;144;1181;228;22.0;36.6;1.201
13/02/2005;19.00.00;1.8;647;396;7.5;383;245;1783;150;1202;355;16.2;54.6;0.787
13/02/2005;20.00.00;0.1;647;283;1.3;383;298;1746;171;1258;266;23.1;69.7;0.254
13/02/2005;21.00.00;2.6;755;227;7.5;383;312;1701;103;924;368;15.9;67.8;1.189
13/02/2005;22.00.00;2.1;647;133;4.2;383;309;1954;160;1403;392;36.9;57.1;1.129
13/02/2005;23.00.00;2.3;728;176;10.0;383;342;1830;134;1009;228;41.2;29.5;0.746
14/02/2005;00.00.00;2.2;647;275;8.1;383;236;1826;116;804;260;31.6;32.3;0.944
14/02/2005;01.00.00;0.3;647;278;0.1;383;443;1679;177;1522;567;26.0;38.5;1.26
14/02/2005;02.00.00;2.9;813;281;9.9;383;2;2039;79;554;228;15.0;40.6;1.304
14/02/2005;03.00.00;3.0;726;148;11.7;383;2;2048;81;758;228;2.6;53.2;1.245
14/02/2005;04.00.00;3.1;773;129;10.2;383;359;1837;2;551;489;28.7;38.1;1.533
14/02/2005;05.00.00;3.5;976;236;11.6;383;195;1917;68;551;228;14.0;56.0;1.101
14/02/2005;06.00.00;3.0;849;291;11.7;391;508;1434;91;720;627;18.2;31.5;1.266
14/02/2005;07.00.00;1.6;647;218;8.1;383;405;1742;110;805;477;21.4;68.2;0.851
14/02/2005;08.00.00;2.1;647;358;6.3;383;336;1664;134;1081;396;22.7;46.8;0.607
14/02/2005;09.00.00;2.3;647;221;4.6;383;171;1818;155;1281;228;20.8;57.5;1.204
14/02/2005;10.00.00;2.3;647;217;4.8;383;349;1798;49;551;369;11.8;50.0;1.175
14/02/2005;11.00.00;3.5;953;281;10.0;383;185;1702;118;995;294;16.7;28.0;0.793
14/02/2005;12.00.00;3.1;989;333;7.9;383;255;1932;65;611;241;15.5;61.0;1.392
14/02/2005;13.00.00;5.1;1325;89;12.8;383;196;1908;49;551;302;26.6;34.8;0.904
14/02/2005;14.00.00;5.2;1513;111;20.5;536;285;1798;128;1254;313;15.4;40.7;0.222
14/02/2005;15.00.00;2.3;664;188;8.3;383;207;1900;117;978;228;15.8;17.9;1.057
14/02/2005;16.00.00;0.1;647;518;0.1;383;399;1772;136;1125;416;18.8;35.7;0.455
14/02/2005;17.00.00;3.9;1128;193;12.4;383;315;1765;140;1157;483;15.6;36.0;0.18
14/02/2005;18.00.00;1.4;647;206;0.9;383;168;1927;89;751;294;17.9;38.1;0.902
14/02/2005;19.00.00;1.0;647;276;5.6;383;177;1779;165;1356;228;9.5;54.2;1.255
14/02/2005;20.00.00;1.6;647;310;1.2;383;51;2023;68;634;228;9.0;54.1;0.832
14/02/2005;21.00.00;1.5;647;234;5.9;383;2;2047;62;551;228;13.4;87.4;1.05
14/02/2005;22.00.00;3.0;1035;328;5.9;383;388;1804;132;1037;474;20.6;64.2;0.862
14/02/2005;23.00.00;0.1;647;104;0.1;383;191;1860;123;854;228;10.9;80.6;0.872
15/02/2005;00.00.00;0.6;647;145;4.5;383;59;1976;74;702;228;20.1;29.0;0.331
15/02/2005;01.00.00;2.6;851;328;5.1;383;313;1674;73;551;430;25.7;48.1;0.18
15/02/2005;02.00.00;3.0;809;219;9.4;383;135;1891;131;986;283;6.1;74.2;1.057
15/02/2005;03.00.00;3.0;742;98;11.0;383;235;1860;125;946;420;10.4;53.1;0.765
15/02/2005;04.00.00;1.0;647;92;4.3;383;48;2017;63;551;228;7.1;52.0;0.448
15/02/2005;05.00.00;0.8;647;140;2.6;383;345;1860;82;632;488;6.8;59.6;0.889
15/02/2005;06.00.00;1.4;647;218;5.6;383;259;1829;69;551;299;-0.4;24.9;0.455
15/02/2005;07.00.00;2.5;681;262;6.7;383;322;1734;11;551;241;19.5;72.3;0.956
15/02/2005;08.00.00;4.2;1095;186;17.4;473;180;1900;178;1461;228;10.8;32.3;0.18
15/02/2005;09.00.00;0.1;647;254;0.1;383;283;1728;124;934;231;19.6;38.1;1.485
15/02/2005;10.00.00;1.8;647;176;8.2;383;23;2087;168;1394;228;25.6;34.3;1.392
15/02/2005;11.00.00;0.3;647;334;1.3;383;594;1469;98;812;879;10.3;50.5;0.617
15/02/2005;12.00.00;0.1;647;460;1.6;383;309;1720;66;551;299;24.2;55.4;1.166
15/02/2005;13.00.00;3.5;895;180;12.8;383;507;1508;71;624;490;27.1;41.3;0.747
15/02/2005;14.00.00;2.9;801;263;10.4;383;205;1842;70;551;228;12.6;27.5;1.902
15/02/2005;15.00.00;2.8;890;255;7.3;383;85;1983;88;795;243;2.2;27.8;0.391
15/02/2005;16.00.00;3.4;997;231;10.4;383;170;1995;38;551;305;8.3;37.7;1.447
15/02/2005;17.00.00;1.5;647;280;1.8;383;239;1803;94;647;372;37.6;62.0;1.365
15/02/2005;18.00.00;1.5;647;263;4.3;383;228;1799;85;761;228;16.0;12.5;0.533
15/02/2005;19.00.00;5.2;1427;173;17.3;447;530;1361;154;1220;710;26.1;76.2;1.439
15/02/2005;20.00.00;1.8;665;343;7.0;383;115;1925;138;1108;228;18.1;36.5;0.817
15/02/2005;21.00.00;3.2;825;237;11.0;383;153;1879;94;778;252;4.0;56.2;0.681
15/02/2005;22.00.00;2.2;647;181;3.4;383;355;1717;135;1008;340;22.0;53.5;1.104
15/02/2005;23.00.00;0.1;647;450;0.1;383;3;2117;60;551;228;13.0;39.4;0.906
16/02/2005;00.00.00;0.1;647;206;0.1;383;239;1851;52;551;240;33.7;58.2;1.046
16/02/2005;01.00.00;1.3;647;242;1.7;383;267;1752;108;836;376;12.1;12.6;0.72
16/02/2005;02.00.00;3.6;1013;234;9.9;383;312;1677;117;1043;550;31.6;49.6;1.0
16/02/2005;03.00.00;3.3;934;205;10.4;383;299;1667;106;788;255;31.5;15.6;1.408
16/02/2005;04.00.00;3.4;986;260;13.8;383;550;1524;178;1358;643;6.4;51.2;0.583
16/02/2005;05.00.00;0.8;647;137;0.6;383;110;1941;145;1279;228;23.5;62.7;1.135
16/02/2005;06.00.00;4.4;1108;274;11.9;383;147;1713;162;1222;228;15.1;34.4;0.738
16/02/2005;07.00.00;0.8;647;50;1.4;383;339;1717;86;696;341;27.3;88.7;0.73
16/02/2005;08.00.00;2.4;647;94;8.5;383;280;1839;128;1086;344;21.2;64.8;1.967
16/02/2005;09.00.00;2.1;647;391;9.3;383;299;1677;62;557;327;19.5;63.1;1.614
16/02/2005;10.00.00;1.9;647;98;5.9;383;31;1960;77;551;228;14.6;46.4;0.754
16/02/2005;11.00.00;4.0;1126;31;10.0;383;579;1456;128;973;721;22.7;41.6;0.774
16/02/2005;12.00.00;1.2;647;101;1.3;383;315;1531;70;551;418;6.7;70.0;0.676
16/02/2005;13.00.00;0.3;647;383;1.2;383;3;1932;75;666;228;25.6;85.6;1.326
16/02/2005;14.00.00;2.2;647;47;9.0;383;339;1643;133;1153;418;24.7;33.9;0.458
16/02/2005;15.00.00;1.6;647;127;8.7;383;77;2000;76;691;228;22.1;41.0;1.155
16/02/2005;16.00.00;6.9;1912;79;19.6;525;388;1727;159;1271;520;10.5;56.3;1.95
16/02/2005;17.00.00;3.1;872;191;10.2;383;44;1880;102;803;228;10.3;73.3;1.074
16/02/2005;18.00.00;1.6;647;176;3.0;383;399;1783;104;792;434;12.7;32.1;1.413
16/02/2005;19.00.00;0.7;647;172;0.4;383;59;2010;125;878;228;10.8;28.5;1.363
16/02/2005;20.00.00;0.1;647;394;0.1;383;96;1901;106;893;228;20.4;24.3;0.812
16/02/2005;21.00.00;0.7;647;104;1.6;383;267;1812;126;933;270;13.9;63.7;0.447
16/02/2005;22.00.00;2.3;647;208;5.6;383;152;1802;68;551;335;14.9;63.5;1.41
16/02/2005;23.00.00;4.1;1218;250;18.2;447;161;1674;2;551;228;14.3;23.3;1.405
17/02/2005;00.00.00;3.7;1202;124;11.0;383;11;1997;45;551;228;8.7;78.3;1.771
17/02/2005;01.00.00;2.5;695;264;9.9;383;195;1734;91;748;228;13.7;23.0;1.004
17/02/2005;02.00.00;1.7;647;180;4.1;383;381;1676;136;1080;498;26.8;35.0;0.596
17/02/2005;03.00.00;2.5;722;253;12.6;383;533;1606;216;1823;640;24.7;23.9;1.045
17/02/2005;04.00.00;1.4;647;207;5.2;383;372;1546;84;558;339;21.9;61.4;0.708
17/02/2005;05.00.00;4.6;1325;23;16.3;460;350;1735;81;713;587;30.0;73.0;1.34
17/02/2005;06.00.00;1.9;747;342;4.9;383;2;2064;129;1029;228;13.7;65.6;1.299
17/02/2005;07.00.00;2.0;647;414;8.4;383;241;1640;123;1025;228;15.2;47.4;1.262
17/02/2005;08.00.00;0.1;647;201;1.0;383;146;1939;125;969;228;26.0;50.1;0.736
17/02/2005;09.00.00;1.9;649;132;5.2;383;14;2140;100;776;228;17.8;47.6;0.931
17/02/2005;10.00.00;3.3;1048;361;8.5;383;51;1938;17;551;228;10.7;51.5;0.343
17/02/2005;11.00.00;0.7;647;397;1.6;383;348;1780;122;919;350;8.5;57.9;0.617
17/02/2005;12.00.00;1.1;647;201;2.9;383;160;1791;110;843;228;10.6;44.9;0.739
17/02/2005;13.00.00;3.3;1031;197;12.2;383;20;2057;36;551;228;28.2;37.8;0.545
17/02/2005;14.00.00;0.1;647;210;0.1;383;148;1921;140;1011;246;19.7;61.5;0.801
17/02/2005;15.00.00;3.6;1072;58;7.8;383;290;1785;148;1162;410;20.5;19.5;1.074
17/02/2005;16.00.00;1.4;647;190;5.8;383;142;1898;139;1101;228;18.4;62.1;0.548
17/02/2005;17.00.00;1.6;647;380;7.7;383;60;1982;93;802;228;12.4;79.3;0.589
17/02/2005;18.00.00;0.6;647;201;0.1;383;105;1910;123;946;228;-1.9;40.5;1.081
17/02/2005;19.00.00;2.7;808;119;12.2;406;381;1617;69;551;486;4.8;45.8;0.941
17/02/2005;20.00.00;5.6;1498;265;20.7;484;2;1986;46;551;228;27.9;47.1;1.161
17/02/2005;21.00.00;3.2;892;154;9.1;383;204;1832;108;827;247;24.1;48.7;1.37
17/02/2005;22.00.00;0.9;647;211;0.8;383;228;1723;40;551;316;30.9;50.8;1.243
17/02/2005;23.00.00;3.7;1090;97;14.1;412;130;1886;106;878;228;20.1;47.9;1.36
18/02/2005;00.00.00;1.7;647;119;2.7;383;99;1915;110;912;228;23.6;39.9;1.211
18/02/2005;01.00.00;4.1;1091;288;11.7;383;396;1641;73;638;482;7.7;54.9;0.18
18/02/2005;02.00.00;3.3;785;229;7.9;383;395;1711;206;1679;344;5.3;63.4;0.654
18/02/2005;03.00.00;0.1;647;144;0.3;383;262;1837;84;732;317;26.6;41.3;0.425
18/02/2005;04.00.00;0.7;647;229;5.3;383;162;1816;123;1012;228;20.3;32.2;0.975
18/02/2005;05.00.00;3.5;1009;160;11.9;383;263;1801;103;992;251;18.0;69.0;0.845
18/02/2005;06.00.00;2.4;775;143;9.6;383;307;1826;158;1382;416;14.0;50.8;1.349
18/02/2005;07.00.00;0.7;647;328;1.6;383;228;1736;96;794;269;32.5;21.9;0.315
18/02/2005;08.00.00;1.3;647;292;4.2;383;311;1617;52;551;397;11.3;66.0;0.45
18/02/2005;09.00.00;0.1;647;215;0.1;383;191;1771;132;1212;228;30.0;30.8;0.78
18/02/2005;10.00.00;2.0;647;231;6.3;383;2;2040;40;551;228;18.2;42.9;1.199
18/02/2005;11.00.00;5.2;1568;217;15.3;383;216;1790;72;628;311;1.9;44.7;0.844
18/02/2005;12.00.00;3.3;942;264;10.2;383;350;1620;88;745;390;23.0;39.1;1.252
18/02/2005;13.00.00;5.2;1417;142;16.2;402;250;1900;90;713;286;17.4;61.8;0.924
18/02/2005;14.00.00;3.4;1031;299;10.2;398;298;1666;96;732;377;14.5;74.5;1.009
18/02/2005;15.00.00;3.6;1103;251;15.7;383;204;1822;92;712;244;18.9;64.9;1.078
18/02/2005;16.00.00;4.9;1268;193;19.3;469;216;1885;119;737;364;-1.9;58.7;0.18
18/02/2005;17.00.00;2.7;872;171;11.4;383;272;1835;80;551;369;19.5;42.3;1.199
18/02/2005;18.00.00;1.9;647;297;9.6;383;543;1598;133;1031;689;18.8;88.6;0.878
18/02/2005;19.00.00;3.6;1029;203;14.3;411;374;1646;72;584;475;32.8;56.8;1.231
18/02/2005;20.00.00;4.2;1252;151;13.3;383;354;1760;52;551;525;36.7;68.5;1.699
18/02/2005;21.00.00;1.5;647;181;4.5;383;277;1779;58;551;367;15.8;39.0;1.516
18/02/2005;22.00.00;1.1;647;291;4.1;383;42;1998;93;800;228;25.9;78.9;0.958
18/02/2005;23.00.00;2.3;647;64;7.1;383;433;1762;159;1258;603;28.8;14.7;1.252
19/02/2005;00.00.00;3.3;809;184;8.5;383;384;1596;111;864;400;18.8;16.5;0.691
19/02/2005;01.00.00;3.3;835;319;11.0;400;301;1789;90;731;408;20.0;62.9;0.454
19/02/2005;02.00.00;0.2;647;202;0.1;383;239;1819;111;947;228;15.0;23.8;0.595
19/02/2005;03.00.00;4.8;1275;243;15.7;403;329;1811;54;551;262;7.5;38.8;1.302
19/02/2005;04.00.00;1.3;647;321;2.0;383;210;1973;31;551;230;26.9;47.7;0.752
19/02/2005;05.00.00;1.8;647;302;5.5;383;357;1853;65;584;562;10.2;49.5;0.997
19/02/2005;06.00.00;0.9;647;176;3.2;383;117;1972;62;551;228;15.9;81.6;0.97
19/02/2005;07.00.00;5.9;1669;205;18.3;459;2;1950;228;1771;228;26.4;49.8;1.985
19/02/2005;08.00.00;2.5;717;303;4.7;383;62;1916;205;1603;228;6.9;25.4;0.392
19/02/2005;09.00.00;1.0;647;307;0.7;383;267;1843;204;1684;228;15.6;51.8;0.925
19/02/2005;10.00.00;3.4;1020;209;11.7;383;199;1737;54;551;345;29.4;38.3;1.221
19/02/2005;11.00.00;3.2;933;212;9.2;383;223;1802;197;1515;417;6.6;44.2;1.114
19/02/2005;12.00.00;1.9;647;243;7.2;383;47;1902;78;633;228;14.5;52.6;0.871
19/02/2005;13.00.00;3.3;1066;347;10.7;383;292;1672;191;1597;289;7.8;62.9;0.771
19/02/2005;14.00.00;1.0;647;319;2.8;383;87;1949;134;1145;228;25.8;58.0;1.391
19/02/2005;15.00.00;1.5;647;283;5.4;383;321;1805;65;604;305;33.5;51.3;0.537
19/02/2005;16.00.00;0.1;647;115;0.1;383;29;2024;192;1542;228;27.6;67.5;1.071
19/02/2005;17.00.00;0.3;647;191;1.7;383;117;1915;190;1554;228;20.9;55.6;0.674
19/02/2005;18.00.00;4.7;1295;196;14.1;397;97;1894;62;585;253;16.5;58.1;0.709
19/02/2005;19.00.00;4.4;1284;352;19.3;465;333;1690;128;977;338;24.2;16.4;0.794
19/02/2005;20.00.00;2.2;647;195;4.9;383;175;1929;20;551;228;23.2;76.8;0.931
19/02/2005;21.00.00;4.5;1358;337;13.6;458;310;1710;94;808;421;8.0;35.6;0.821
19/02/2005;22.00.00;1.9;647;163;5.5;383;420;1620;94;811;483;9.2;36.4;1.037
19/02/2005;23.00.00;1.8;647;171;3.1;383;518;1618;93;611;616;5.5;56.3;1.258
20/02/2005;00.00.00;2.2;677;263;8.6;383;281;1696;190;1478;314;19.9;34.9;1.192
20/02/2005;01.00.00;2.0;647;366;5.5;383;77;1944;48;551;228;15.8;35.2;1.031
20/02/2005;02.00.00;1.8;647;197;1.2;383;437;1607;102;931;566;22.8;78.8;1.005
20/02/2005;03.00.00;3.8;883;7;13.4;383;477;1564;149;1123;572;27.9;76.1;1.055
20/02/2005;04.00.00;2.4;647;69;6.3;383;236;1790;49;551;228;20.7;45.7;1.007
20/02/2005;05.00.00;3.1;965;246;9.9;383;447;1702;70;551;620;17.3;41.5;1.097
20/02/2005;06.00.00;3.6;1001;77;12.9;383;296;1776;166;1302;343;28.3;39.4;0.38
20/02/2005;07.00.00;2.7;847;135;7.9;383;2;2021;177;1452;228;5.8;9.2;0.453
20/02/2005;08.00.00;0.8;647;219;1.8;383;149;1941;92;884;228;18.5;65.8;1.031
20/02/2005;09.00.00;0.3;647;7;5.7;383;168;1914;154;1202;228;16.3;53.1;1.149
20/02/2005;10.00.00;2.4;647;181;3.2;383;190;1833;187;1441;228;16.8;39.0;0.257
20/02/2005;11.00.00;1.9;647;107;3.5;383;103;1961;93;872;228;13.8;88.7;1.143
20/02/2005;12.00.00;2.3;647;75;5.1;383;98;1907;150;1344;228;28.4;16.1;0.673
20/02/2005;13.00.00;2.1;647;141;10.4;383;451;1673;92;600;586;4.1;75.5;1.178
20/02/2005;14.00.00;5.8;1491;116;17.2;383;2;2081;48;551;228;23.4;30.2;0.538
20/02/2005;15.00.00;0.3;647;262;1.4;383;135;1933;113;922;228;9.9;80.6;1.785
20/02/2005;16.00.00;0.1;647;331;0.1;383;341;1627;101;825;453;1.7;73.9;1.131
20/02/2005;17.00.00;2.6;833;183;9.6;383;160;1831;68;725;228;21.5;28.7;1.419
20/02/2005;18.00.00;1.6;647;161;5.2;383;307;1806;96;729;521;22.1;59.2;0.895
20/02/2005;19.00.00;2.6;823;178;8.8;383;184;1679;102;725;228;29.0;57.5;1.307
20/02/2005;20.00.00;3.0;888;112;12.1;383;312;1775;126;949;391;18.4;39.1;1.215
20/02/2005;21.00.00;3.9;1131;95;13.5;383;87;1951;162;1390;228;25.6;65.0;0.764
20/02/2005;22.00.00;0.1;647;61;0.1;383;2;2216;162;1302;228;25.1;67.4;0.89
20/02/2005;23.00.00;1.4;647;91;5.0;383;184;1886;108;998;228;19.2;59.3;1.597
21/02/2005;00.00.00;2.8;817;373;13.6;383;2;1989;86;745;228;7.8;38.6;1.458
21/02/2005;01.00.00;3.2;1020;152;11.5;383;235;1904;177;1364;228;23.8;77.9;0.435
21/02/2005;02.00.00;5.2;1516;7;17.0;383;72;1914;108;934;228;25.2;37.4;1.407
21/02/2005;03.00.00;3.5;1075;162;8.4;383;73;1944;84;770;228;10.8;44.6;0.879
21/02/2005;04.00.00;2.1;647;66;8.1;383;471;1630;121;1086;442;15.1;48.7;0.902
21/02/2005;05.00.00;0.9;647;223;4.6;383;287;1817;25;551;405;3.9;56.1;0.862
21/02/2005;06.00.00;1.4;647;213;5.0;383;10;1917;90;746;228;25.4;43.1;1.346
21/02/2005;07.00.00;1.3;647;223;4.5;383;238;1875;87;608;238;10.2;44.4;1.485
21/02/2005;08.00.00;3.1;847;214;15.5;383;224;1778;75;577;289;23.0;23.2;1.305
21/02/2005;09.00.00;2.5;696;182;9.7;383;2;2163;131;1031;228;24.6;14.1;0.965
21/02/2005;10.00.00;0.3;647;79;3.4;383;299;1639;164;1340;399;23.0;62.5;1.03
21/02/2005;11.00.00;1.5;647;210;5.1;383;391;1625;194;1592;524;18.9;64.5;0.873
21/02/2005;12.00.00;3.4;1074;314;10.5;383;181;1692;89;665;228;25.9;88.7;0.497
21/02/2005;13.00.00;2.6;669;390;9.7;383;201;2076;99;892;282;17.3;52.3;1.086
21/02/2005;14.00.00;2.9;671;195;9.2;383;160;1773;80;749;228;26.3;31.1;1.499
21/02/2005;15.00.00;2.7;752;205;8.5;383;304;1816;138;1125;228;14.6;26.4;1.394
21/02/2005;16.00.00;4.4;1375;265;15.1;383;207;1891;23;551;380;27.9;36.2;0.856
21/02/2005;17.00.00;2.5;741;359;6.9;383;213;1756;94;748;228;19.9;55.9;0.921
21/02/2005;18.00.00;1.6;647;171;5.6;383;122;1964;126;867;228;17.8;34.2;1.029
21/02/2005;19.00.00;0.9;647;283;2.9;383;558;1467;83;590;605;18.2;63.3;0.978
21/02/2005;20.00.00;2.5;687;139;9.9;383;206;1769;92;703;289;27.7;58.8;0.797
21/02/2005;21.00.00;0.1;647;249;0.1;383;353;1592;160;1358;390;14.5;55.6;1.167
21/02/2005;22.00.00;1.9;647;310;2.1;383;286;1824;110;803;282;20.1;22.9;0.678
21/02/2005;23.00.00;1.9;647;95;5.3;383;2;1841;170;1357;228;10.1;69.9;1.14
22/02/2005;00.00.00;0.2;647;168;1.6;383;189;1880;191;1731;228;14.2;88.7;1.54
22/02/2005;01.00.00;0.9;647;308;4.6;383;69;1934;138;1126;228;22.2;30.8;0.762
22/02/2005;02.00.00;3.3;969;276;9.1;383;395;1823;99;920;489;13.0;40.7;1.054
22/02/2005;03.00.00;2.5;819;316;9.0;383;52;1960;188;1415;228;25.7;29.9;1.107
22/02/2005;04.00.00;2.3;668;298;9.6;383;321;1810;2;551;325;29.7;53.1;1.282
22/02/2005;05.00.00;2.6;712;185;9.8;383;398;1722;38;551;497;13.4;58.1;0.728
22/02/2005;06.00.00;2.3;647;426;5.7;383;288;1760;149;1286;228;13.6;47.8;0.362
22/02/2005;07.00.00;3.9;1250;231;11.1;383;246;1891;231;1835;413;25.2;69.1;1.788
22/02/2005;08.00.00;2.3;692;7;8.3;383;185;1882;145;1139;236;20.5;73.3;1.284
22/02/2005;09.00.00;0.1;647;191;3.6;383;227;1890;121;1112;283;6.3;25.7;0.661
22/02/2005;10.00.00;4.4;1147;173;14.2;472;40;1893;90;811;228;11.4;52.2;0.322
22/02/2005;11.00.00;2.7;847;293;8.2;383;273;1823;139;1154;280;19.2;56.0;0.787
22/02/2005;12.00.00;1.3;647;175;1.5;383;406;1738;168;1444;463;33.6;54.1;1.145
22/02/2005;13.00.00;0.4;647;322;0.5;383;112;1822;148;1179;228;25.7;43.3;0.604
22/02/2005;14.00.00;2.7;647;271;7.2;383;248;1795;116;956;253;38.2;54.2;1.125
22/02/2005;15.00.00;2.0;669;122;6.4;383;230;1676;162;1203;245;18.2;23.3;1.026
22/02/2005;16.00.00;4.4;1258;204;10.9;414;293;1637;127;959;385;-1.0;74.2;1.085
22/02/2005;17.00.00;1.7;647;144;4.7;383;163;1864;137;1078;228;37.9;44.3;1.725
22/02/2005;18.00.00;1.0;647;235;1.1;383;15;2131;159;1274;228;10.4;39.2;1.521
22/02/2005;19.00.00;3.4;1104;143;12.8;383;74;2090;68;624;277;6.7;20.9;0.627
22/02/2005;20.00.00;3.4;1021;225;9.3;383;2;1974;111;994;228;25.0;78.6;0.541
22/02/2005;21.00.00;2.4;647;192;6.5;383;364;1632;118;1176;461;29.3;82.9;0.637
22/02/2005;22.00.00;3.1;729;203;10.5;383;306;1828;55;626;268;28.0;51.4;0.751
22/02/2005;23.00.00;2.1;647;412;5.8;383;243;1644;60;577;403;21.5;26.3;1.352
23/02/2005;00.00.00;2.5;693;183;12.6;383;139;1856;82;551;228;3.0;44.0;0.883
23/02/2005;01.00.00;3.8;937;34;14.0;441;221;1763;162;1418;379;20.8;46.5;0.869
23/02/2005;02.00.00;3.0;842;314;9.7;383;241;1799;103;980;228;29.0;36.1;1.557
23/02/2005;03.00.00;1.9;647;313;6.9;383;166;1977;119;965;228;21.7;55.0;1.087
23/02/2005;04.00.00;4.0;1132;30;8.2;383;172;1655;127;886;244;17.9;61.8;1.209
23/02/2005;05.00.00;0.1;647;151;2.8;383;446;1667;143;1162;480;26.3;49.0;0.441
23/02/2005;06.00.00;5.0;1525;259;17.1;432;54;1983;137;1167;228;25.9;21.9;0.98
23/02/2005;07.00.00;0.1;647;267;0.2;383;397;1676;116;949;522;14.8;41.2;0.804
23/02/2005;08.00.00;1.3;647;217;5.2;383;2;2021;106;818;228;21.9;42.9;0.495
23/02/2005;09.00.00;2.1;647;219;8.1;383;491;1647;165;1318;499;17.4;42.6;0.88
23/02/2005;10.00.00;1.9;647;128;5.4;383;2;2011;89;818;228;20.1;73.4;0.707
23/02/2005;11.00.00;3.6;889;7;12.1;383;317;1583;178;1464;598;17.7;45.8;1.254
23/02/2005;12.00.00;0.7;647;412;4.2;383;145;1812;85;802;228;15.8;57.8;0.994
23/02/2005;13.00.00;2.5;852;125;9.0;383;220;1951;99;882;373;12.2;76.6;0.974
23/02/2005;14.00.00;1.3;647;234;3.8;383;225;1726;146;1160;286;21.4;48.5;0.4
23/02/2005;15.00.00;2.6;647;202;8.8;383;338;1735;226;1879;372;23.2;49.0;1.336
23/02/2005;16.00.00;2.1;647;303;9.4;383;2;1940;20;551;228;13.4;51.1;0.317
23/02/2005;17.00.00;2.3;647;228;8.9;383;241;1854;154;1248;419;9.2;75.6;0.754
23/02/2005;18.00.00;1.4;647;232;2.1;383;274;1764;135;1139;334;17.1;88.7;0.875
23/02/2005;19.00.00;1.4;647;7;5.8;383;144;1936;91;608;228;16.0;50.7;1.189
23/02/2005;20.00.00;2.6;700;138;9.1;383;229;1847;130;1006;288;26.0;71.2;0.874
23/02/2005;21.00.00;3.5;945;288;13.4;383;144;1853;55;551;228;26.1;70.8;0.632
23/02/2005;22.00.00;1.3;647;280;4.3;383;330;1556;74;551;263;8.0;71.3;1.356
23/02/2005;23.00.00;0.9;647;127;2.2;383;301;1689;133;1078;292;16.3;62.5;0.313
24/02/2005;00.00.00;3.0;780;68;6.9;383;279;1680;64;652;434;20.6;50.0;1.278
24/02/2005;01.00.00;2.1;647;230;5.3;383;347;1625;120;986;374;15.1;76.3;1.194
24/02/2005;02.00.00;3.3;1018;7;13.0;383;436;1690;81;756;441;29.2;19.8;0.91
24/02/2005;03.00.00;0.9;647;108;3.2;383;94;2086;91;786;228;6.0;38.9;1.018
24/02/2005;04.00.00;0.1;647;385;0.1;383;585;1333;164;1454;683;12.6;69.5;0.831
24/02/2005;05.00.00;1.4;647;355;7.1;383;306;1634;57;551;252;18.5;30.1;0.602
24/02/2005;06.00.00;1.1;647;264;5.6;383;169;1883;111;837;228;12.1;83.5;0.517
24/02/2005;07.00.00;2.0;647;247;5.1;383;597;1501;135;1150;724;14.7;29.0;0.573
24/02/2005;08.00.00;1.3;647;32;6.4;383;182;1890;125;877;228;3.4;66.4;0.491
24/02/2005;09.00.00;3.2;845;147;6.9;383;60;1947;84;724;228;27.7;27.4;1.376
24/02/2005;10.00.00;1.7;647;189;6.5;383;167;1971;130;867;424;22.7;63.9;1.262
24/02/2005;11.00.00;2.4;647;149;8.2;383;160;1917;63;551;228;1.9;33.0;0.897
24/02/2005;12.00.00;2.4;647;184;9.9;383;411;1740;89;745;396;26.0;62.3;0.18
24/02/2005;13.00.00;2.4;848;341;8.5;383;228;1898;189;1412;358;16.2;49.8;0.751
24/02/2005;14.00.00;2.1;647;166;6.3;383;261;1695;143;1116;391;14.9;57.2;1.236
24/02/2005;15.00.00;2.9;741;185;8.8;383;255;1842;113;800;399;19.1;59.5;0.996
24/02/2005;16.00.00;1.0;647;288;8.7;383;424;1711;134;1133;537;14.8;64.6;0.616
24/02/2005;17.00.00;4.1;1147;83;13.3;383;196;1815;74;685;228;17.8;50.3;0.836
24/02/2005;18.00.00;1.8;647;138;7.0;383;214;1800;126;1012;270;9.9;50.4;1.309
24/02/2005;19.00.00;0.3;647;147;0.1;383;140;1861;91;906;228;15.1;46.5;1.776
24/02/2005;20.00.00;2.4;680;223;6.1;383;181;1784;85;662;325;12.2;43.6;1.437
24/02/2005;21.00.00;1.0;647;185;4.1;383;326;1628;107;749;471;21.8;70.0;0.873
24/02/2005;22.00.00;3.1;878;188;6.6;383;357;1885;84;558;302;17.1;52.6;0.585
24/02/2005;23.00.00;5.2;1415;154;17.9;391;506;1681;119;946;571;17.4;44.6;0.747
25/02/2005;00.00.00;1.0;647;116;1.9;383;230;1818;132;1089;343;10.2;65.4;1.498
25/02/2005;01.00.00;2.6;723;275;6.3;383;205;1718;99;999;228;23.5;61.5;0.944
25/02/2005;02.00.00;0.1;647;185;0.1;383;306;1798;2;551;370;21.6;70.9;0.18
25/02/2005;03.00.00;2.8;780;276;12.0;417;174;1831;71;551;228;27.4;36.1;0.214
25/02/2005;04.00.00;0.9;647;112;3.6;383;147;1869;61;551;228;20.7;28.2;0.589
25/02/2005;05.00.00;1.3;647;154;2.3;383;295;1943;130;1053;351;17.4;51.4;0.18
25/02/2005;06.00.00;0.6;647;196;3.5;383;186;2002;77;575;228;22.9;18.8;1.347
25/02/2005;07.00.00;3.2;856;205;11.8;383;201;1649;88;708;252;12.3;45.8;1.906
25/02/2005;08.00.00;3.6;1036;289;10.6;383;338;1758;153;1135;448;14.6;39.0;1.368
25/02/2005;09.00.00;2.2;650;177;8.9;383;293;1778;75;568;278;13.7;37.7;1.404
25/02/2005;10.00.00;0.9;647;288;5.0;383;552;1586;122;893;720;28.0;16.4;1.379
25/02/2005;11.00.00;4.4;1186;253;15.7;383;387;1645;83;750;546;17.3;55.0;0.503
25/02/2005;12.00.00;1.1;647;207;2.2;383;128;1897;90;782;228;18.9;51.9;0.928
25/02/2005;13.00.00;0.1;647;127;0.1;383;184;1764;57;551;228;13.0;47.1;1.011
25/02/2005;14.00.00;2.8;647;289;5.5;383;35;2054;87;705;228;20.3;65.4;1.693
25/02/2005;15.00.00;0.6;647;129;0.6;383;97;2002;137;1116;228;17.8;51.6;0.725
25/02/2005;16.00.00;3.5;785;215;10.6;383;439;1779;66;551;434;29.0;51.8;1.274
25/02/2005;17.00.00;1.6;647;212;4.6;383;203;1775;78;551;231;17.1;61.3;0.698
25/02/2005;18.00.00;3.0;768;198;9.5;383;33;1994;218;1717;228;23.3;52.5;0.519
25/02/2005;19.00.00;4.1;1239;181;16.6;478;2;2161;125;1041;228;10.3;45.3;0.55
25/02/2005;20.00.00;0.5;647;139;0.8;383;20;1929;129;1110;228;18.7;42.8;0.337
25/02/2005;21.00.00;1.4;647;64;4.2;383;123;1820;82;669;228;20.9;29.9;0.953
25/02/2005;22.00.00;2.0;647;351;2.9;383;246;1826;163;1255;334;10.5;48.0;1.307
25/02/2005;23.00.00;4.3;1275;171;18.2;386;185;1944;170;1411;228;19.9;67.5;2.02
26/02/2005;00.00.00;1.2;647;205;1.3;383;352;1664;83;685;556;9.2;56.0;1.302
26/02/2005;01.00.00;1.3;647;205;2.8;383;102;2072;164;1231;236;0.4;41.1;0.662
26/02/2005;02.00.00;2.8;772;322;10.4;383;433;1579;177;1274;555;19.5;62.8;1.421
26/02/2005;03.00.00;1.3;647;401;4.8;383;225;1872;13;551;308;26.0;56.1;1.33
26/02/2005;04.00.00;2.4;647;233;10.8;383;316;1692;154;1356;335;1.1;40.1;0.936
26/02/2005;05.00.00;0.1;647;203;1.8;383;166;1829;76;654;229;24.0;71.9;0.584
26/02/2005;06.00.00;5.3;1492;111;16.6;389;401;1744;176;1531;525;26.8;27.3;0.307
26/02/2005;07.00.00;0.3;647;80;2.9;383;42;1948;74;593;228;1.8;48.6;0.67
26/02/2005;08.00.00;1.7;647;49;7.8;383;57;1832;142;1134;228;17.1;34.9;1.036
26/02/2005;09.00.00;2.1;647;142;5.4;383;97;1857;28;551;228;8.0;66.8;1.557
26/02/2005;10.00.00;4.8;1337;19;17.4;479;425;1717;166;1179;536;33.9;28.9;0.678
26/02/2005;11.00.00;0.3;647;320;0.5;383;209;1864;116;969;353;18.6;33.4;1.053
26/02/2005;12.00.00;4.9;1347;258;15.6;383;100;1977;174;1415;228;4.5;86.4;1.209
26/02/2005;13.00.00;3.2;852;194;10.6;383;215;1779;78;551;228;25.4;50.3;0.723
26/02/2005;14.00.00;2.7;872;323;8.0;383;272;1697;123;996;372;14.9;61.6;0.5
26/02/2005;15.00.00;0.8;647;116;1.6;383;81;1869;185;1567;228;18.2;49.3;0.992
26/02/2005;16.00.00;2.9;896;140;11.4;383;270;1723;111;919;294;9.4;43.4;0.573
26/02/2005;17.00.00;1.1;647;34;0.6;383;225;1816;133;1026;240;24.0;60.8;0.382
26/02/2005;18.00.00;3.9;1038;291;10.4;383;168;1770;146;973;228;22.2;48.7;1.608
26/02/2005;19.00.00;0.8;647;141;3.9;383;52;2043;38;551;228;24.2;37.9;0.76
26/02/2005;20.00.00;2.0;647;219;6.2;383;381;1735;87;632;418;14.2;63.5;1.19
26/02/2005;21.00.00;1.4;647;313;6.4;383;174;1791;167;1381;228;10.7;67.9;1.11
26/02/2005;22.00.00;0.8;647;348;3.2;383;2;1982;14;551;228;24.8;61.5;0.509
26/02/2005;23.00.00;3.2;874;215;7.5;383;300;1688;166;1407;256;26.2;62.0;1.1
27/02/2005;00.00.00;2.9;747;254;9.4;383;304;1744;84;708;270;3.3;53.9;1.127
27/02/2005;01.00.00;3.8;1204;132;13.4;383;388;1622;211;1665;424;20.7;62.1;1.057
27/02/2005;02.00.00;0.1;647;377;0.8;383;309;1924;133;1118;329;20.0;34.9;1.009
27/02/2005;03.00.00;3.6;857;202;10.7;383;267;1658;74;551;360;18.1;56.1;1.21
27/02/2005;04.00.00;5.7;1627;225;17.6;467;171;1761;160;1385;306;23.1;50.6;1.18
27/02/2005;05.00.00;1.5;647;179;3.7;383;171;1843;181;1399;277;-1.6;37.8;1.245
27/02/2005;06.00.00;4.8;1388;331;12.7;383;349;1727;142;1280;362;31.6;80.0;0.514
27/02/2005;07.00.00;1.8;647;236;2.8;383;222;1830;91;712;228;36.8;54.2;0.303
27/02/2005;08.00.00;0.2;647;290;1.5;383;26;2052;182;1495;229;20.0;34.5;0.779
27/02/2005;09.00.00;1.7;647;251;3.8;383;193;1880;68;557;228;22.1;47.2;0.957
27/02/2005;10.00.00;3.6;979;197;12.7;383;237;1736;164;1171;358;12.0;54.0;1.314
27/02/2005;11.00.00;1.0;647;306;1.9;383;2;2083;2;551;228;23.9;68.5;1.786
27/02/2005;12.00.00;1.3;647;250;1.6;383;360;1762;118;887;494;17.8;59.7;0.697
27/02/2005;13.00.00;3.0;714;126;8.7;383;246;1914;86;680;390;16.2;54.7;1.468
27/02/2005;14.00.00;2.2;647;124;11.1;383;37;1974;47;551;228;16.4;57.0;1.028
27/02/2005;15.00.00;3.0;731;232;9.3;383;200;1926;175;1322;326;10.6;47.5;0.75
27/02/2005;16.00.00;2.5;711;304;9.2;383;230;1597;9;551;541;28.4;48.7;1.154
27/02/2005;17.00.00;2.8;735;373;9.4;383;390;1648;179;1535;360;31.0;70.6;1.147
27/02/2005;18.00.00;1.5;647;49;2.1;383;386;1617;39;551;549;11.5;85.8;1.108
27/02/2005;19.00.00;2.5;779;220;10.8;383;410;1727;163;1355;586;21.4;80.9;1.551
27/02/2005;20.00.00;0.9;647;264;2.2;383;303;1698;75;574;249;24.4;30.6;0.767
27/02/2005;21.00.00;4.0;904;246;10.0;383;146;1961;19;551;228;9.6;36.9;1.143
27/02/2005;22.00.00;1.3;647;313;3.0;383;107;1977;91;786;228;13.7;42.7;0.305
27/02/2005;23.00.00;3.7;1020;280;11.5;383;138;1840;140;1064;228;13.2;56.0;0.387
28/02/2005;00.00.00;1.8;647;124;7.3;383;235;1830;69;613;302;27.5;27.3;0.961
28/02/2005;01.00.00;2.4;647;121;6.4;383;242;1789;125;958;359;25.3;39.7;0.682
28/02/2005;02.00.00;1.5;647;247;9.9;383;403;1686;146;1305;414;23.6;56.5;1.495
28/02/2005;03.00.00;0.7;647;312;0.5;383;207;1894;184;1486;422;14.9;34.2;1.327
28/02/2005;04.00.00;0.1;647;231;1.5;383;2;1972;116;901;228;20.7;56.7;1.182
28/02/2005;05.00.00;0.7;647;68;0.1;383;63;1816;168;1318;228;27.2;65.6;0.949
28/02/2005;06.00.00;1.7;647;118;5.2;383;96;1970;153;1201;228;29.6;68.0;0.59
28/02/2005;07.00.00;2.4;712;283;8.6;383;96;2008;108;845;228;11.8;55.9;0.18
28/02/2005;08.00.00;3.6;1013;184;9.2;383;2;1862;168;1401;228;1.4;63.8;0.671
28/02/2005;09.00.00;1.5;647;229;7.9;383;486;1608;155;1207;682;8.9;29.5;1.139
28/02/2005;10.00.00;0.9;647;319;3.8;383;2;1923;105;773;228;13.9;59.4;0.539
28/02/2005;11.00.00;0.1;647;103;0.1;383;158;1963;147;1263;272;20.1;80.3;1.569
28/02/2005;12.00.00;2.8;913;178;9.9;383;346;1817;126;1117;358;22.2;23.0;1.045
28/02/2005;13.00.00;4.1;967;168;11.9;383;336;1666;139;1052;390;17.5;64.7;1.268
28/02/2005;14.00.00;3.9;1012;251;15.1;394;21;1877;203;1603;228;21.0;56.7;1.563
28/02/2005;15.00.00;3.1;862;291;12.1;383;430;1675;74;694;464;23.2;72.3;0.607
28/02/2005;16.00.00;3.0;906;77;10.5;383;408;1584;125;1038;466;13.2;30.1;0.887
28/02/2005;17.00.00;4.5;1027;217;15.7;456;218;1894;114;1043;311;14.7;33.9;1.248
28/02/2005;18.00.00;2.6;729;300;5.4;383;250;1789;150;1262;329;22.4;73.2;0.382
28/02/2005;19.00.00;3.1;918;41;12.7;465;106;2043;91;769;228;21.3;19.0;1.145
28/02/2005;20.00.00;1.7;647;211;5.2;383;284;1904;85;657;389;7.5;19.3;1.474
28/02/2005;21.00.00;0.2;647;102;2.8;383;280;1899;109;801;375;24.1;65.6;1.232
28/02/2005;22.00.00;1.2;647;157;5.3;383;171;1895;135;989;228;19.0;9.4;1.11
28/02/2005;23.00.00;2.1;647;7;8.9;383;344;1648;91;726;382;9.7;55.8;0.423
01/03/2005;00.00.00;2.2;647;350;5.1;383;296;1643;2;551;328;16.3;17.0;0.957
01/03/2005;01.00.00;4.8;1274;184;13.7;476;737;1457;67;551;1048;16.2;54.2;0.472
01/03/2005;02.00.00;2.3;647;141;11.7;383;108;1967;180;1437;228;10.8;46.4;0.969
01/03/2005;03.00.00;3.8;1098;249;9.1;383;449;1661;187;1365;628;19.0;83.2;1.012
01/03/2005;04.00.00;1.5;647;118;2.7;383;115;1801;89;824;228;20.3;27.9;0.692
01/03/2005;05.00.00;1.7;647;109;5.6;383;326;1674;199;1529;357;27.9;43.2;1.521
01/03/2005;06.00.00;0.3;647;361;1.0;383;2;2005;97;960;228;4.9;54.4;0.445
01/03/2005;07.00.00;1.1;647;389;2.5;383;167;1816;39;551;255;19.0;23.2;1.969
01/03/2005;08.00.00;2.9;878;161;10.5;383;318;1683;98;909;409;14.3;33.2;1.288
01/03/2005;09.00.00;2.2;647;319;8.7;383;282;1696;147;1043;396;15.3;73.5;1.331
01/03/2005;10.00.00;3.5;903;251;11.1;383;2;1987;85;551;228;34.3;48.0;1.033
01/03/2005;11.00.00;2.4;654;83;7.2;383;182;1837;141;1104;269;26.3;34.2;0.356
01/03/2005;12.00.00;1.7;647;129;5.3;383;471;1556;125;1009;524;27.3;54.0;0.725
01/03/2005;13.00.00;5.2;1390;365;15.5;383;403;1678;99;844;459;20.2;42.7;0.857
01/03/2005;14.00.00;2.0;647;82;3.1;383;392;1705;150;1325;471;19.0;43.9;0.92
01/03/2005;15.00.00;3.8;1216;434;12.7;383;605;1543;171;1351;817;8.8;74.7;0.704
01/03/2005;16.00.00;1.6;647;163;6.6;383;2;1921;121;939;228;31.7;54.3;1.645
01/03/2005;17.00.00;3.1;886;368;9.8;383;185;1826;141;1112;231;10.3;65.9;0.604
01/03/2005;18.00.00;3.4;1033;188;6.5;383;250;1800;43;551;315;21.4;54.3;0.872
01/03/2005;19.00.00;2.4;647;293;6.7;383;134;1902;179;1338;228;14.9;38.1;0.592
01/03/2005;20.00.00;0.1;647;350;2.1;383;265;1681;87;555;298;15.2;49.7;0.914
01/03/2005;21.00.00;2.2;687;350;4.1;383;445;1616;71;599;494;6.6;71.0;0.209
01/03/2005;22.00.00;3.9;1032;162;13.8;383;262;1837;155;1136;386;20.3;33.4;0.787
01/03/2005;23.00.00;2.9;710;136;8.4;383;2;1950;94;848;228;3.4;45.1;1.412
02/03/2005;00.00.00;2.8;761;210;8.8;383;349;1748;79;551;517;-1.7;51.2;1.033
02/03/2005;01.00.00;0.1;647;94;0.1;383;243;1806;98;728;478;13.4;26.9;0.388
02/03/2005;02.00.00;1.1;647;240;1.4;383;2;1961;54;551;228;21.5;62.0;1.099
02/03/2005;03.00.00;2.7;930;140;11.6;383;151;1979;79;579;228;8.7;56.1;1.191
02/03/2005;04.00.00;2.7;724;320;10.4;383;2;1974;162;1226;228;2.2;22.7;1.104
02/03/2005;05.00.00;3.9;985;163;13.6;383;201;1821;168;1441;228;32.7;40.4;1.13
02/03/2005;06.00.00;1.9;647;52;8.0;383;168;1826;116;1153;345;34.3;24.8;1.611
02/03/2005;07.00.00;2.7;833;351;9.7;383;12;2108;80;551;228;23.4;47.1;1.466
02/03/2005;08.00.00;2.2;647;235;8.8;383;284;1883;132;1007;266;14.9;44.1;0.695
02/03/2005;09.00.00;0.8;647;220;1.1;383;80;2027;21;551;228;22.1;40.5;0.765
02/03/2005;10.00.00;0.1;647;321;3.1;383;448;1710;169;1268;493;23.2;39.6;0.672
02/03/2005;11.00.00;2.8;889;300;11.4;383;271;1711;109;921;258;22.5;33.9;1.056
02/03/2005;12.00.00;2.4;715;145;8.4;383;206;1799;63;551;228;23.9;46.7;1.253
02/03/2005;13.00.00;1.3;647;175;3.5;383;437;1588;184;1523;593;22.6;58.9;0.424
02/03/2005;14.00.00;0.1;647;112;0.1;383;285;1853;115;927;257;15.2;57.2;1.097
02/03/2005;15.00.00;3.0;914;78;10.2;383;299;1947;92;800;358;18.5;41.9;0.694
02/03/2005;16.00.00;1.8;647;272;9.1;383;236;1865;211;1690;228;24.2;18.3;0.551
02/03/2005;17.00.00;2.9;780;255;7.1;383;198;1975;87;760;228;21.4;52.4;1.041
02/03/2005;18.00.00;4.8;1440;290;17.3;493;307;1790;148;1234;319;25.1;48.0;1.738
02/03/2005;19.00.00;0.1;647;339;0.1;383;479;1642;146;1155;460;11.1;40.9;0.997
02/03/2005;20.00.00;1.2;647;291;3.0;383;2;1951;72;623;228;20.4;61.4;1.39
02/03/2005;21.00.00;1.9;647;300;3.6;383;531;1623;106;964;686;11.5;67.7;1.069
02/03/2005;22.00.00;4.2;1137;20;11.9;383;91;1999;100;664;228;18.6;74.8;0.941
02/03/2005;23.00.00;0.1;647;188;1.6;383;275;1863;28;551;350;12.6;80.0;1.194
03/03/2005;00.00.00;4.9;1383;309;17.1;383;2;2006;18;551;228;15.6;46.5;0.762
03/03/2005;01.00.00;2.3;746;107;8.0;383;474;1636;8;551;494;25.4;85.1;0.394
03/03/2005;02.00.00;2.0;647;226;5.4;383;34;1967;91;845;228;22.5;41.7;0.463
03/03/2005;03.00.00;1.9;647;267;3.8;383;417;1620;65;551;476;10.0;50.1;0.933
03/03/2005;04.00.00;1.5;647;260;5.0;383;209;1903;68;686;228;14.2;78.2;1.14
03/03/2005;05.00.00;3.6;984;253;10.8;383;221;1671;92;973;228;24.6;33.6;1.082
03/03/2005;06.00.00;0.7;647;274;2.5;383;53;1823;113;997;228;32.9;58.4;0.73
03/03/2005;07.00.00;2.6;849;235;7.8;383;432;1610;97;830;507;24.8;69.2;0.985
03/03/2005;08.00.00;1.6;647;79;4.6;383;223;1719;79;692;313;12.8;42.7;0.777
03/03/2005;09.00.00;1.1;647;266;3.8;383;355;1802;205;1658;392;16.7;45.7;0.486
03/03/2005;10.00.00;5.8;1492;245;19.2;437;2;1962;103;852;228;20.7;72.4;0.259
03/03/2005;11.00.00;2.7;864;80;11.2;383;109;1982;160;1323;228;20.7;47.5;0.851
03/03/2005;12.00.00;3.0;791;349;9.0;383;284;1876;53;610;307;19.6;43.2;1.3
03/03/2005;13.00.00;3.7;950;268;13.1;383;4;2001;177;1355;228;10.9;30.2;0.956
03/03/2005;14.00.00;0.2;647;86;4.1;383;301;1785;86;675;486;14.5;39.1;0.412
03/03/2005;15.00.00;4.6;1318;140;15.9;383;144;1982;247;1980;257;20.0;42.4;1.426
03/03/2005;16.00.00;0.1;647;164;2.6;383;127;1978;50;551;228;14.7;35.6;0.684
03/03/2005;17.00.00;1.1;647;164;2.2;383;324;1574;61;551;348;25.9;75.8;0.18
03/03/2005;18.00.00;1.5;647;245;3.4;383;272;1749;103;728;290;3.8;38.5;0.941
03/03/2005;19.00.00;3.0;733;125;9.2;383;74;1981;95;773;228;28.2;79.1;1.423
03/03/2005;20.00.00;2.5;647;325;7.8;383;417;1682;56;551;444;34.8;81.3;1.052
03/03/2005;21.00.00;1.9;647;317;8.3;383;323;1661;183;1469;379;21.0;67.9;0.55
03/03/2005;22.00.00;2.1;647;276;5.4;383;2;1861;178;1496;228;12.0;43.5;0.584
03/03/2005;23.00.00;0.8;647;222;2.3;383;199;1889;96;868;351;30.8;39.9;1.428
04/03/2005;00.00.00;0.1;647;307;2.5;383;303;1690;161;1224;395;15.5;59.7;0.727
04/03/2005;01.00.00;3.2;874;191;10.6;383;228;1806;181;1604;228;11.8;49.7;0.458
04/03/2005;02.00.00;3.1;884;149;10.0;383;2;2009;112;780;228;20.5;52.4;0.516
04/03/2005;03.00.00;4.4;1384;331;14.5;383;255;1782;80;589;357;27.4;70.7;0.839
04/03/2005;04.00.00;1.0;647;248;1.1;383;361;1635;174;1378;496;33.5;27.8;1.506
04/03/2005;05.00.00;3.1;968;153;7.7;383;233;1806;167;1392;252;13.2;47.8;1.251
04/03/2005;06.00.00;1.8;647;178;2.4;383;254;1752;52;551;347;19.0;48.1;1.026
04/03/2005;07.00.00;3.8;1137;148;12.6;386;402;1810;180;1625;348;18.9;51.2;1.958
04/03/2005;08.00.00;3.6;1105;410;13.3;383;3;2014;64;551;228;14.3;64.5;1.201
04/03/2005;09.00.00;2.4;707;218;9.4;383;358;1918;131;1173;402;20.0;88.7;2.086
04/03/2005;10.00.00;1.7;647;232;7.6;383;297;1656;73;557;433;22.5;45.6;0.813
04/03/2005;11.00.00;3.5;1066;286;14.1;383;2;1974;120;974;228;20.5;60.5;0.986
04/03/2005;12.00.00;3.1;946;102;10.1;383;352;1693;118;770;378;10.5;32.8;0.684
04/03/2005;13.00.00;1.2;647;322;3.7;383;522;1519;220;1820;721;18.6;50.9;1.03
04/03/2005;14.00.00;0.3;647;160;3.9;383;297;1734;35;551;445;9.0;73.2;0.904
04/03/2005;15.00.00;1.7;647;391;4.2;383;330;1696;76;701;459;5.3;53.8;2.228
04/03/2005;16.00.00;4.3;1211;188;11.3;383;82;1855;90;613;228;17.8;79.7;0.891
04/03/2005;17.00.00;3.8;1126;316;11.3;383;151;2022;128;1144;236;21.6;38.7;1.435
04/03/2005;18.00.00;0.6;647;7;1.0;383;90;1921;98;646;228;18.2;52.8;0.977
04/03/2005;19.00.00;0.5;647;106;1.7;383;306;1828;7;551;298;15.6;25.8;1.245
04/03/2005;20.00.00;3.9;1126;190;10.9;383;166;1945;148;1070;228;20.5;67.6;1.125
04/03/2005;21.00.00;0.6;647;25;2.5;383;157;1988;177;1573;228;31.7;30.2;1.168
04/03/2005;22.00.00;2.9;880;275;8.0;383;353;1638;133;1146;530;19.8;51.0;0.991
04/03/2005;23.00.00;1.3;647;247;6.6;383;501;1700;91;856;594;35.5;82.7;0.312
05/03/2005;00.00.00;4.4;1298;123;11.7;392;232;1808;122;961;266;16.6;59.0;1.352
05/03/2005;01.00.00;1.1;647;216;3.1;383;5;2158;54;551;228;17.1;35.3;0.24
05/03/2005;02.00.00;3.8;1132;294;11.3;383;252;1840;163;1308;407;20.0;12.1;1.574
05/03/2005;03.00.00;2.4;700;18;8.2;383;275;1687;136;1084;387;-1.4;30.5;1.206
05/03/2005;04.00.00;2.5;647;97;9.9;383;373;1802;87;667;468;19.1;57.0;1.103
05/03/2005;05.00.00;0.1;647;186;0.9;383;196;1935;116;918;279;10.0;63.4;1.009
05/03/2005;06.00.00;0.1;647;220;0.1;383;380;1592;162;1394;465;23.8;48.0;1.518
05/03/2005;07.00.00;1.8;647;212;7.3;383;357;1773;168;1428;495;13.4;28.4;1.529
05/03/2005;08.00.00;2.5;676;302;9.7;383;200;1967;109;781;228;12.8;43.7;0.383
05/03/2005;09.00.00;0.6;647;263;2.4;383;371;1741;216;1785;447;19.2;44.6;0.18
05/03/2005;10.00.00;0.6;647;284;2.8;383;388;1611;178;1317;509;12.6;68.8;1.231
05/03/2005;11.00.00;2.9;787;85;10.7;383;79;2017;138;1226;228;12.2;63.9;0.996
05/03/2005;12.00.00;2.9;932;231;6.1;383;392;1738;94;675;368;17.6;54.1;0.753
05/03/2005;13.00.00;2.0;647;188;5.6;383;227;1799;95;827;420;29.3;67.0;1.045
05/03/2005;14.00.00;3.2;1037;356;11.1;383;208;1796;122;1031;228;16.4;55.4;0.599
05/03/2005;15.00.00;0.5;647;234;1.0;383;229;1869;107;837;397;35.8;67.4;1.194
05/03/2005;16.00.00;1.7;647;154;4.7;383;435;1578;194;1526;494;27.7;57.8;0.663
05/03/2005;17.00.00;4.5;1232;298;15.0;383;435;1667;68;551;434;15.2;55.5;0.932
05/03/2005;18.00.00;2.2;647;271;8.0;383;318;1840;137;1137;478;20.9;48.4;1.187
05/03/2005;19.00.00;2.3;647;139;8.4;383;287;1891;16;551;393;20.7;81.8;0.748
05/03/2005;20.00.00;5.4;1358;184;15.6;383;230;1773;131;1225;333;17.1;56.7;0.814
05/03/2005;21.00.00;0.2;647;186;0.1;383;658;1345;154;1377;695;20.4;42.8;0.945
05/03/2005;22.00.00;3.3;811;334;12.1;383;141;1830;182;1503;228;10.1;27.2;1.102
05/03/2005;23.00.00;4.5;1251;237;12.8;383;177;1923;84;698;228;28.1;71.0;1.54
06/03/2005;00.00.00;1.7;647;287;3.8;383;292;1706;78;587;382;18.6;46.7;0.821
06/03/2005;01.00.00;3.4;898;171;8.9;383;107;2000;162;1348;228;25.8;53.0;1.288
06/03/2005;02.00.00;0.8;647;249;4.8;383;406;1615;170;1472;602;14.0;74.8;1.218
06/03/2005;03.00.00;1.2;647;341;4.2;383;20;1938;102;909;228;33.6;58.0;1.106
06/03/2005;04.00.00;2.7;775;183;9.3;383;136;1876;18;551;228;16.1;57.8;1.344
06/03/2005;05.00.00;3.3;938;228;11.8;383;184;1927;62;551;307;11.7;56.9;1.617
06/03/2005;06.00.00;3.7;1012;88;11.8;383;92;1799;108;879;302;1.4;51.8;1.028
06/03/2005;07.00.00;4.3;1198;145;15.9;383;405;1698;44;551;482;19.3;42.5;1.271
06/03/2005;08.00.00;2.1;647;186;4.2;383;44;1985;147;1278;228;24.1;57.2;0.771
06/03/2005;09.00.00;3.8;1137;117;10.1;383;98;1841;75;626;228;25.0;34.5;0.857
06/03/2005;10.00.00;1.7;647;343;3.1;383;142;1914;109;952;228;18.3;43.0;0.588
06/03/2005;11.00.00;3.4;1033;138;11.8;383;374;1685;165;1409;376;9.8;17.7;0.876
06/03/2005;12.00.00;2.4;647;292;8.8;383;468;1534;130;1021;566;30.9;34.2;1.107
06/03/2005;13.00.00;2.8;853;235;7.9;383;325;1733;206;1604;421;15.9;59.6;0.994
06/03/2005;14.00.00;2.7;739;220;8.3;383;45;1880;180;1576;228;2.0;58.9;0.905
06/03/2005;15.00.00;0.1;647;359;2.9;383;151;1827;63;562;228;16.8;60.8;0.902
06/03/2005;16.00.00;0.6;647;7;0.5;383;486;1681;141;1176;663;2.1;9.2;0.946
06/03/2005;17.00.00;2.3;716;199;7.9;383;250;1774;120;919;314;-1.9;50.4;0.949
06/03/2005;18.00.00;0.1;647;115;0.1;383;24;2048;169;1195;228;14.1;67.0;1.622
06/03/2005;19.00.00;3.3;985;31;12.8;383;581;1522;138;1143;557;9.2;61.3;0.984
06/03/2005;20.00.00;3.4;760;104;12.0;383;158;1795;89;750;228;13.1;47.7;0.587
06/03/2005;21.00.00;2.6;647;219;5.5;383;235;1850;135;1141;332;17.0;60.2;1.739
06/03/2005;22.00.00;0.6;647;149;1.3;383;141;1931;95;762;228;8.1;31.9;0.978
06/03/2005;23.00.00;4.1;1125;303;8.9;383;99;1821;81;610;228;22.4;65.7;0.934
07/03/2005;00.00.00;5.0;1251;197;17.8;414;444;1735;107;882;542;9.7;44.8;0.636
07/03/2005;01.00.00;2.4;647;187;11.6;383;276;1900;124;1100;240;13.9;34.7;0.693
07/03/2005;02.00.00;2.9;728;187;4.8;383;294;1814;175;1447;228;20.8;48.3;1.635
07/03/2005;03.00.00;2.4;667;208;4.9;383;50;1966;89;605;228;31.1;38.3;0.638
07/03/2005;04.00.00;2.9;780;178;9.6;383;200;2000;20;551;328;13.5;28.9;0.695
07/03/2005;05.00.00;2.0;647;137;6.3;383;150;1922;103;776;228;13.5;45.3;1.239
07/03/2005;06.00.00;2.1;647;311;5.9;383;119;1920;125;1130;228;24.2;53.7;0.378
07/03/2005;07.00.00;3.4;1065;158;7.5;383;317;1881;121;956;370;17.6;62.5;1.405
07/03/2005;08.00.00;5.4;1555;181;18.0;432;194;1972;100;926;228;18.0;56.9;1.244
07/03/2005;09.00.00;0.2;647;258;2.4;383;351;1603;158;1286;488;20.1;88.7;0.944
07/03/2005;10.00.00;2.0;654;248;12.1;383;356;1674;127;991;350;12.5;53.5;1.156
07/03/2005;11.00.00;0.5;647;133;4.2;383;179;1903;141;1058;272;19.4;75.8;1.626
07/03/2005;12.00.00;4.4;1125;289;11.4;383;315;1845;24;551;387;34.9;53.1;1.322
07/03/2005;13.00.00;1.3;647;269;4.2;383;175;1766;104;838;314;16.9;60.8;1.354
07/03/2005;14.00.00;0.1;647;234;1.6;383;125;1972;106;761;228;34.6;49.6;1.214
07/03/2005;15.00.00;3.0;863;177;8.4;383;83;1900;193;1601;228;5.8;55.7;0.922
07/03/2005;16.00.00;4.6;1235;179;16.3;383;259;1850;107;795;340;15.9;58.8;0.956
07/03/2005;17.00.00;3.1;812;198;11.3;383;132;1848;81;551;228;17.9;66.2;1.084
07/03/2005;18.00.00;2.4;750;100;10.3;383;456;1447;78;551;426;6.8;21.0;1.251
07/03/2005;19.00.00;2.7;841;214;10.3;383;494;1462;160;1241;642;15.6;44.3;0.83
07/03/2005;20.00.00;4.1;1219;302;13.8;383;318;1654;85;724;378;12.2;32.3;1.208
07/03/2005;21.00.00;0.9;647;301;1.7;383;283;1726;72;707;228;12.1;13.9;0.903
07/03/2005;22.00.00;2.0;647;181;3.8;383;248;1800;157;1236;228;18.4;58.5;1.095
07/03/2005;23.00.00;1.5;647;319;5.3;383;609;1471;131;1081;685;31.0;44.4;1.033
08/03/2005;00.00.00;0.5;647;399;0.8;383;546;1559;101;807;725;22.9;38.9;1.156
08/03/2005;01.00.00;1.7;647;187;4.8;383;214;1788;49;551;228;24.7;52.1;1.145
08/03/2005;02.00.00;3.7;1006;283;14.1;440;215;1827;139;1147;318;20.3;61.1;0.999
08/03/2005;03.00.00;2.9;853;7;12.2;383;296;1837;152;1219;418;10.7;58.6;0.67
08/03/2005;04.00.00;3.1;790;98;7.3;383;65;1946;67;551;228;16.6;39.1;1.548
08/03/2005;05.00.00;2.4;647;226;7.1;383;2;2041;130;1179;228;18.2;51.2;0.818
08/03/2005;06.00.00;2.9;788;122;8.4;383;41;2024;108;913;228;16.1;64.0;1.47
08/03/2005;07.00.00;1.0;647;411;3.9;383;199;1827;70;551;228;15.7;15.9;0.529
08/03/2005;08.00.00;1.7;647;274;1.0;383;101;1775;91;775;228;22.3;33.1;0.558
08/03/2005;09.00.00;2.4;647;309;4.8;383;468;1645;110;1128;499;25.7;47.5;1.439
08/03/2005;10.00.00;2.5;718;215;7.9;383;21;1929;49;551;228;29.0;23.5;1.698
08/03/2005;11.00.00;2.6;738;122;9.9;383;41;2035;140;1178;228;17.4;31.3;1.234
08/03/2005;12.00.00;2.0;647;168;6.4;383;2;2107;78;585;228;28.8;71.1;0.435
08/03/2005;13.00.00;1.6;647;242;6.5;383;147;1861;80;610;228;17.1;52.7;1.455
08/03/2005;14.00.00;6.6;1860;157;21.4;507;185;1865;137;1223;253;19.0;48.5;0.626
08/03/2005;15.00.00;3.4;991;281;13.5;383;233;1866;91;781;305;21.3;32.3;0.559
08/03/2005;16.00.00;2.7;747;285;11.7;383;240;1742;102;906;332;25.7;41.9;1.062
08/03/2005;17.00.00;1.8;647;218;4.3;383;150;1880;107;844;228;33.8;25.9;0.801
08/03/2005;18.00.00;1.5;647;44;6.6;383;84;1808;75;642;228;7.8;44.0;1.325
08/03/2005;19.00.00;2.0;647;380;7.3;383;310;1835;88;698;383;15.9;18.8;1.206
08/03/2005;20.00.00;2.6;736;197;13.2;383;108;2048;112;946;228;22.4;71.2;0.864
08/03/2005;21.00.00;0.1;647;475;0.1;383;365;1715;112;888;615;9.2;33.7;1.255
08/03/2005;22.00.00;0.1;647;279;0.1;383;19;1924;138;1248;228;5.8;31.6;1.892
08/03/2005;23.00.00;1.3;647;198;2.0;383;131;1915;140;1104;228;16.5;47.2;0.889
09/03/2005;00.00.00;2.4;647;260;5.9;383;558;1451;171;1406;793;10.2;55.9;1.14
09/03/2005;01.00.00;1.8;647;26;6.6;383;579;1501;40;551;622;22.7;50.4;1.245
09/03/2005;02.00.00;4.2;1295;315;13.9;383;37;1936;156;1349;228;12.5;60.9;1.228
09/03/2005;03.00.00;0.1;647;461;1.4;383;430;1613;96;679;532;22.2;35.0;1.839
09/03/2005;04.00.00;1.1;647;19;4.6;383;492;1623;144;1105;576;29.8;51.1;1.463
09/03/2005;05.00.00;4.3;1149;190;13.2;383;408;1707;129;935;499;33.6;49.4;0.608
09/03/2005;06.00.00;2.3;683;207;7.0;383;235;1812;85;568;299;20.5;56.2;0.62
09/03/2005;07.00.00;3.4;876;301;8.9;383;2;2070;185;1565;228;12.0;56.6;0.954
09/03/2005;08.00.00;5.0;1348;418;14.7;436;258;1824;149;1133;228;29.0;63.2;1.235
09/03/2005;09.00.00;1.2;647;254;3.7;383;308;1713;133;948;408;20.1;82.3;1.411
09/03/2005;10.00.00;2.0;647;421;6.8;383;282;1765;218;1623;228;20.2;46.8;1.409
09/03/2005;11.00.00;1.8;647;234;7.1;383;318;1738;66;618;350;22.2;30.0;0.994
09/03/2005;12.00.00;0.1;647;260;1.5;383;121;1871;114;884;228;9.5;40.1;1.241
09/03/2005;13.00.00;1.7;647;249;8.6;383;171;1903;139;1115;228;8.3;43.1;1.637
09/03/2005;14.00.00;3.4;876;333;8.9;383;2;1827;61;568;228;24.4;60.4;1.214
09/03/2005;15.00.00;2.9;791;177;8.8;383;382;1696;81;696;481;14.7;60.1;1.155
09/03/2005;16.00.00;3.0;757;295;7.9;383;108;1937;160;1302;228;22.7;53.4;1.394
09/03/2005;17.00.00;1.6;647;101;7.8;383;207;1881;89;815;252;17.8;51.5;1.094
09/03/2005;18.00.00;1.2;647;190;2.9;383;284;1860;154;1135;271;26.8;43.7;1.282
09/03/2005;19.00.00;3.9;1128;157;14.9;383;160;1860;82;637;228;31.3;48.9;1.753
09/03/2005;20.00.00;1.5;647;226;7.6;383;81;2001;209;1752;239;19.6;27.8;0.541
09/03/2005;21.00.00;2.6;782;187;9.0;383;285;1820;2;551;351;25.0;47.5;0.933
09/03/2005;22.00.00;2.4;705;325;8.2;383;2;2019;161;1447;228;18.0;52.4;0.765
09/03/2005;23.00.00;4.2;1017;134;13.5;383;363;1598;125;904;457;28.6;66.0;0.737
10/03/2005;00.00.00;3.5;1018;53;10.6;383;347;1809;39;551;364;6.0;23.2;0.78
10/03/2005;01.00.00;0.3;647;89;0.2;383;161;1878;102;857;228;22.9;55.0;0.18
10/03/2005;02.00.00;0.5;647;312;1.3;383;170;1843;20;551;228;15.0;79.3;0.829
10/03/2005;03.00.00;3.0;884;125;13.1;427;94;1831;129;1094;228;23.1;53.3;1.434
10/03/2005;04.00.00;2.1;647;255;4.5;383;187;1654;84;855;327;17.2;46.1;0.509
10/03/2005;05.00.00;1.5;647;189;5.3;383;215;1979;19;551;228;21.3;60.4;0.313
10/03/2005;06.00.00;3.6;1064;296;12.9;383;197;1866;120;867;323;15.2;49.6;0.773
10/03/2005;07.00.00;2.4;812;196;7.2;383;467;1537;119;1010;489;-1.9;29.9;0.693
10/03/2005;08.00.00;2.2;684;480;7.9;383;2;1897;214;1675;228;27.8;47.8;1.34
10/03/2005;09.00.00;3.2;877;398;7.4;383;107;1892;152;1276;228;2.8;60.9;1.699
10/03/2005;10.00.00;1.6;647;188;7.8;383;357;1778;2;551;430;9.7;12.5;1.891
10/03/2005;11.00.00;4.3;1228;175;16.2;383;560;1602;87;686;910;21.8;42.4;0.706
10/03/2005;12.00.00;1.0;647;515;3.2;383;113;1963;166;1272;228;21.9;27.3;1.241
10/03/2005;13.00.00;3.1;828;115;8.1;383;400;1608;34;551;468;26.0;48.1;0.991
10/03/2005;14.00.00;4.2;1140;212;14.9;383;70;1929;75;576;228;21.6;58.8;1.168
10/03/2005;15.00.00;0.2;647;220;0.1;383;186;1861;113;993;228;27.6;45.5;1.229
10/03/2005;16.00.00;1.7;647;217;3.3;383;247;1797;87;709;388;24.4;40.4;0.975
10/03/2005;17.00.00;3.7;1141;52;11.9;383;140;1931;189;1413;228;5.0;35.8;0.623
10/03/2005;18.00.00;3.8;938;265;15.1;383;181;1980;121;1086;244;19.3;36.0;0.693
10/03/2005;19.00.00;1.9;647;125;7.4;383;37;1986;114;905;228;13.3;59.6;1.084
10/03/2005;20.00.00;1.1;647;354;2.3;383;349;1673;68;718;547;32.2;58.4;1.149
10/03/2005;21.00.00;3.5;896;79;7.8;383;108;1796;60;551;228;13.0;77.7;0.753
10/03/2005;22.00.00;3.8;1193;223;12.3;383;144;1898;117;880;228;24.4;57.2;0.911
10/03/2005;23.00.00;0.5;647;7;2.2;383;126;1846;109;849;228;6.3;65.7;1.467
11/03/2005;00.00.00;0.5;647;13;1.3;383;134;1926;54;551;277;16.8;30.7;1.006
11/03/2005;01.00.00;2.5;833;138;11.5;383;268;1814;124;973;403;18.9;44.7;1.187
11/03/2005;02.00.00;3.0;848;151;9.4;383;255;1920;115;875;377;5.6;28.8;1.602
11/03/2005;03.00.00;1.7;691;357;1.0;383;631;1512;98;749;858;15.5;44.5;1.057
11/03/2005;04.00.00;3.1;879;214;9.1;383;208;1869;170;1493;250;21.8;39.3;0.818
11/03/2005;05.00.00;1.2;647;340;4.6;383;230;1763;112;879;442;26.1;53.9;0.805
11/03/2005;06.00.00;0.1;647;181;1.1;383;450;1524;101;984;608;25.2;48.0;1.255
11/03/2005;07.00.00;1.6;647;275;4.6;383;280;1861;167;1421;382;19.1;59.3;0.399
11/03/2005;08.00.00;2.2;667;149;6.5;383;230;1911;105;841;269;21.6;69.1;1.602
11/03/2005;09.00.00;1.8;647;142;1.6;383;225;1793;93;802;228;9.1;54.1;1.465
11/03/2005;10.00.00;0.5;647;45;1.9;383;275;1624;56;551;337;4.4;47.8;0.464
11/03/2005;11.00.00;0.1;647;249;0.1;383;395;1792;115;1012;405;18.0;52.0;0.797
11/03/2005;12.00.00;1.4;647;242;5.1;383;451;1733;157;1368;506;7.3;80.3;0.797
11/03/2005;13.00.00;3.4;865;291;11.9;383;403;1667;92;791;495;0.1;35.2;1.215
11/03/2005;14.00.00;3.9;951;238;15.0;383;317;1831;49;551;489;15.6;49.5;0.699
11/03/2005;15.00.00;3.8;1071;410;10.3;383;278;1774;161;1339;324;15.5;32.3;0.18
11/03/2005;16.00.00;1.0;647;234;0.6;383;557;1571;163;1251;591;11.5;43.4;1.491
11/03/2005;17.00.00;0.5;647;312;0.6;383;173;1731;141;1017;228;21.0;58.8;0.18
11/03/2005;18.00.00;2.8;790;187;7.6;383;352;1815;117;961;337;22.2;55.2;1.676
11/03/2005;19.00.00;3.0;990;131;8.1;383;425;1519;133;934;682;21.4;50.2;0.845
11/03/2005;20.00.00;2.7;713;286;11.6;383;405;1813;38;551;441;16.1;23.6;0.994
11/03/2005;21.00.00;0.1;647;209;0.6;383;129;2042;85;709;228;14.5;62.7;0.894
11/03/2005;22.00.00;0.9;647;297;6.9;383;676;1254;145;1288;836;8.2;71.3;0.822
11/03/2005;23.00.00;2.1;647;251;6.7;383;501;1723;129;982;553;17.3;22.2;1.028
12/03/2005;00.00.00;2.8;858;142;6.7;383;408;1654;156;1169;488;23.8;59.2;0.893
12/03/2005;01.00.00;3.2;852;320;8.7;383;92;1960;186;1556;228;16.8;28.4;0.662
12/03/2005;02.00.00;2.4;695;135;9.6;383;395;1570;53;551;573;18.9;65.8;1.245
12/03/2005;03.00.00;2.6;863;277;6.1;383;2;1972;136;1095;228;19.9;63.3;0.908
12/03/2005;04.00.00;2.3;647;339;8.4;383;210;1737;100;685;279;16.9;72.1;1.789
12/03/2005;05.00.00;3.1;909;181;9.2;383;262;1727;91;819;420;12.5;40.3;0.646
12/03/2005;06.00.00;2.6;767;327;6.4;383;177;1955;231;1684;228;17.8;38.7;1.198
12/03/2005;07.00.00;2.2;647;255;9.9;383;488;1689;37;551;484;20.2;81.1;0.787
12/03/2005;08.00.00;1.8;647;298;4.5;383;261;1856;104;932;353;22.4;46.1;0.749
12/03/2005;09.00.00;2.3;647;138;5.6;383;98;1877;101;822;228;35.0;40.7;0.993
12/03/2005;10.00.00;2.8;761;238;8.9;383;361;1655;115;902;398;18.8;35.7;1.258
12/03/2005;11.00.00;2.5;875;84;7.1;383;306;1622;18;551;368;21.6;24.3;1.321
12/03/2005;12.00.00;2.7;793;380;13.0;383;2;2052;65;551;228;12.4;42.8;0.936
12/03/2005;13.00.00;4.0;1202;26;15.0;383;450;1794;115;1098;517;18.8;64.1;1.63
12/03/2005;14.00.00;2.5;814;184;6.9;383;261;1907;46;551;393;9.8;24.6;1.333
12/03/2005;15.00.00;1.2;647;129;3.0;383;396;1685;158;1306;469;6.9;47.3;1.115
12/03/2005;16.00.00;3.4;1048;282;6.8;383;308;1792;140;1059;239;9.5;49.6;1.276
12/03/2005;17.00.00;0.2;647;400;1.0;383;194;1864;36;551;251;18.1;28.1;0.598
12/03/2005;18.00.00;0.6;647;280;0.5;383;310;1824;101;685;385;4.4;25.5;1.456
12/03/2005;19.00.00;2.6;711;499;8.6;383;230;1954;131;1044;253;20.1;46.7;0.48
12/03/2005;20.00.00;2.9;754;87;5.3;383;290;1722;46;551;329;18.5;66.6;1.174
12/03/2005;21.00.00;0.4;647;94;1.2;383;337;1687;37;551;365;7.6;31.4;0.967
12/03/2005;22.00.00;1.6;647;133;8.6;383;268;1762;67;551;253;15.3;40.5;0.427
12/03/2005;23.00.00;1.3;647;229;4.3;383;317;1743;241;1901;501;15.4;48.4;0.511
13/03/2005;00.00.00;1.5;647;120;3.2;383;189;1907;165;1396;276;24.0;75.7;0.988
13/03/2005;01.00.00;3.5;949;146;11.1;383;158;1867;83;667;244;11.5;60.8;0.96
13/03/2005;02.00.00;3.1;852;276;9.9;383;364;1640;49;551;419;28.4;75.2;0.7
13/03/2005;03.00.00;2.1;647;100;11.2;383;467;1558;73;573;490;15.5;63.2;0.844
13/03/2005;04.00.00;1.4;647;110;3.8;383;166;1772;186;1409;228;15.1;66.3;0.412
13/03/2005;05.00.00;0.3;647;180;0.1;383;294;1756;210;1650;444;1.8;22.2;0.423
13/03/2005;06.00.00;4.1;1129;189;13.3;383;30;2058;74;598;228;-1.9;9.2;0.874
13/03/2005;07.00.00;3.0;901;313;9.9;383;522;1615;127;930;518;14.5;64.1;0.268
13/03/2005;08.00.00;1.2;647;132;4.8;383;421;1707;100;718;348;4.7;55.3;0.913
13/03/2005;09.00.00;3.2;831;149;11.6;383;156;1787;173;1489;240;8.9;12.4;1.181
13/03/2005;10.00.00;2.1;647;273;10.5;383;192;1752;60;551;373;15.6;35.2;0.919
13/03/2005;11.00.00;1.7;647;294;4.4;383;431;1669;159;1304;456;26.9;41.3;1.193
13/03/2005;12.00.00;2.8;773;353;7.5;383;272;1881;48;551;484;15.9;62.0;0.698
13/03/2005;13.00.00;1.1;647;262;0.1;383;342;1793;158;1285;450;15.4;50.4;0.194
13/03/2005;14.00.00;1.7;647;230;6.7;383;95;1870;72;551;228;13.3;63.4;1.211
13/03/2005;15.00.00;2.3;647;272;5.6;383;334;1915;97;686;493;20.0;28.3;0.883
13/03/2005;16.00.00;1.5;647;192;6.4;383;223;1659;82;706;248;37.1;20.3;0.554
13/03/2005;17.00.00;3.1;869;191;8.9;383;291;1768;207;1603;339;22.0;16.0;0.85
13/03/2005;18.00.00;4.8;1359;49;18.7;512;185;1860;160;1268;228;8.5;57.3;0.677
13/03/2005;19.00.00;1.1;647;302;0.6;383;213;1812;93;774;263;20.0;46.7;1.308
13/03/2005;20.00.00;0.1;647;238;2.4;383;261;1832;73;551;245;11.5;51.0;0.607
13/03/2005;21.00.00;0.1;647;291;2.1;383;156;1858;176;1358;228;25.1;51.9;0.65
13/03/2005;22.00.00;1.9;647;7;7.3;383;593;1405;2;551;759;17.2;14.0;0.973
13/03/2005;23.00.00;1.2;647;213;1.7;383;84;1925;136;1100;228;21.2;47.3;1.002
14/03/2005;00.00.00;2.4;720;136;8.9;383;322;1755;66;551;301;25.6;66.3;0.891
14/03/2005;01.00.00;2.3;647;360;7.7;383;292;1839;221;1793;228;33.9;67.5;0.183
14/03/2005;02.00.00;0.1;647;276;0.1;383;362;1823;244;1950;509;12.6;37.0;0.344
14/03/2005;03.00.00;0.1;647;240;3.4;383;2;1929;114;924;228;1.4;38.1;1.054
14/03/2005;04.00.00;2.6;677;176;7.5;383;2;2132;95;704;228;4.5;56.2;0.538
14/03/2005;05.00.00;2.3;647;255;10.4;383;162;1836;116;926;228;14.8;49.5;1.2
14/03/2005;06.00.00;1.6;647;129;4.8;383;386;1649;83;741;463;22.0;27.6;0.18
14/03/2005;07.00.00;0.1;647;208;2.3;383;205;1802;74;653;312;16.6;41.6;0.794
14/03/2005;08.00.00;2.8;858;163;7.3;383;199;1684;124;1092;233;17.8;61.0;0.5
14/03/2005;09.00.00;3.9;1165;433;13.0;437;248;1767;142;1071;429;7.7;31.5;0.402
14/03/2005;10.00.00;2.5;731;357;8.4;383;117;2011;119;1009;228;19.5;81.7;0.367
14/03/2005;11.00.00;1.0;647;318;2.4;383;317;1783;126;965;381;20.3;48.5;0.867
14/03/2005;12.00.00;2.2;647;76;5.3;383;275;1797;82;551;333;2.2;41.7;0.694
14/03/2005;13.00.00;0.2;647;300;0.1;383;322;1769;68;619;247;33.9;64.9;0.737
14/03/2005;14.00.00;3.6;1088;235;9.9;388;477;1718;67;603;563;24.4;54.9;0.519
14/03/2005;15.00.00;2.3;701;334;8.6;383;210;1761;150;1319;277;20.0;60.7;1.325
14/03/2005;16.00.00;0.1;647;248;0.1;383;262;1862;116;817;228;35.4;21.5;0.978
14/03/2005;17.00.00;1.7;647;217;3.2;383;95;1929;122;994;228;14.0;51.9;0.834
14/03/2005;18.00.00;2.8;856;240;6.1;383;54;1893;129;1017;228;20.3;61.0;1.239
14/03/2005;19.00.00;1.7;647;46;5.8;383;244;1841;110;973;233;5.9;52.2;0.997
14/03/2005;20.00.00;1.8;647;145;3.9;383;261;1797;118;834;324;31.9;63.0;0.673
14/03/2005;21.00.00;0.4;647;253;3.8;383;351;1654;175;1381;397;23.3;74.7;1.109
14/03/2005;22.00.00;2.9;958;326;10.9;383;334;1647;150;1209;351;12.4;62.0;1.646
14/03/2005;23.00.00;1.2;647;165;4.4;383;284;1737;104;897;246;13.0;49.9;0.872
15/03/2005;00.00.00;0.1;647;214;0.9;383;503;1556;90;755;633;25.7;77.3;1.169
15/03/2005;01.00.00;1.6;647;65;3.7;383;198;1939;162;1295;228;30.4;71.9;1.445
15/03/2005;02.00.00;3.5;956;356;9.8;383;216;1809;128;1006;228;13.5;66.2;1.032
15/03/2005;03.00.00;1.6;647;323;6.6;383;289;1738;98;778;445;24.3;40.8;1.381
15/03/2005;04.00.00;4.6;1227;279;16.5;481;64;2038;51;551;228;10.6;34.7;0.89
15/03/2005;05.00.00;2.8;764;256;10.2;383;351;1826;194;1488;513;22.8;44.5;0.18
15/03/2005;06.00.00;2.6;675;365;7.5;383;256;1727;58;551;271;18.3;55.8;0.449
15/03/2005;07.00.00;2.0;647;141;5.5;383;259;1692;126;994;295;4.8;40.5;1.21
15/03/2005;08.00.00;2.1;647;131;4.7;383;329;1777;200;1437;431;13.9;51.6;1.683
15/03/2005;09.00.00;1.8;647;318;7.2;383;303;1740;96;616;251;24.7;54.9;0.684
15/03/2005;10.00.00;1.7;647;312;1.6;383;308;1709;110;767;428;21.8;69.6;1.615
15/03/2005;11.00.00;2.9;700;104;4.8;383;186;1933;153;1214;228;8.3;78.0;0.554
15/03/2005;12.00.00;0.8;647;167;0.1;383;486;1590;55;551;597;9.6;49.6;0.825
15/03/2005;13.00.00;0.6;647;378;0.1;383;22;2135;32;551;228;4.4;35.8;0.972
15/03/2005;14.00.00;0.6;647;257;4.6;383;141;1890;95;636;228;11.4;62.7;1.172
15/03/2005;15.00.00;5.0;1345;292;17.6;508;161;1883;116;1010;228;19.5;38.0;1.207
15/03/2005;16.00.00;2.9;825;107;6.9;383;135;2070;116;953;228;24.0;30.5;0.957
15/03/2005;17.00.00;2.6;691;280;8.0;383;2;2023;181;1430;228;4.2;70.5;1.98
15/03/2005;18.00.00;0.7;647;83;5.1;383;497;1545;67;560;637;19.1;39.5;1.114
15/03/2005;19.00.00;3.0;833;29;10.7;383;344;1642;106;764;528;9.1;70.0;0.733
15/03/2005;20.00.00;2.0;647;287;10.6;383;149;1843;185;1565;228;18.0;28.4;1.711
15/03/2005;21.00.00;2.4;761;354;7.6;383;352;1736;99;822;395;32.6;62.6;1.087
15/03/2005;22.00.00;0.8;647;193;1.2;383;221;1895;208;1655;228;8.3;81.5;1.51
15/03/2005;23.00.00;2.4;683;166;5.4;383;201;1718;101;786;366;18.1;26.6;0.345
16/03/2005;00.00.00;1.6;647;380;5.0;383;99;1920;79;643;228;-1.9;58.9;1.061
16/03/2005;01.00.00;1.1;647;199;5.3;383;248;1903;111;927;335;22.4;41.6;0.874
16/03/2005;02.00.00;3.2;881;211;10.4;383;149;1901;125;864;228;14.3;33.2;0.787
16/03/2005;03.00.00;0.1;647;378;0.1;383;97;2030;93;683;228;27.4;88.7;1.072
16/03/2005;04.00.00;2.9;771;184;11.9;383;392;1565;132;1030;514;16.4;30.6;1.452
16/03/2005;05.00.00;3.1;732;155;11.0;383;120;1885;105;817;243;22.2;58.2;0.939
16/03/2005;06.00.00;0.9;647;295;2.7;383;460;1640;173;1334;517;33.3;34.0;1.569
16/03/2005;07.00.00;1.0;647;150;1.7;383;136;1934;137;1161;240;23.0;51.4;0.505
16/03/2005;08.00.00;1.8;647;204;5.4;383;16;1919;113;852;228;23.5;50.7;1.126
16/03/2005;09.00.00;2.5;696;92;9.1;383;326;1772;97;696;296;27.6;59.4;1.212
16/03/2005;10.00.00;1.9;721;235;4.6;383;177;1897;151;1174;337;21.0;48.2;0.18
16/03/2005;11.00.00;2.8;647;224;6.4;383;4;1990;114;1036;228;12.0;48.7;1.193
16/03/2005;12.00.00;4.6;1220;309;13.8;383;284;1809;91;731;239;-1.9;54.9;0.898
16/03/2005;13.00.00;1.4;647;299;4.5;383;46;1988;78;587;228;13.0;57.1;1.164
16/03/2005;14.00.00;0.1;647;270;3.0;383;2;1945;146;1146;228;23.2;65.1;1.475
16/03/2005;15.00.00;3.3;881;255;8.3;383;349;1707;90;582;340;14.6;41.8;1.092
16/03/2005;16.00.00;4.5;1255;211;14.9;383;473;1521;98;773;461;16.5;26.9;0.892
16/03/2005;17.00.00;2.7;655;275;8.1;383;185;1731;139;1135;228;16.2;35.9;0.396
16/03/2005;18.00.00;0.6;647;112;1.6;383;431;1675;164;1350;464;13.6;57.3;0.968
16/03/2005;19.00.00;2.0;647;7;9.4;383;368;1553;141;1119;498;23.3;29.2;1.578
16/03/2005;20.00.00;0.6;647;328;2.0;383;348;1702;153;1171;437;22.5;28.5;0.18
16/03/2005;21.00.00;3.0;805;282;7.9;383;220;1857;147;1248;228;17.0;32.3;1.466
16/03/2005;22.00.00;0.3;647;205;2.6;383;154;1877;113;877;228;23.7;37.6;1.252
16/03/2005;23.00.00;1.7;647;320;7.2;383;298;1935;131;977;408;18.4;33.9;0.978
17/03/2005;00.00.00;0.7;647;148;0.4;383;345;1758;200;1543;345;19.1;50.0;1.241
17/03/2005;01.00.00;2.3;762;150;5.1;383;53;1936;103;801;228;15.2;46.7;1.457
17/03/2005;02.00.00;1.6;647;137;6.1;383;196;1891;60;551;373;14.7;58.6;0.825
17/03/2005;03.00.00;2.4;647;271;7.6;383;217;1721;2;551;265;14.2;36.6;1.036
17/03/2005;04.00.00;2.2;750;67;6.0;383;202;1917;205;1672;372;16.9;61.2;1.003
17/03/2005;05.00.00;0.8;647;145;4.6;383;142;1845;208;1657;228;22.1;32.8;1.618
17/03/2005;06.00.00;3.0;848;245;8.5;383;42;2054;65;594;228;13.9;83.4;1.002
17/03/2005;07.00.00;2.1;647;103;7.5;383;199;1872;174;1404;339;18.4;24.6;1.059
17/03/2005;08.00.00;0.8;647;155;4.8;383;203;1887;162;1271;249;27.1;49.6;1.376
17/03/2005;09.00.00;5.3;1474;7;16.2;442;173;1816;143;1109;228;26.7;55.5;1.203
17/03/2005;10.00.00;2.8;682;275;5.4;383;345;1632;137;1065;577;9.8;61.9;1.087
17/03/2005;11.00.00;1.9;647;152;5.4;383;36;1877;77;551;228;37.1;19.1;0.47
17/03/2005;12.00.00;4.1;1206;113;13.6;383;288;1631;119;934;496;23.1;28.7;0.831
17/03/2005;13.00.00;4.7;1314;94;17.1;416;2;1967;129;1075;228;14.1;46.6;1.144
17/03/2005;14.00.00;1.9;647;178;5.2;383;235;1764;116;993;269;3.1;38.8;1.051
17/03/2005;15.00.00;2.6;768;67;11.9;383;2;2079;110;897;228;25.0;58.7;0.945
17/03/2005;16.00.00;0.8;647;402;0.1;383;109;1829;175;1674;244;21.4;41.2;1.277
17/03/2005;17.00.00;1.9;647;7;6.5;383;242;1981;161;1319;374;10.6;60.6;1.865
17/03/2005;18.00.00;1.9;647;175;5.5;383;27;1897;154;1100;228;18.9;20.4;1.03
17/03/2005;19.00.00;2.4;647;228;10.4;383;28;1904;157;1295;228;6.8;69.4;1.262
17/03/2005;20.00.00;2.6;759;144;5.4;383;396;1564;124;1082;487;7.1;76.0;0.92
17/03/2005;21.00.00;2.9;764;238;10.2;383;2;1999;168;1330;228;15.6;70.6;0.551
17/03/2005;22.00.00;2.5;647;142;7.5;383;227;1791;55;551;244;16.2;58.0;0.878
17/03/2005;23.00.00;0.5;647;363;4.5;383;471;1613;116;785;534;29.9;28.9;1.078
18/03/2005;00.00.00;0.8;647;111;1.0;383;267;1818;146;1168;339;18.0;45.6;0.976
18/03/2005;01.00.00;1.4;647;7;5.3;383;250;1878;139;1031;231;14.4;43.2;1.038
18/03/2005;02.00.00;1.8;647;94;3.9;383;136;1796;130;1030;228;12.1;48.9;0.31
18/03/2005;03.00.00;3.6;1124;254;12.0;383;137;1891;157;1229;228;20.1;40.8;0.814
18/03/2005;04.00.00;0.5;647;206;0.9;383;220;1892;182;1574;261;-1.9;53.6;0.356
18/03/2005;05.00.00;1.6;647;289;4.5;383;2;1910;61;562;228;18.9;33.7;1.122
18/03/2005;06.00.00;3.5;915;265;7.2;383;400;1900;127;974;502;31.8;26.4;0.993
18/03/2005;07.00.00;1.7;647;157;6.4;383;277;1965;78;593;366;26.0;56.0;0.925
18/03/2005;08.00.00;2.8;967;171;6.8;383;2;1992;164;1389;228;34.8;58.2;0.395
18/03/2005;09.00.00;2.0;647;181;4.0;383;402;1589;147;1191;480;12.4;30.0;0.937
18/03/2005;10.00.00;2.5;647;397;4.9;383;349;1641;66;556;510;21.7;52.6;1.583
18/03/2005;11.00.00;1.8;647;283;3.7;383;313;1768;112;995;228;16.7;69.2;0.781
18/03/2005;12.00.00;3.1;933;397;10.9;383;588;1580;40;551;701;27.8;48.9;1.041
18/03/2005;13.00.00;0.1;647;297;1.2;383;260;1644;158;1344;272;17.2;59.9;1.077
18/03/2005;14.00.00;1.6;647;211;6.6;383;480;1540;87;666;536;26.6;19.9;0.389
18/03/2005;15.00.00;2.6;709;121;6.2;383;249;1811;58;551;334;10.2;45.2;0.399
18/03/2005;16.00.00;2.9;859;237;9.7;383;315;1635;96;677;232;16.8;45.2;0.431
18/03/2005;17.00.00;4.2;1154;212;12.3;383;161;1847;141;1053;228;15.5;59.0;1.155
18/03/2005;18.00.00;1.6;647;209;7.0;383;2;2032;126;1121;228;27.8;51.3;1.491
18/03/2005;19.00.00;4.2;1275;198;14.4;383;2;1985;89;706;228;10.1;63.6;1.699
18/03/2005;20.00.00;1.2;647;23;2.6;383;233;1754;107;839;228;14.3;29.8;0.945
18/03/2005;21.00.00;4.0;1120;337;14.9;383;209;1839;98;911;355;16.5;37.1;1.438
18/03/2005;22.00.00;3.3;988;213;11.6;383;65;1988;68;551;228;3.0;63.0;0.84
18/03/2005;23.00.00;0.9;647;83;0.1;383;203;1763;23;551;272;15.6;61.3;0.516
19/03/2005;00.00.00;2.6;647;263;4.9;383;314;1775;112;903;266;18.7;38.6;0.654
19/03/2005;01.00.00;2.1;647;136;4.0;383;443;1671;141;1124;639;30.5;45.5;0.827
19/03/2005;02.00.00;3.0;807;271;13.0;383;140;1929;112;924;228;15.4;40.3;0.985
19/03/2005;03.00.00;1.8;647;301;3.8;383;306;1776;211;1734;278;16.9;19.4;0.971
19/03/2005;04.00.00;1.7;647;314;9.3;383;512;1600;84;608;679;13.4;52.0;1.246
19/03/2005;05.00.00;4.1;1312;202;10.9;383;360;1698;110;738;313;14.1;28.1;0.922
19/03/2005;06.00.00;2.0;647;178;4.1;383;128;1873;136;1122;264;15.6;46.0;1.375
19/03/2005;07.00.00;3.3;933;158;12.3;383;261;1848;134;925;467;17.2;37.4;0.741
19/03/2005;08.00.00;1.8;647;149;7.7;383;274;1772;100;831;380;20.6;43.8;0.837
19/03/2005;09.00.00;4.5;1343;216;15.5;390;343;1767;110;941;353;22.8;81.2;1.658
19/03/2005;10.00.00;1.2;647;198;5.2;383;251;1839;109;962;228;14.9;18.2;0.18
19/03/2005;11.00.00;1.3;647;139;2.5;383;319;1668;145;1155;262;19.6;85.9;1.974
19/03/2005;12.00.00;4.3;1237;109;15.4;429;402;1652;79;797;506;14.3;48.3;1.2
19/03/2005;13.00.00;1.5;647;207;5.4;383;85;1927;2;551;228;12.1;59.9;2.217
19/03/2005;14.00.00;4.4;1370;176;13.3;383;43;1972;96;888;228;27.6;23.3;1.546
19/03/2005;15.00.00;3.4;986;109;11.1;383;339;1763;194;1490;518;18.0;68.7;0.914
19/03/2005;16.00.00;1.9;647;296;8.3;383;222;1836;151;1214;329;13.5;47.8;0.492
19/03/2005;17.00.00;0.1;647;386;1.1;383;378;1700;37;551;477;20.1;39.9;1.621
19/03/2005;18.00.00;2.1;647;309;2.5;383;412;1635;145;1271;502;26.7;38.4;0.34
19/03/2005;19.00.00;2.3;683;149;9.1;383;2;2082;123;896;228;13.4;14.3;1.19
19/03/2005;20.00.00;3.8;1142;213;13.7;383;117;1933;95;930;228;21.0;31.9;0.623
19/03/2005;21.00.00;4.4;1132;364;13.2;383;226;1809;61;551;291;22.4;32.9;1.386
19/03/2005;22.00.00;1.2;647;106;4.0;383;89;1897;73;585;228;19.4;31.7;0.357
19/03/2005;23.00.00;3.3;1044;292;10.7;383;173;1883;86;734;229;17.9;65.6;1.309
20/03/2005;00.00.00;3.2;832;80;6.4;383;50;1962;201;1691;251;32.5;54.8;1.197
20/03/2005;01.00.00;3.7;1028;377;10.9;383;178;1734;143;1035;310;15.3;72.1;1.092
20/03/2005;02.00.00;2.8;934;177;8.4;383;98;1842;78;551;228;17.5;21.4;1.154
20/03/2005;03.00.00;0.1;647;429;0.1;383;298;1865;86;800;377;14.7;33.7;1.085
20/03/2005;04.00.00;1.9;647;382;5.1;383;384;1722;111;909;562;21.1;54.1;0.698
20/03/2005;05.00.00;0.5;647;207;3.0;383;308;1701;92;585;321;5.3;37.6;0.51
20/03/2005;06.00.00;1.9;762;149;4.4;383;643;1455;113;869;720;26.7;38.1;0.95
20/03/2005;07.00.00;3.5;994;236;13.1;383;389;1619;106;788;602;7.5;54.4;1.813
20/03/2005;08.00.00;2.6;671;200;9.5;383;383;1650;117;1032;382;21.4;36.0;1.229
20/03/2005;09.00.00;3.8;1065;179;14.7;383;233;1895;17;551;327;13.3;11.5;0.713
20/03/2005;10.00.00;2.6;755;60;11.9;383;199;1826;151;1196;230;30.9;37.5;1.291
20/03/2005;11.00.00;0.3;647;169;4.5;383;440;1714;86;668;584;20.3;69.8;0.885
20/03/2005;12.00.00;0.1;647;112;0.1;383;207;1964;156;1385;228;-1.0;48.4;0.657
20/03/2005;13.00.00;2.4;647;270;8.2;383;251;1767;218;1819;248;16.2;44.7;1.488
20/03/2005;14.00.00;1.9;647;312;4.5;383;219;1720;43;551;352;21.5;58.4;1.286
20/03/2005;15.00.00;0.8;647;288;9.1;383;328;1771;117;957;521;15.6;41.3;0.991
20/03/2005;16.00.00;0.1;647;250;1.5;383;382;1628;92;758;444;9.8;9.2;1.597
20/03/2005;17.00.00;1.1;647;136;6.4;383;408;1672;131;982;525;-1.9;23.2;1.199
20/03/2005;18.00.00;1.9;647;237;6.9;383;199;1853;11;551;307;33.5;36.8;1.09
20/03/2005;19.00.00;3.1;724;293;4.6;383;273;1929;95;736;344;39.3;49.5;0.286
20/03/2005;20.00.00;2.4;647;162;6.2;383;296;1788;73;551;411;9.7;68.7;1.517
20/03/2005;21.00.00;4.4;1255;229;12.7;383;470;1587;191;1517;701;20.0;38.4;0.379
20/03/2005;22.00.00;0.7;647;204;1.5;383;2;2048;202;1619;228;14.3;67.9;1.07
20/03/2005;23.00.00;3.4;951;375;11.5;383;247;1867;99;901;377;26.0;65.4;1.123
21/03/2005;00.00.00;2.2;647;298;8.1;383;147;1978;57;551;348;15.7;38.3;0.797
21/03/2005;01.00.00;3.1;920;275;4.7;383;164;1794;72;551;283;15.5;53.3;0.564
21/03/2005;02.00.00;1.5;647;54;4.5;383;115;2010;114;1002;228;7.4;56.6;1.052
21/03/2005;03.00.00;3.7;1033;234;10.7;383;328;1920;45;551;526;11.9;57.1;1.247
21/03/2005;04.00.00;2.6;647;203;11.0;383;2;2099;137;1136;228;25.0;46.0;0.73
21/03/2005;05.00.00;1.2;647;202;5.0;383;224;1936;103;773;317;22.8;60.0;0.77
21/03/2005;06.00.00;2.1;647;69;6.5;383;2;1963;130;928;228;16.9;73.2;0.544
21/03/2005;07.00.00;1.8;647;114;6.3;383;140;2023;131;961;285;29.0;87.4;0.346
21/03/2005;08.00.00;2.8;806;211;5.7;383;213;1791;179;1550;228;7.9;54.5;0.94
21/03/2005;09.00.00;0.5;647;323;2.9;383;183;1849;143;1183;228;8.9;51.0;0.706
21/03/2005;10.00.00;2.1;684;161;6.0;383;350;1682;127;1046;443;16.6;42.8;1.265
21/03/2005;11.00.00;2.7;647;180;7.0;383;437;1603;124;1077;455;25.9;37.0;1.269
21/03/2005;12.00.00;2.2;647;387;9.7;383;545;1563;18;551;717;31.1;21.7;1.239
21/03/2005;13.00.00;4.0;1069;189;13.5;383;244;1711;121;1083;273;-1.1;20.0;0.714
21/03/2005;14.00.00;3.2;974;205;9.0;383;423;1606;142;1121;515;12.8;60.6;1.38
21/03/2005;15.00.00;2.1;659;207;5.6;383;469;1546;107;605;524;28.2;39.0;0.617
21/03/2005;16.00.00;2.5;727;90;8.6;383;173;1984;192;1671;254;7.2;38.6;1.329
21/03/2005;17.00.00;2.6;661;272;8.8;383;434;1781;41;551;474;0.6;50.6;1.199
21/03/2005;18.00.00;2.7;830;155;8.7;383;2;2202;77;598;228;15.7;65.3;1.275
21/03/2005;19.00.00;0.1;647;215;0.1;383;291;1761;82;720;350;27.3;42.0;0.441
21/03/2005;20.00.00;1.7;647;260;3.4;383;491;1609;113;719;547;19.6;10.3;1.499
21/03/2005;21.00.00;0.1;647;402;0.1;383;261;1852;81;644;228;27.9;27.1;1.067
21/03/2005;22.00.00;3.9;1100;92;12.2;383;216;1724;53;551;315;31.4;81.9;0.989
21/03/2005;23.00.00;2.1;647;300;6.5;383;216;1748;95;840;256;27.7;74.1;0.62
22/03/2005;00.00.00;1.9;647;300;5.7;383;470;1495;161;1332;536;29.6;84.0;0.762
22/03/2005;01.00.00;3.4;1059;157;10.7;383;2;2064;149;1086;228;5.4;47.9;0.916
22/03/2005;02.00.00;2.7;778;274;12.5;383;186;1782;79;585;290;13.7;32.4;0.918
22/03/2005;03.00.00;0.6;647;374;3.5;383;374;1780;95;674;622;10.4;47.3;1.666
22/03/2005;04.00.00;2.1;647;145;8.9;383;294;1727;75;551;228;14.9;39.1;0.973
22/03/2005;05.00.00;1.7;647;240;6.3;383;427;1658;52;551;547;25.9;77.0;0.879
22/03/2005;06.00.00;0.1;647;256;0.5;383;350;1705;133;1186;382;24.7;44.6;0.907
22/03/2005;07.00.00;1.2;647;268;4.6;383;173;1876;51;551;322;16.1;88.7;1.153
22/03/2005;08.00.00;1.9;647;291;6.5;383;334;1692;144;1192;296;28.0;60.2;1.092
22/03/2005;09.00.00;2.0;647;233;8.0;383;44;2047;200;1505;228;7.3;72.9;0.582
22/03/2005;10.00.00;0.1;647;266;0.1;383;2;1984;131;892;228;36.3;21.5;1.739
22/03/2005;11.00.00;3.8;1190;131;13.5;383;152;1907;142;1188;228;24.1;83.8;0.905
22/03/2005;12.00.00;2.0;647;233;6.8;383;258;1802;141;1212;257;30.6;48.6;0.473
22/03/2005;13.00.00;2.2;844;172;3.4;383;121;1821;89;729;228;14.7;44.4;0.741
22/03/2005;14.00.00;2.7;721;101;8.8;383;272;1889;130;1106;339;11.6;32.3;0.983
22/03/2005;15.00.00;1.0;647;169;0.7;383;254;1743;127;997;228;29.7;26.4;1.667
22/03/2005;16.00.00;2.8;769;243;7.9;383;2;2063;82;668;228;19.2;55.2;0.901
22/03/2005;17.00.00;1.6;647;259;4.9;383;163;1927;2;551;257;13.6;31.5;0.66
22/03/2005;18.00.00;0.9;647;97;0.1;383;389;1568;62;551;574;18.8;70.6;0.863
22/03/2005;19.00.00;3.0;836;128;9.3;383;320;1729;67;551;409;15.4;43.7;0.948
22/03/2005;20.00.00;4.2;1194;286;13.7;383;139;1934;137;1144;228;20.5;46.1;0.941
22/03/2005;21.00.00;3.2;889;266;11.6;383;340;1704;42;551;307;28.3;31.0;0.297
22/03/2005;22.00.00;3.4;911;302;10.1;383;514;1578;202;1594;590;18.4;60.6;0.599
22/03/2005;23.00.00;1.4;647;347;5.1;383;181;1872;191;1570;228;1.2;42.9;1.326
23/03/2005;00.00.00;0.1;647;269;0.1;383;359;1682;163;1252;416;11.5;37.2;1.158
23/03/2005;01.00.00;4.2;1185;178;12.7;383;335;1760;88;851;586;15.6;33.2;1.138
23/03/2005;02.00.00;5.0;1482;228;12.7;383;172;1865;13;551;324;16.9;65.7;0.76
23/03/2005;03.00.00;4.3;1347;375;13.6;420;72;1926;152;1247;228;2.0;50.5;0.4
23/03/2005;04.00.00;1.7;647;480;6.9;383;498;1523;77;556;623;14.3;42.7;1.038
23/03/2005;05.00.00;0.5;647;261;0.1;383;412;1702;150;1225;474;17.3;66.6;1.166
23/03/2005;06.00.00;0.7;647;268;1.7;383;203;1644;141;1037;296;12.2;52.8;1.732
23/03/2005;07.00.00;0.1;647;286;0.2;383;431;1675;91;767;469;17.7;50.6;0.667
23/03/2005;08.00.00;2.0;647;220;8.6;383;330;1736;54;551;570;28.3;38.7;1.259
23/03/2005;09.00.00;4.4;1250;328;14.1;391;430;1590;121;889;583;13.6;60.9;1.226
23/03/2005;10.00.00;2.0;647;313;6.8;383;2;1887;37;551;228;4.0;61.7;0.262
23/03/2005;11.00.00;2.6;647;251;8.2;383;183;1886;126;1123;228;35.1;53.8;1.125
23/03/2005;12.00.00;4.1;1180;187;12.1;383;486;1590;135;1113;547;13.1;50.6;0.653
23/03/2005;13.00.00;1.6;647;73;2.8;383;651;1489;81;625;722;15.9;80.9;1.227
23/03/2005;14.00.00;5.0;1436;287;15.4;495;186;1703;40;551;228;18.3;34.6;1.295
23/03/2005;15.00.00;4.9;1311;238;16.6;429;183;1891;191;1488;331;7.0;43.4;0.734
23/03/2005;16.00.00;2.0;647;147;6.5;383;350;1794;87;557;475;19.9;34.4;1.163
23/03/2005;17.00.00;1.3;647;110;7.3;383;298;1748;103;792;325;14.1;52.0;1.748
23/03/2005;18.00.00;3.1;920;280;11.9;383;327;1666;165;1499;344;19.9;32.2;1.133
23/03/2005;19.00.00;1.7;647;65;7.8;383;2;2033;85;695;228;22.4;43.7;0.873
23/03/2005;20.00.00;0.5;647;246;0.1;383;209;1809;76;644;292;27.5;63.3;1.084
23/03/2005;21.00.00;3.9;1054;298;15.8;383;369;1773;209;1527;409;32.0;30.9;0.773
23/03/2005;22.00.00;3.9;1139;270;12.9;383;2;2000;77;735;228;16.3;63.2;0.662
23/03/2005;23.00.00;2.4;647;180;8.4;383;2;1827;171;1492;228;13.5;29.7;1.401
24/03/2005;00.00.00;0.4;647;99;3.0;383;2;1810;120;979;228;8.2;52.1;0.931
24/03/2005;01.00.00;0.4;647;273;1.4;383;345;1666;119;1003;381;22.5;55.9;1.25
24/03/2005;02.00.00;2.3;684;332;5.2;383;103;1953;88;655;228;18.1;66.9;0.806
24/03/2005;03.00.00;1.5;647;163;7.5;383;62;1910;103;805;228;16.6;64.3;1.362
24/03/2005;04.00.00;1.7;647;266;3.8;383;254;1835;198;1805;302;8.1;34.3;1.228
24/03/2005;05.00.00;3.6;1008;368;9.5;383;56;1902;154;1194;228;12.6;53.5;1.693
24/03/2005;06.00.00;3.2;973;250;9.7;383;315;1912;47;551;304;22.9;35.5;1.085
24/03/2005;07.00.00;4.1;1218;180;12.3;383;615;1492;65;687;748;25.4;59.1;0.991
24/03/2005;08.00.00;0.8;647;316;2.4;383;189;1869;131;1086;348;20.0;66.7;0.86
24/03/2005;09.00.00;1.7;647;147;5.1;383;2;1921;143;1139;228;18.6;48.2;1.113
24/03/2005;10.00.00;3.2;880;94;13.0;383;176;1825;149;1092;286;28.2;49.5;0.989
24/03/2005;11.00.00;2.8;893;295;9.8;383;320;1782;109;917;412;24.9;47.7;1.173
24/03/2005;12.00.00;4.3;1180;179;12.0;383;305;1751;72;579;353;24.8;40.0;0.655
24/03/2005;13.00.00;2.7;773;187;7.3;383;374;1478;74;584;379;11.7;37.7;1.124
24/03/2005;14.00.00;4.7;1292;158;14.4;383;155;1915;2;551;228;35.7;65.5;0.994
24/03/2005;15.00.00;2.9;870;173;8.5;383;203;1886;191;1555;342;30.4;44.8;1.125
24/03/2005;16.00.00;3.6;1030;351;10.6;383;2;2056;2;551;228;21.4;51.3;0.258
24/03/2005;17.00.00;1.7;647;375;3.2;383;339;1815;101;808;453;12.8;59.2;0.854
24/03/2005;18.00.00;2.2;647;388;7.5;383;45;1978;27;551;228;10.7;52.7;1.546
24/03/2005;19.00.00;3.4;799;321;10.0;383;276;1970;84;678;360;21.5;37.4;0.766
24/03/2005;20.00.00;4.4;1167;262;12.2;383;112;1928;140;1113;228;20.1;48.0;0.894
24/03/2005;21.00.00;3.2;951;81;11.1;383;232;1629;3;551;290;16.1;59.3;0.806
24/03/2005;22.00.00;2.0;675;200;8.2;383;392;1703;129;1022;395;9.6;54.9;0.508
24/03/2005;23.00.00;4.1;1196;422;12.6;383;179;1946;154;1233;292;20.9;26.0;0.689
25/03/2005;00.00.00;0.1;647;176;3.9;383;132;1783;92;551;228;16.7;24.4;0.783
25/03/2005;01.00.00;0.2;647;361;4.9;383;246;1781;244;1996;438;6.1;36.8;1.243
25/03/2005;02.00.00;3.1;931;223;10.9;383;147;1978;5;551;228;18.1;43.7;0.908
25/03/2005;03.00.00;2.2;647;7;6.0;383;101;1873;30;551;228;25.5;37.4;1.345
25/03/2005;04.00.00;3.0;983;278;10.1;383;531;1555;98;713;510;20.8;19.3;1.068
25/03/2005;05.00.00;2.2;647;338;4.7;383;2;2060;99;786;228;15.4;26.0;0.699
25/03/2005;06.00.00;2.9;933;213;7.7;383;346;1620;118;984;367;31.7;42.6;0.18
25/03/2005;07.00.00;1.0;647;335;0.1;383;225;1818;157;1256;228;12.2;77.2;1.711
25/03/2005;08.00.00;2.9;884;59;8.2;383;119;1826;52;551;251;21.0;87.7;1.224
25/03/2005;09.00.00;3.5;830;86;8.9;383;299;1739;47;551;324;13.9;59.6;0.727
25/03/2005;10.00.00;3.9;1154;237;13.6;383;251;1817;79;643;374;18.6;46.1;1.53
25/03/2005;11.00.00;5.0;1381;263;14.4;476;448;1726;162;1398;565;14.6;49.6;1.031
25/03/2005;12.00.00;2.5;662;346;8.5;383;72;1967;151;1215;228;28.2;50.5;0.949
25/03/2005;13.00.00;2.5;647;278;9.6;383;167;1821;109;872;251;20.5;53.7;1.821
25/03/2005;14.00.00;0.1;647;104;2.7;383;400;1775;88;739;403;20.0;46.7;1.221
25/03/2005;15.00.00;1.4;647;238;3.8;383;214;1877;105;905;228;15.0;41.2;1.581
25/03/2005;16.00.00;1.9;647;275;6.6;383;329;1580;130;1069;228;16.8;78.0;1.573
25/03/2005;17.00.00;3.6;895;39;12.3;384;431;1721;117;843;425;23.7;28.0;0.842
25/03/2005;18.00.00;1.3;647;213;6.7;383;332;1739;45;551;369;23.8;64.6;0.734
25/03/2005;19.00.00;3.3;983;186;12.0;383;152;1875;42;551;228;20.0;18.7;1.387
25/03/2005;20.00.00;2.1;647;155;9.5;383;192;1941;100;747;242;23.8;56.4;1.347
25/03/2005;21.00.00;1.9;647;265;2.8;383;433;1637;147;1095;590;29.1;21.0;1.097
25/03/2005;22.00.00;2.5;692;108;6.7;383;269;1855;62;551;228;22.6;80.8;1.193
25/03/2005;23.00.00;1.6;647;257;7.2;383;214;1930;132;1017;228;3.2;36.2;0.882
26/03/2005;00.00.00;1.5;647;271;6.1;383;304;1761;27;551;564;19.9;51.5;0.776
26/03/2005;01.00.00;0.1;647;320;0.1;383;49;1996;116;851;228;34.0;65.0;0.713
26/03/2005;02.00.00;1.8;653;111;4.8;383;209;1887;75;675;294;25.8;30.5;1.551
26/03/2005;03.00.00;1.5;647;75;6.3;383;233;1849;12;551;228;18.0;50.7;1.984
26/03/2005;04.00.00;1.4;647;244;0.6;383;231;1885;86;636;332;23.9;44.1;0.875
26/03/2005;05.00.00;2.7;777;190;10.3;383;185;1767;52;551;306;15.6;65.9;1.181
26/03/2005;06.00.00;3.1;852;493;10.0;383;198;1789;99;932;228;22.5;66.5;1.037
26/03/2005;07.00.00;2.5;671;261;6.9;383;228;1716;132;938;313;24.0;55.0;1.205
26/03/2005;08.00.00;3.5;959;223;12.3;383;469;1759;134;1102;600;29.9;26.2;0.759
26/03/2005;09.00.00;3.0;858;201;8.7;383;2;1864;18;551;228;5.2;40.5;0.992
26/03/2005;10.00.00;1.7;647;102;5.6;383;352;1823;140;1093;438;8.8;47.5;0.646
26/03/2005;11.00.00;1.5;647;271;4.7;383;232;1851;132;1096;228;14.8;70.4;0.977
26/03/2005;12.00.00;2.6;714;210;9.8;383;236;1740;92;780;320;23.8;25.4;1.129
26/03/2005;13.00.00;3.0;814;210;9.8;383;183;1751;52;551;276;26.0;44.5;1.715
26/03/2005;14.00.00;4.1;1224;226;9.3;383;322;1738;93;795;424;18.8;71.1;0.782
26/03/2005;15.00.00;3.8;1106;239;9.4;383;391;1668;190;1497;445;2.6;45.3;1.195
26/03/2005;16.00.00;1.4;647;52;2.3;383;2;2030;141;1101;228;28.2;48.9;1.793
26/03/2005;17.00.00;2.0;647;297;7.3;383;566;1370;159;1441;696;21.2;17.6;1.003
26/03/2005;18.00.00;3.1;892;137;11.0;383;268;1770;65;611;300;21.5;41.2;0.18
26/03/2005;19.00.00;3.6;983;204;15.0;383;262;1719;87;643;228;-0.7;58.4;0.372
26/03/2005;20.00.00;3.5;1035;340;9.1;383;32;2075;50;551;228;29.7;35.4;1.106
26/03/2005;21.00.00;2.1;647;387;9.2;383;158;1905;81;680;228;16.6;19.2;0.876
26/03/2005;22.00.00;0.4;647;56;0.1;383;453;1596;178;1424;529;27.7;32.7;0.792
26/03/2005;23.00.00;0.8;647;220;2.4;383;256;1908;91;872;279;24.4;70.5;1.849
27/03/2005;00.00.00;2.5;647;243;8.6;383;309;1717;79;631;355;12.9;55.2;1.113
27/03/2005;01.00.00;2.6;647;74;8.9;383;175;1851;124;989;228;21.3;64.2;1.196
27/03/2005;02.00.00;0.6;647;294;1.3;383;547;1583;85;749;725;26.8;59.2;1.236
27/03/2005;03.00.00;2.2;647;229;7.3;383;222;1894;117;864;232;4.2;88.7;0.774
27/03/2005;04.00.00;3.0;745;236;7.2;383;418;1665;85;643;509;25.9;66.3;1.194
27/03/2005;05.00.00;0.5;647;130;3.5;383;222;1935;122;1094;228;7.5;48.4;0.672
27/03/2005;06.00.00;3.7;1018;257;12.3;383;299;1728;94;755;271;11.0;44.7;1.003
27/03/2005;07.00.00;1.6;647;297;5.9;383;299;1681;59;551;350;8.9;57.2;0.844
27/03/2005;08.00.00;3.9;998;230;12.0;383;387;1817;163;1322;519;36.2;69.6;0.501
27/03/2005;09.00.00;1.4;647;169;3.8;383;359;1687;200;1613;513;19.6;34.9;0.894
27/03/2005;10.00.00;0.7;647;176;3.3;383;173;1908;136;1201;265;2.4;56.7;0.909
27/03/2005;11.00.00;1.5;647;238;8.0;383;423;1722;40;551;432;12.3;52.2;0.738
27/03/2005;12.00.00;2.0;647;222;3.7;383;94;2091;102;832;228;12.4;54.4;0.987
27/03/2005;13.00.00;1.6;647;303;2.3;383;64;1924;124;1130;228;18.8;43.8;0.436
27/03/2005;14.00.00;1.8;647;172;6.4;383;201;1881;32;551;299;12.1;58.7;0.18
27/03/2005;15.00.00;2.6;729;102;7.7;383;306;1692;87;726;408;6.2;71.3;0.18
27/03/2005;16.00.00;1.9;647;252;6.4;383;89;1889;45;551;228;29.1;55.2;0.941
27/03/2005;17.00.00;2.1;647;172;6.5;383;234;1752;63;651;308;17.3;18.7;1.198
27/03/2005;18.00.00;0.1;647;292;1.6;383;34;2040;129;1135;228;16.6;33.0;1.093
27/03/2005;19.00.00;2.7;777;218;8.1;383;204;1909;110;788;272;31.1;78.3;1.453
27/03/2005;20.00.00;2.0;743;280;4.1;383;394;1713;60;551;470;33.2;28.7;1.178
27/03/2005;21.00.00;4.4;1202;121;12.5;383;116;1844;109;771;228;17.4;27.6;0.853
27/03/2005;22.00.00;0.8;647;231;2.3;383;59;1900;95;678;228;9.1;39.0;0.763
27/03/2005;23.00.00;0.1;647;151;0.1;383;303;1700;155;1344;537;18.0;36.0;1.519
28/03/2005;00.00.00;3.0;861;102;9.6;383;125;1928;13;551;228;36.5;49.2;1.901
28/03/2005;01.00.00;2.6;799;136;8.6;383;616;1380;77;566;890;11.0;56.9;1.107
28/03/2005;02.00.00;0.7;647;166;1.6;383;275;1747;185;1547;480;9.9;56.0;1.268
28/03/2005;03.00.00;0.1;647;336;0.7;383;402;1570;57;551;379;19.9;40.9;0.509
28/03/2005;04.00.00;4.3;1262;163;10.5;383;44;2004;61;595;228;17.3;40.0;0.354
28/03/2005;05.00.00;4.1;1307;97;11.3;383;315;1667;88;753;354;20.3;43.5;1.555
28/03/2005;06.00.00;0.1;647;230;0.1;383;92;2082;173;1442;228;19.7;70.2;0.373
28/03/2005;07.00.00;1.5;647;220;6.6;383;218;1908;132;992;228;16.9;41.4;1.316
28/03/2005;08.00.00;4.5;1239;171;18.9;444;130;1888;62;551;228;13.9;55.2;1.766
28/03/2005;09.00.00;1.5;647;202;3.0;383;405;1709;108;869;506;14.9;46.9;1.65
28/03/2005;10.00.00;1.5;647;310;4.2;383;295;1801;96;581;398;9.3;39.8;0.919
28/03/2005;11.00.00;1.8;647;281;4.2;383;263;1712;134;1105;304;16.1;62.9;0.837
28/03/2005;12.00.00;0.6;647;273;2.3;383;454;1735;110;751;527;17.0;38.8;1.086
28/03/2005;13.00.00;0.1;647;105;0.1;383;248;1793;122;1037;238;15.4;53.0;0.561
28/03/2005;14.00.00;3.6;1043;492;12.2;383;403;1615;97;749;522;21.6;59.9;0.959
28/03/2005;15.00.00;0.1;647;317;1.7;383;521;1626;176;1382;707;16.3;56.4;1.423
28/03/2005;16.00.00;2.5;667;267;5.5;383;267;1696;110;847;229;19.3;54.5;1.9
28/03/2005;17.00.00;3.4;948;107;11.4;417;285;1823;82;614;405;17.8;50.0;1.467
28/03/2005;18.00.00;0.1;647;308;0.1;383;392;1713;163;1292;492;18.7;51.0;1.462
28/03/2005;19.00.00;0.9;647;170;2.2;383;465;1575;141;1204;466;9.6;48.6;1.588
28/03/2005;20.00.00;3.8;1116;199;11.7;383;265;1864;69;551;228;10.3;40.4;0.18
28/03/2005;21.00.00;2.9;768;58;8.8;383;148;1937;2;551;228;26.9;38.8;1.041
28/03/2005;22.00.00;1.3;647;100;3.5;383;378;1671;138;1280;412;20.7;48.8;0.397
28/03/2005;23.00.00;3.8;1006;259;11.3;383;333;1776;92;682;483;9.7;51.8;0.567
29/03/2005;00.00.00;3.8;1097;313;11.8;383;377;1591;115;919;421;3.7;53.4;0.932
29/03/2005;01.00.00;2.5;775;283;8.6;383;352;1756;169;1425;380;25.1;59.0;1.605
29/03/2005;02.00.00;0.9;647;279;3.4;383;277;1661;67;712;297;23.3;29.6;0.875
29/03/2005;03.00.00;1.6;647;211;5.3;383;286;1781;59;596;324;14.4;55.1;0.772
29/03/2005;04.00.00;2.6;647;179;7.0;383;353;1772;45;551;446;18.7;54.4;0.953
29/03/2005;05.00.00;1.9;647;245;8.2;383;24;2007;218;1781;228;19.6;54.6;0.981
29/03/2005;06.00.00;3.5;956;296;14.1;383;449;1764;170;1344;440;10.8;56.2;0.384
29/03/2005;07.00.00;0.1;647;218;0.1;383;314;1684;145;1249;409;18.0;36.4;1.486
29/03/2005;08.00.00;0.1;647;332;0.6;383;116;1939;20;551;228;17.2;52.6;0.929
29/03/2005;09.00.00;2.4;647;197;6.8;383;274;1609;44;551;412;10.3;53.0;0.668
29/03/2005;10.00.00;1.5;647;124;6.5;383;447;1600;146;1019;412;19.6;20.2;1.356
29/03/2005;11.00.00;1.3;647;217;4.0;383;290;1743;132;1107;446;20.4;73.0;0.607
29/03/2005;12.00.00;0.1;647;228;0.4;383;133;2018;99;859;236;9.3;33.9;1.281
29/03/2005;13.00.00;2.2;779;210;8.0;383;51;1957;48;551;228;24.9;52.9;1.008
29/03/2005;14.00.00;2.1;647;339;6.0;383;623;1574;163;1178;705;13.4;13.1;0.398
29/03/2005;15.00.00;3.1;763;294;13.2;383;2;1926;199;1697;228;12.6;67.4;1.23
29/03/2005;16.00.00;2.2;647;82;8.2;383;297;1735;134;1113;228;23.9;38.8;0.398
29/03/2005;17.00.00;2.0;726;363;8.1;383;156;1808;76;677;228;23.6;41.9;0.939
29/03/2005;18.00.00;3.8;910;7;11.7;383;405;1596;186;1623;501;11.3;32.2;0.414
29/03/2005;19.00.00;0.3;647;422;0.8;383;59;1878;121;941;228;21.5;40.6;1.313
29/03/2005;20.00.00;2.9;850;190;10.9;383;492;1557;191;1663;567;21.4;51.1;0.652
29/03/2005;21.00.00;0.1;647;199;1.7;383;226;1981;95;1000;261;14.8;75.4;0.997
29/03/2005;22.00.00;1.0;647;212;0.6;383;212;1825;211;1797;228;22.6;63.9;1.347
29/03/2005;23.00.00;0.5;647;254;1.7;383;198;1733;91;766;228;2.8;63.4;0.497
30/03/2005;00.00.00;3.2;860;217;11.3;383;155;1833;81;645;228;13.1;28.7;0.629
30/03/2005;01.00.00;2.1;647;205;6.3;383;189;1929;152;1239;274;24.9;52.9;0.507
30/03/2005;02.00.00;2.1;647;342;7.6;383;355;1659;109;889;423;14.2;41.7;0.557
30/03/2005;03.00.00;0.6;647;271;1.7;383;2;2117;131;1054;228;9.5;30.2;1.467
30/03/2005;04.00.00;1.7;647;126;1.0;383;131;1977;64;551;228;-1.9;38.1;1.03
30/03/2005;05.00.00;1.1;647;288;0.8;383;474;1604;64;553;558;26.2;49.3;0.831
30/03/2005;06.00.00;2.7;777;267;10.5;383;232;1761;94;776;342;12.5;42.6;0.554
30/03/2005;07.00.00;0.8;647;166;2.0;383;158;1797;130;1150;254;5.7;54.3;0.814
30/03/2005;08.00.00;4.0;1104;293;13.2;383;50;1974;75;650;228;20.9;27.8;0.844
30/03/2005;09.00.00;0.1;647;203;0.3;383;66;1979;164;1256;228;30.8;88.7;0.657
30/03/2005;10.00.00;1.0;647;196;1.6;383;396;1790;107;775;496;18.6;52.8;1.148
30/03/2005;11.00.00;4.5;1362;194;13.5;383;120;1932;194;1559;228;2.2;40.8;0.637
30/03/2005;12.00.00;1.5;647;7;5.6;383;369;1676;62;551;417;11.8;43.5;0.43
30/03/2005;13.00.00;0.3;647;167;1.9;383;95;2033;129;1047;228;25.9;24.5;0.501
30/03/2005;14.00.00;2.5;647;285;12.2;383;226;1884;135;1026;341;19.7;22.9;0.8
30/03/2005;15.00.00;1.5;647;215;3.8;383;235;1756;126;1110;289;7.4;45.8;1.539
30/03/2005;16.00.00;1.0;647;95;6.5;383;130;1888;110;932;228;38.3;52.6;1.58
30/03/2005;17.00.00;0.6;647;309;0.2;383;257;1846;153;1308;228;13.4;27.1;0.403
30/03/2005;18.00.00;6.0;1680;189;20.3;467;2;2022;53;551;228;16.1;33.7;0.619
30/03/2005;19.00.00;1.8;647;101;6.1;383;232;1733;126;1028;228;15.4;51.1;0.18
30/03/2005;20.00.00;0.1;647;427;0.1;383;314;1762;65;598;396;25.0;31.0;0.922
30/03/2005;21.00.00;4.2;1061;117;13.6;383;118;1851;85;710;228;16.2;64.3;0.716
30/03/2005;22.00.00;3.0;849;301;8.4;383;278;1782;125;1063;228;3.1;54.1;1.104
30/03/2005;23.00.00;1.1;647;144;5.3;383;269;1680;158;1213;228;3.1;41.5;0.63
31/03/2005;00.00.00;0.8;647;230;1.0;383;275;1708;47;551;373;13.3;51.5;1.363
31/03/2005;01.00.00;3.1;647;132;10.5;383;40;2135;192;1491;228;19.6;34.6;1.155
31/03/2005;02.00.00;1.8;647;100;7.3;383;260;1757;161;1455;388;13.9;34.8;0.916
31/03/2005;03.00.00;0.1;647;267;3.1;383;2;2087;115;936;228;22.8;73.8;0.653
31/03/2005;04.00.00;4.7;1156;256;16.8;383;149;1870;61;582;228;29.5;77.3;1.885
31/03/2005;05.00.00;1.5;647;326;6.1;383;245;1707;186;1455;244;8.0;41.7;0.996
31/03/2005;06.00.00;4.2;1266;214;12.3;383;277;1691;135;1064;228;19.6;49.2;0.878
31/03/2005;07.00.00;3.9;1044;428;11.0;383;60;1887;135;1060;228;14.0;41.8;1.09
31/03/2005;08.00.00;0.7;647;243;0.1;383;202;2009;80;551;279;11.8;68.2;0.216
31/03/2005;09.00.00;3.6;1004;271;9.0;383;367;1687;122;767;362;13.7;82.1;0.724
31/03/2005;10.00.00;1.2;647;88;4.0;383;96;1937;82;640;228;23.6;38.9;1.27
31/03/2005;11.00.00;0.1;647;159;0.1;383;2;2052;171;1219;228;18.7;27.9;1.334
31/03/2005;12.00.00;1.6;647;267;7.4;383;327;1778;172;1403;319;13.8;64.4;1.203
31/03/2005;13.00.00;2.7;661;209;7.5;383;101;1987;105;832;228;33.3;61.0;0.18
31/03/2005;14.00.00;1.5;647;235;5.0;383;148;1839;84;551;228;15.1;70.8;0.925
31/03/2005;15.00.00;1.7;647;140;5.0;383;265;1692;150;1165;392;20.8;52.7;0.649
31/03/2005;16.00.00;3.8;1053;229;9.2;383;257;1718;144;1152;414;17.2;13.9;1.184
31/03/2005;17.00.00;2.3;647;229;9.5;383;402;1555;57;569;456;5.7;28.8;1.057
31/03/2005;18.00.00;1.0;647;105;4.5;383;208;1791;99;755;245;15.6;80.0;1.316
31/03/2005;19.00.00;3.1;935;279;11.6;383;256;1496;218;1614;346;13.4;48.0;0.849
31/03/2005;20.00.00;2.4;747;56;9.0;383;2;2056;112;759;228;14.5;34.2;1.033
31/03/2005;21.00.00;0.1;647;235;0.1;383;342;1772;124;952;404;34.0;16.7;1.576
31/03/2005;22.00.00;2.7;787;385;7.3;383;140;1809;139;1034;228;13.0;57.2;1.617
31/03/2005;23.00.00;2.7;721;282;9.5;383;740;1297;86;672;875;18.7;50.1;1.396
01/04/2005;00.00.00;2.2;672;282;10.1;383;213;1951;149;1211;228;24.6;28.1;0.294
01/04/2005;01.00.00;3.4;942;132;11.6;383;310;1828;131;1092;392;11.9;33.1;0.816
01/04/2005;02.00.00;1.2;647;386;5.8;383;343;1704;167;1381;325;10.0;35.5;1.528
01/04/2005;03.00.00;2.6;746;348;7.3;383;232;1760;32;551;372;20.2;56.7;0.984
01/04/2005;04.00.00;0.1;647;137;2.5;383;312;1752;129;1090;533;18.2;77.8;0.72
01/04/2005;05.00.00;2.7;996;172;7.9;383;591;1411;123;862;651;22.0;43.1;1.062
01/04/2005;06.00.00;4.9;1314;337;16.1;504;130;1918;44;551;228;4.8;76.8;0.75
01/04/2005;07.00.00;0.8;647;388;1.7;383;2;1902;100;818;228;31.0;48.8;1.062
01/04/2005;08.00.00;1.1;647;97;5.3;383;46;1771;131;1065;228;18.5;35.1;1.065
01/04/2005;09.00.00;1.2;647;122;5.5;383;398;1616;115;840;617;26.2;72.5;0.769
01/04/2005;10.00.00;2.3;647;204;4.5;383;172;1780;111;820;228;37.4;57.1;1.081
01/04/2005;11.00.00;0.7;647;11;4.8;383;602;1662;112;950;733;16.9;71.8;0.817
01/04/2005;12.00.00;2.7;806;219;13.5;444;357;1848;90;691;391;11.0;55.4;0.799
01/04/2005;13.00.00;3.3;974;330;10.0;383;146;1793;209;1721;228;15.0;88.7;1.121
01/04/2005;14.00.00;2.9;786;81;9.0;383;126;1890;128;981;228;16.6;53.7;1.239
01/04/2005;15.00.00;0.1;647;230;2.8;383;177;1805;127;1251;228;19.4;57.7;1.017
01/04/2005;16.00.00;3.5;843;162;11.5;383;2;2145;49;551;228;28.3;36.8;0.568
01/04/2005;17.00.00;3.5;912;373;11.1;383;288;1623;97;878;228;18.1;65.3;0.621
01/04/2005;18.00.00;3.3;913;163;14.4;383;352;1755;87;890;498;28.2;46.7;1.517
01/04/2005;19.00.00;2.7;654;362;5.8;383;97;2023;111;980;228;27.4;60.9;0.909
01/04/2005;20.00.00;2.5;647;161;6.3;383;8;1949;97;752;228;19.2;73.6;0.729
01/04/2005;21.00.00;3.6;982;291;12.3;383;106;1916;83;659;228;5.5;50.1;1.79
01/04/2005;22.00.00;4.8;1411;241;12.3;383;398;1765;102;551;576;25.1;60.8;1.527
01/04/2005;23.00.00;0.8;647;204;1.9;383;368;1616;61;551;469;23.6;73.0;1.43
02/04/2005;00.00.00;3.7;980;142;10.9;383;278;1827;141;1131;330;16.2;32.2;1.003
02/04/2005;01.00.00;2.0;647;248;8.4;383;497;1478;151;1166;588;9.7;51.4;0.908
02/04/2005;02.00.00;2.0;647;176;7.7;383;2;1870;136;1005;228;17.5;21.4;0.913
02/04/2005;03.00.00;0.1;647;152;0.1;383;214;1896;154;1235;228;22.0;46.6;0.873
02/04/2005;04.00.00;1.8;647;357;4.2;383;331;1657;150;1158;511;8.3;65.0;1.178
02/04/2005;05.00.00;0.8;647;270;1.0;383;366;1720;51;551;615;8.4;17.8;1.344
02/04/2005;06.00.00;1.5;647;279;4.4;383;368;1610;184;1557;417;42.9;34.5;0.18
02/04/2005;07.00.00;0.6;647;180;0.1;383;356;1737;154;1134;531;8.9;27.6;0.631
02/04/2005;08.00.00;1.5;647;200;5.8;383;447;1508;21;551;490;12.3;63.4;0.752
02/04/2005;09.00.00;1.6;647;194;3.7;383;362;1813;76;631;343;30.9;57.5;0.323
02/04/2005;10.00.00;2.3;647;250;8.5;383;69;2009;53;551;228;10.2;68.8;1.082
02/04/2005;11.00.00;0.1;647;278;0.3;383;176;1810;133;1032;244;9.7;65.2;0.525
02/04/2005;12.00.00;0.1;647;215;0.1;383;2;1849;87;591;228;25.5;39.9;1.474
02/04/2005;13.00.00;2.7;714;142;11.3;383;398;1664;114;862;509;3.2;46.5;0.94
02/04/2005;14.00.00;1.0;647;290;6.1;383;428;1628;196;1566;534;13.9;42.6;1.041
02/04/2005;15.00.00;3.7;1024;221;12.3;383;59;1909;182;1537;228;23.3;73.6;1.317
02/04/2005;16.00.00;2.5;765;81;7.4;383;187;1933;67;600;228;30.1;58.2;1.123
02/04/2005;17.00.00;3.0;824;15;7.5;383;2;2095;134;1062;228;22.1;65.5;1.043
02/04/2005;18.00.00;4.1;1148;246;15.3;436;227;1852;200;1599;228;21.7;61.5;0.852
02/04/2005;19.00.00;1.7;647;139;7.1;383;119;2023;69;608;228;19.2;40.6;0.918
02/04/2005;20.00.00;1.3;647;258;2.7;383;67;1721;159;1360;228;28.4;33.5;0.717
02/04/2005;21.00.00;3.4;881;144;9.4;383;242;1781;104;865;228;28.4;57.5;1.369
02/04/2005;22.00.00;2.9;731;230;10.1;383;533;1544;67;565;741;21.5;74.1;1.202
02/04/2005;23.00.00;1.9;647;182;3.7;383;367;1773;185;1504;413;19.4;54.6;1.819
03/04/2005;00.00.00;4.1;1060;384;11.9;445;207;1808;92;761;289;10.2;28.8;1.208
03/04/2005;01.00.00;1.9;647;308;3.8;383;238;1853;105;868;233;11.7;58.6;1.067
03/04/2005;02.00.00;2.2;696;345;5.0;383;533;1534;95;687;606;2.7;40.2;1.11
03/04/2005;03.00.00;2.2;647;220;5.5;383;438;1595;163;1179;654;16.4;19.2;0.723
03/04/2005;04.00.00;0.8;647;296;4.5;383;198;1905;160;1211;228;9.0;76.4;1.481
03/04/2005;05.00.00;2.3;647;226;3.7;383;322;1741;77;581;345;11.6;35.0;0.936
03/04/2005;06.00.00;4.1;1065;357;14.0;383;93;1949;118;1001;228;27.5;70.9;0.18
03/04/2005;07.00.00;2.8;648;211;9.4;383;249;1700;130;1023;228;25.0;72.4;0.45
03/04/2005;08.00.00;2.2;719;85;9.0;383;362;1763;159;1294;360;12.9;55.9;0.931
03/04/2005;09.00.00;1.9;647;28;6.7;383;402;1592;83;676;547;14.8;34.5;0.395
03/04/2005;10.00.00;2.6;791;376;7.6;383;148;2018;179;1474;228;35.8;69.0;0.606
03/04/2005;11.00.00;3.2;815;263;8.6;383;399;1660;152;1182;491;11.3;35.3;1.315
03/04/2005;12.00.00;3.0;946;269;11.6;383;268;1751;67;551;349;23.6;48.2;1.34
03/04/2005;13.00.00;1.7;648;359;6.4;383;201;1909;136;958;282;30.4;44.9;1.251
03/04/2005;14.00.00;2.6;647;61;7.3;383;538;1565;136;1118;560;19.9;42.5;1.312
03/04/2005;15.00.00;2.8;703;183;10.8;383;190;1904;78;551;241;21.3;53.1;1.258
03/04/2005;16.00.00;0.7;647;195;1.5;383;76;1914;133;1080;228;4.4;20.4;1.3
03/04/2005;17.00.00;2.4;708;288;7.6;383;143;1942;113;976;228;14.7;37.4;1.152
03/04/2005;18.00.00;0.1;647;152;0.1;383;357;1708;39;551;497;19.5;33.6;1.233
03/04/2005;19.00.00;2.8;745;103;10.1;383;95;1993;2;551;228;29.5;58.3;1.655
03/04/2005;20.00.00;3.1;1019;103;7.8;383;372;1793;211;1656;489;13.6;61.0;0.905
